MANDT,BUKRS,BELNR,GJAHR,BUZEI,BUZID,AUGDT,AUGCP,AUGBL,BSCHL,KOART,UMSKZ,UMSKS,ZUMSK,SHKZG,GSBER,PARGB,MWSKZ,QSSKZ,DMBTR,WRBTR,KZBTR,PSWBT,PSWSL,TXBHW,TXBFW,MWSTS,WMWST,HWBAS,FWBAS,HWZUZ,FWZUZ,SHZUZ,STEKZ,MWART,TXGRP,KTOSL,QSSHB,KURSR,GBETR,BDIFF,BDIF2,VALUT,ZUONR,SGTXT,ZINKZ,VBUND,BEWAR,ALTKT,VORGN,FDLEV,FDGRP,FDWBT,FDTAG,FKONT,KOKRS,KOSTL,PROJN,AUFNR,VBELN,VBEL2,POSN2,ETEN2,ANLN1,ANLN2,ANBWA,BZDAT,PERNR,XUMSW,XHRES,XKRES,XOPVW,XCPDD,XSKST,XSAUF,XSPRO,XSERG,XFAKT,XUMAN,XANET,XSKRL,XINVE,XPANZ,XAUTO,XNCOP,XZAHL,SAKNR,HKONT,KUNNR,LIFNR,FILKD,XBILK,GVTYP,HZUON,ZFBDT,ZTERM,ZBD1T,ZBD2T,ZBD3T,ZBD1P,ZBD2P,SKFBT,SKNTO,WSKTO,ZLSCH,ZLSPR,ZBFIX,HBKID,BVTYP,NEBTR,MWSK1,DMBT1,WRBT1,MWSK2,DMBT2,WRBT2,MWSK3,DMBT3,WRBT3,REBZG,REBZJ,REBZZ,REBZT,ZOLLT,ZOLLD,LZBKZ,LANDL,DIEKZ,SAMNR,ABPER,VRSKZ,VRSDT,DISBN,DISBJ,DISBZ,WVERW,ANFBN,ANFBJ,ANFBU,ANFAE,BLNBT,BLNKZ,BLNPZ,MSCHL,MANSP,MADAT,MANST,MABER,ESRNR,ESRRE,ESRPZ,KLIBT,QSZNR,QBSHB,QSFBT,NAVHW,NAVFW,MATNR,WERKS,MENGE,MEINS,ERFMG,ERFME,BPMNG,BPRME,EBELN,EBELP,ZEKKN,ELIKZ,VPRSV,PEINH,BWKEY,BWTAR,BUSTW,REWRT,REWWR,BONFB,BUALT,PSALT,NPREI,TBTKZ,SPGRP,SPGRM,SPGRT,SPGRG,SPGRV,SPGRQ,STCEG,EGBLD,EGLLD,RSTGR,RYACQ,RPACQ,RDIFF,RDIF2,PRCTR,XHKOM,VNAME,RECID,EGRUP,VPTNR,VERTT,VERTN,VBEWA,DEPOT,TXJCD,IMKEY,DABRZ,POPTS,FIPOS,KSTRG,NPLNR,AUFPL,APLZL,PROJK,PAOBJNR,PASUBNR,SPGRS,SPGRC,BTYPE,ETYPE,XEGDR,LNRAN,HRKFT,DMBE2,DMBE3,DMB21,DMB22,DMB23,DMB31,DMB32,DMB33,MWST2,MWST3,NAVH2,NAVH3,SKNT2,SKNT3,BDIF3,RDIF3,HWMET,GLUPM,XRAGL,UZAWE,LOKKT,FISTL,GEBER,STBUK,TXBH2,TXBH3,PPRCT,XREF1,XREF2,KBLNR,KBLPOS,STTAX,FKBER,OBZEI,XNEGP,RFZEI,CCBTC,KKBER,EMPFB,XREF3,DTWS1,DTWS2,DTWS3,DTWS4,GRICD,GRIRG,GITYP,XPYPR,KIDNO,ABSBT,IDXSP,LINFV,KONTT,KONTL,TXDAT,AGZEI,PYCUR,PYAMT,BUPLA,SECCO,LSTAR,CESSION_KZ,PRZNR,PPDIFF,PPDIF2,PPDIF3,PENLC1,PENLC2,PENLC3,PENFC,PENDAYS,PENRC,GRANT_NBR,SCTAX,FKBER_LONG,GMVKZ,SRTYPE,INTRENO,MEASURE,AUGGJ,PPA_EX_IND,DOCLN,SEGMENT,PSEGMENT,PFKBER,HKTID,KSTAR,XLGCLR,TAXPS,PAYS_PROV,PAYS_TRAN,MNDID,XFRGE_BSEG,SQUAN,ACROBJTYPE,ACROBJ_ID,ACRSOBJ_ID,ACRITMTYPE,VALOBJTYPE,VALOBJ_ID,VALSOBJ_ID,RE_BUKRS,RE_ACCOUNT,PGEBER,PGRANT_NBR,BUDGET_PD,PBUDGET_PD,J_1TPBUPL,PEROP_BEG,PEROP_END,FASTPAY,IGNR_IVREF,FMFGUS_KEY,FMXDOCNR,FMXYEAR,FMXDOCLN,FMXZEKKN,PRODPER,GST_PART,PLC_SUP,HSN_SAC,IRN,RECRF,INWARD_NO,INWARD_DT,GROUND_NO,GROUND_DT,GROUND_TYP,PYMTKEY,OPERATION_FLAG,IS_DELETED,RECORDSTAMP,WAERS
100,C003,5105600151,2022,2,S,,,,81,S,,,,S,1.0,,P1,,300.0,300.0,,300.0,CAD,,,,,,,,,,,,1.0,KBS,,,,,,2022-04-24,450000003500010.0,,,,,,RMRP,,,,,,C001,,,,,6953.0,10.0,,,,,,,,,X,,,,,,,,,,,,,,,,,500010,,,,,X,,,,,,,,,,,,,,,,,,,,,,,,,,,,,,,,,,,,,,,,,,,,,,,,,,,,,,,,,,,,,,,,,C0000069,3000.0,3.0,EA,3.0,EA,3.0,EA,4500000035.0,10.0,1.0,,,,3000.0,,RE02,,,,,,,,,,,,,,,,,,,,,,CA01ELHC02,,,,,,,,,,CA00,,,,,,,,,,,,,,,,,,,238.07,,,,,,,,,,,,,,,,,,,,,,,,,,,,,,,,,,,,,,,,,,,,,,,,,,,,,,,,,,,,,,,,,,,,,,,,,,,,,,,,,,,,,,,,,,,,,+,,,,,,,,,,,,,,,,,,,,,,,,,,,,,,,,,,,,I,False,2022-04-26 14:35:07.788536+00:00,EUR
50,C003,5105600143,2022,2,S,,,,81,S,,,,S,1.0,,P1,,600.0,600.0,,600.0,CAD,,,,,,,,,,,,1.0,KBS,,,,,,2022-04-24,450000003400010.0,,,,,,RMRP,,,,,,C001,,,,,6953.0,10.0,,,,,,,,,X,,,,,,,,,,,,,,,,,500010,,,,,X,,,,,,,,,,,,,,,,,,,,,,,,,,,,,,,,,,,,,,,,,,,,,,,,,,,,,,,,,,,,,,,,,C0000016,3000.0,5.0,EA,5.0,EA,5.0,EA,4500000034.0,10.0,1.0,,,,3000.0,,RE02,,,,,,,,,,,,,,,,,,,,,,CA01PGPC01,,,,,,,,,,CA00,,,,,,,,,,,,,,,,,,,476.15,,,,,,,,,,,,,,,,,,,,,,,,,,,,,,,,,,,,,,,,,,,,,,,,,,,,,,,,,,,,,,,,,,,,,,,,,,,,,,,,,,,,,,,,,,,,,+,,,,,,,,,,,,,,,,,,,,,,,,,,,,,,,,,,,,I,False,2022-04-26 14:35:07.788536+00:00,USD
100,C003,5105600152,2022,2,S,,,,81,S,,,,S,1.0,,P1,,550.0,550.0,,550.0,CAD,,,,,,,,,,,,1.0,KBS,,,,,,2022-04-24,450000003600010.0,,,,,,RMRP,,,,,,C001,,,,,6954.0,10.0,,,,,,,,,X,,,,,,,,,,,,,,,,,500010,,,,,X,,,,,,,,,,,,,,,,,,,,,,,,,,,,,,,,,,,,,,,,,,,,,,,,,,,,,,,,,,,,,,,,,C0000017,3000.0,5.0,EA,5.0,EA,5.0,EA,4500000036.0,10.0,1.0,,,,3000.0,,RE02,,,,,,,,,,,,,,,,,,,,,,CA01PGPC02,,,,,,,,,,CA00,,,,,,,,,,,,,,,,,,,436.47,,,,,,,,,,,,,,,,,,,,,,,,,,,,,,,,,,,,,,,,,,,,,,,,,,,,,,,,,,,,,,,,,,,,,,,,,,,,,,,,,,,,,,,,,,,,,+,,,,,,,,,,,,,,,,,,,,,,,,,,,,,,,,,,,,I,False,2022-04-26 14:35:07.788536+00:00,EUR
100,C003,5105600153,2022,2,S,,,,81,S,,,,S,1.0,,P1,,360.0,360.0,,360.0,CAD,,,,,,,,,,,,1.0,KBS,,,,,,2022-04-25,450000003900010.0,,,,,,RMRP,,,,,,C001,,,,,6957.0,10.0,,,,,,,,,X,,,,,,,,,,,,,,,,,500010,,,,,X,,,,,,,,,,,,,,,,,,,,,,,,,,,,,,,,,,,,,,,,,,,,,,,,,,,,,,,,,,,,,,,,,C0000034,3000.0,3.0,EA,3.0,EA,3.0,EA,4500000039.0,10.0,1.0,,,,3000.0,,RE02,,,,,,,,,,,,,,,,,,,,,,CA01PSFD02,,,,,,,,,,CA00,,,,,,,,,,,,,,,,,,,285.69,,,,,,,,,,,,,,,,,,,,,,,,,,,,,,,,,,,,,,,,,,,,,,,,,,,,,,,,,,,,,,,,,,,,,,,,,,,,,,,,,,,,,,,,,,,,,+,,,,,,,,,,,,,,,,,,,,,,,,,,,,,,,,,,,,I,False,2022-04-26 14:35:07.788536+00:00,GBP
100,C003,5105600154,2022,2,S,,,,81,S,,,,S,1.0,,P1,,480.0,480.0,,480.0,CAD,,,,,,,,,,,,1.0,KBS,,,,,,2022-04-25,450000004000010.0,,,,,,RMRP,,,,,,C001,,,,,6958.0,10.0,,,,,,,,,X,,,,,,,,,,,,,,,,,500010,,,,,X,,,,,,,,,,,,,,,,,,,,,,,,,,,,,,,,,,,,,,,,,,,,,,,,,,,,,,,,,,,,,,,,,C0000034,3000.0,4.0,EA,4.0,EA,4.0,EA,4500000040.0,10.0,1.0,,,,3000.0,,RE02,,,,,,,,,,,,,,,,,,,,,,CA01PSFD02,,,,,,,,,,CA00,,,,,,,,,,,,,,,,,,,380.92,,,,,,,,,,,,,,,,,,,,,,,,,,,,,,,,,,,,,,,,,,,,,,,,,,,,,,,,,,,,,,,,,,,,,,,,,,,,,,,,,,,,,,,,,,,,,+,,,,,,,,,,,,,,,,,,,,,,,,,,,,,,,,,,,,I,False,2022-04-26 14:35:07.788536+00:00,EUR
100,C003,5105600155,2022,2,S,,,,81,S,,,,S,1.0,,P1,,600.0,600.0,,600.0,CAD,,,,,,,,,,,,1.0,KBS,,,,,,2022-04-25,450000003800010.0,,,,,,RMRP,,,,,,C001,,,,,6956.0,10.0,,,,,,,,,X,,,,,,,,,,,,,,,,,500010,,,,,X,,,,,,,,,,,,,,,,,,,,,,,,,,,,,,,,,,,,,,,,,,,,,,,,,,,,,,,,,,,,,,,,,C0000034,3000.0,5.0,EA,5.0,EA,5.0,EA,4500000038.0,10.0,1.0,,,,3000.0,,RE02,,,,,,,,,,,,,,,,,,,,,,CA01PSFD02,,,,,,,,,,CA00,,,,,,,,,,,,,,,,,,,476.15,,,,,,,,,,,,,,,,,,,,,,,,,,,,,,,,,,,,,,,,,,,,,,,,,,,,,,,,,,,,,,,,,,,,,,,,,,,,,,,,,,,,,,,,,,,,,+,,,,,,,,,,,,,,,,,,,,,,,,,,,,,,,,,,,,I,False,2022-04-26 14:35:07.788536+00:00,USD
100,C003,5105600156,2022,2,S,,,,81,S,,,,S,1.0,,P1,,420.0,420.0,,420.0,CAD,,,,,,,,,,,,1.0,KBS,,,,,,2022-04-25,450000003700010.0,,,,,,RMRP,,,,,,C001,,,,,6955.0,10.0,,,,,,,,,X,,,,,,,,,,,,,,,,,500010,,,,,X,,,,,,,,,,,,,,,,,,,,,,,,,,,,,,,,,,,,,,,,,,,,,,,,,,,,,,,,,,,,,,,,,C0000018,3000.0,4.0,EA,4.0,EA,4.0,EA,4500000037.0,10.0,1.0,,,,3000.0,,RE02,,,,,,,,,,,,,,,,,,,,,,CA01PGPC03,,,,,,,,,,CA00,,,,,,,,,,,,,,,,,,,333.31,,,,,,,,,,,,,,,,,,,,,,,,,,,,,,,,,,,,,,,,,,,,,,,,,,,,,,,,,,,,,,,,,,,,,,,,,,,,,,,,,,,,,,,,,,,,,+,,,,,,,,,,,,,,,,,,,,,,,,,,,,,,,,,,,,I,False,2022-04-26 14:35:07.788536+00:00,EUR
100,C003,5105600157,2022,2,S,,,,81,S,,,,S,1.0,,P1,,315.0,315.0,,315.0,CAD,,,,,,,,,,,,1.0,KBS,,,,,,2022-04-25,450000004100010.0,,,,,,RMRP,,,,,,C001,,,,,6959.0,10.0,,,,,,,,,X,,,,,,,,,,,,,,,,,500010,,,,,X,,,,,,,,,,,,,,,,,,,,,,,,,,,,,,,,,,,,,,,,,,,,,,,,,,,,,,,,,,,,,,,,,C0000039,3000.0,3.0,LB,3.0,LB,3.0,LB,4500000041.0,10.0,1.0,,,,3000.0,,RE02,,,,,,,,,,,,,,,,,,,,,,CA01PSFD07,,,,,,,,,,CA00,,,,,,,,,,,,,,,,,,,249.98,,,,,,,,,,,,,,,,,,,,,,,,,,,,,,,,,,,,,,,,,,,,,,,,,,,,,,,,,,,,,,,,,,,,,,,,,,,,,,,,,,,,,,,,,,,,,+,,,,,,,,,,,,,,,,,,,,,,,,,,,,,,,,,,,,I,False,2022-04-26 14:35:07.788536+00:00,EUR
100,C003,5105600158,2022,2,S,,,,81,S,,,,S,1.0,,P1,,400.0,400.0,,400.0,CAD,,,,,,,,,,,,1.0,KBS,,,,,,2022-04-25,450000004200010.0,,,,,,RMRP,,,,,,C001,,,,,6960.0,10.0,,,,,,,,,X,,,,,,,,,,,,,,,,,500010,,,,,X,,,,,,,,,,,,,,,,,,,,,,,,,,,,,,,,,,,,,,,,,,,,,,,,,,,,,,,,,,,,,,,,,C0000040,3000.0,4.0,LB,4.0,LB,4.0,LB,4500000042.0,10.0,1.0,,,,3000.0,,RE02,,,,,,,,,,,,,,,,,,,,,,CA01PSFD08,,,,,,,,,,CA00,,,,,,,,,,,,,,,,,,,317.43,,,,,,,,,,,,,,,,,,,,,,,,,,,,,,,,,,,,,,,,,,,,,,,,,,,,,,,,,,,,,,,,,,,,,,,,,,,,,,,,,,,,,,,,,,,,,+,,,,,,,,,,,,,,,,,,,,,,,,,,,,,,,,,,,,I,False,2022-04-26 14:35:07.788536+00:00,EUR
100,C004,5105600159,2022,2,S,,,,81,S,,,,S,1.0,,V1,,480.0,480.0,,480.0,EUR,,,,,,,,,,,,1.0,KBS,,,,,,2022-04-25,450000004400010.0,,,,,,RMRP,,,,,,C001,,,,,6962.0,10.0,,,,,,,,,X,,,,,,,,,,,,,,,,,500010,,,,,X,,,,,,,,,,,,,,,,,,,,,,,,,,,,,,,,,,,,,,,,,,,,,,,,,,,,,,,,,,,,,,,,,C0000016,4000.0,4.0,EA,4.0,EA,4.0,EA,4500000044.0,10.0,1.0,,,,4000.0,,RE02,,,,,,,,,,,,,,,,,,,,,,EU01PGPC01,,,,,,,,,,,,,,,,,,,,,,,,,,,,,532.07,,,,,,,,,,,,,,,,,,,,,,,,,,,,,,,,,,,,,,,,,,,,,,,,,,,,,,,,,,,,,,,,,,,,,,,,,,,,,,,,,,,,,,,,,,,,,+,,,,,,,,,,,,,,,,,,,,,,,,,,,,,,,,,,,,I,False,2022-04-26 14:35:07.788536+00:00,USD
100,C004,5105600160,2022,2,S,,,,81,S,,,,S,1.0,,V1,,600.0,600.0,,600.0,EUR,,,,,,,,,,,,1.0,KBS,,,,,,2022-04-25,450000004500010.0,,,,,,RMRP,,,,,,C001,,,,,6963.0,10.0,,,,,,,,,X,,,,,,,,,,,,,,,,,500010,,,,,X,,,,,,,,,,,,,,,,,,,,,,,,,,,,,,,,,,,,,,,,,,,,,,,,,,,,,,,,,,,,,,,,,C0000017,4000.0,5.0,EA,5.0,EA,5.0,EA,4500000045.0,10.0,1.0,,,,4000.0,,RE02,,,,,,,,,,,,,,,,,,,,,,EU01PGPC02,,,,,,,,,,,,,,,,,,,,,,,,,,,,,665.08,,,,,,,,,,,,,,,,,,,,,,,,,,,,,,,,,,,,,,,,,,,,,,,,,,,,,,,,,,,,,,,,,,,,,,,,,,,,,,,,,,,,,,,,,,,,,+,,,,,,,,,,,,,,,,,,,,,,,,,,,,,,,,,,,,I,False,2022-04-26 14:35:07.788536+00:00,EUR
50,C001,5105600101,2022,2,S,,,,81,S,,,,S,1.0,,I1,,15.0,15.0,,15.0,USD,,,,,,,,,,,,1.0,KBS,,,,,,2022-01-23,,,,,,,RMRP,,,,,,C001,,,,,63.0,10.0,,,,,,,,,X,,,,,,,,,,,,,,,,,500010,,,,,X,,,,,,,,,,,,,,,,,,,,,,,,,,,,,,,,,,,,,,,,,,,,,,,,,,,,,,,,,,,,,,,,,C0000003,1000.0,3.0,EA,3.0,EA,3.0,EA,4500000002.0,10.0,1.0,,,,1000.0,,RE02,,,,,,,,,,,,,,,,,,,,,,US01PGHP03,,,,,,,,,,CA0000000,,,,,,,,,,,,,,,,,,,,,,,,,,,,,,,,,,,,,,,,,,,,,,,,,,,,,,,,,,,,,,,,,,,,,,,,,,,,,,,,,,,,,,,,,,,,,,,,,,,,,,,,,,,,,,,,+,,,,,,,,,,,,,,,,,,,,,,,,,,,,,,,,,,,,L,False,2022-01-31 20:41:47.268774+00:00,USD
50,C001,5105600102,2022,2,S,,,,81,S,,,,S,1.0,,I1,,150.0,150.0,,150.0,USD,,,,,,,,,,,,1.0,KBS,,,,,,2022-01-23,,,,,,,RMRP,,,,,,C001,,,,,64.0,10.0,,,,,,,,,X,,,,,,,,,,,,,,,,,500010,,,,,X,,,,,,,,,,,,,,,,,,,,,,,,,,,,,,,,,,,,,,,,,,,,,,,,,,,,,,,,,,,,,,,,,C0000033,1000.0,3.0,EA,3.0,EA,3.0,EA,4500000003.0,10.0,1.0,,,,1000.0,,RE02,,,,,,,,,,,,,,,,,,,,,,US01PSFD01,,,,,,,,,,CA0000000,,,,,,,,,,,,,,,,,,,,,,,,,,,,,,,,,,,,,,,,,,,,,,,,,,,,,,,,,,,,,,,,,,,,,,,,,,,,,,,,,,,,,,,,,,,,,,,,,,,,,,,,,,,,,,,,+,,,,,,,,,,,,,,,,,,,,,,,,,,,,,,,,,,,,L,False,2022-01-31 20:41:47.268774+00:00,EUR
50,C001,5105600103,2022,2,S,,,,81,S,,,,S,1.0,,I1,,1200.0,1200.0,,1200.0,USD,,,,,,,,,,,,1.0,KBS,,,,,,2022-01-23,,,,,,,RMRP,,,,,,C001,,,,,65.0,10.0,,,,,,,,,X,,,,,,,,,,,,,,,,,500010,,,,,X,,,,,,,,,,,,,,,,,,,,,,,,,,,,,,,,,,,,,,,,,,,,,,,,,,,,,,,,,,,,,,,,,C0000076,1000.0,3.0,EA,3.0,EA,3.0,EA,4500000004.0,10.0,1.0,,,,1000.0,,RE02,,,,,,,,,,,,,,,,,,,,,,US01ELHC09,,,,,,,,,,CA0000000,,,,,,,,,,,,,,,,,,,,,,,,,,,,,,,,,,,,,,,,,,,,,,,,,,,,,,,,,,,,,,,,,,,,,,,,,,,,,,,,,,,,,,,,,,,,,,,,,,,,,,,,,,,,,,,,+,,,,,,,,,,,,,,,,,,,,,,,,,,,,,,,,,,,,L,False,2022-01-31 20:41:47.268774+00:00,GBP
50,C001,5105600104,2022,2,S,,,,81,S,,,,S,1.0,,I1,,100.0,100.0,,100.0,USD,,,,,,,,,,,,1.0,KBS,,,,,,2022-01-24,,,,,,,RMRP,,,,,,C001,,,,,67.0,10.0,,,,,,,,,X,,,,,,,,,,,,,,,,,500010,,,,,X,,,,,,,,,,,,,,,,,,,,,,,,,,,,,,,,,,,,,,,,,,,,,,,,,,,,,,,,,,,,,,,,,C0000076,1000.0,1.0,EA,1.0,EA,1.0,EA,4500000005.0,10.0,1.0,,,,1000.0,,RE02,,,,,,,,,,,,,,,,,,,,,,US01ELHC09,,,,,,,,,,CA0000000,,,,,,,,,,,,,,,,,,,,,,,,,,,,,,,,,,,,,,,,,,,,,,,,,,,,,,,,,,,,,,,,,,,,,,,,,,,,,,,,,,,,,,,,,,,,,,,,,,,,,,,,,,,,,,,,+,,,,,,,,,,,,,,,,,,,,,,,,,,,,,,,,,,,,L,False,2022-01-31 20:41:47.268774+00:00,EUR
50,C001,5105600131,2022,2,S,,,,81,S,,,,S,1.0,,I1,,500.0,500.0,,500.0,USD,,,,,,,,,,,,1.0,KBS,,,,,,2022-02-23,450000001800010.0,,,,,,RMRP,,,,,,C001,,,,,174.0,10.0,,,,,,,,,X,,,,,,,,,,,,,,,,,500010,,,,,X,,,,,,,,,,,,,,,,,,,,,,,,,,,,,,,,,,,,,,,,,,,,,,,,,,,,,,,,,,,,,,,,,C0000076,1000.0,5.0,EA,5.0,EA,5.0,EA,4500000018.0,10.0,1.0,,,,1000.0,,RE02,,,,,,,,,,,,,,,,,,,,,,US01PURCH,,,,,,,,,,CA0000000,,,,,,,,,,,,,,,,,,,500.0,,,,,,,,,,,,,,,,,,,,,,,,,,,,,,,,,,,,,,,,,,,,,,,,,,,,,,,,,,,,,,,,,,,,,,,,,,,,,,,,,,,,,,,,,,,,,+,,,,,,,,,,,,,,,,,,,,,,,,,,,,,,,,,,,,I,False,2022-02-24 03:08:43.914368+00:00,USD
50,C001,5105600132,2022,2,S,,,,81,S,,,,S,1.0,,I1,,250.0,250.0,,250.0,USD,,,,,,,,,,,,1.0,KBS,,,,,,2022-03-14,450000001900010.0,,,,,,RMRP,,,,,,C001,,,,,863.0,10.0,,,,,,,,,X,,,,,,,,,,,,,,,,,500010,,,,,X,,,,,,,,,,,,,,,,,,,,,,,,,,,,,,,,,,,,,,,,,,,,,,,,,,,,,,,,,,,,,,,,,C0000002,1000.0,5.0,EA,5.0,EA,5.0,EA,4500000019.0,10.0,1.0,,,,1000.0,,RE02,,,,,,,,,,,,,,,,,,,,,,US01PGHP02,,,,,,,,,,CA0000000,,,,,,,,,,,,,,,,,,,250.0,,,,,,,,,,,,,,,,,,,,,,,,,,,,,,,,,,,,,,,,,,,,,,,,,,,,,,,,,,,,,,,,,,,,,,,,,,,,,,,,,,,,,,,,,,,,,+,,,,,,,,,,,,,,,,,,,,,,,,,,,,,,,,,,,,I,False,2022-03-17 18:12:54.915508+00:00,EUR
50,C001,5105600133,2022,2,S,,,,81,S,,,,S,1.0,,I1,,225.0,225.0,,225.0,USD,,,,,,,,,,,,1.0,KBS,,,,,,2022-03-18,450000002100010.0,,,,,,RMRP,,,,,,C001,,,,,1764.0,10.0,,,,,,,,,X,,,,,,,,,,,,,,,,,500010,,,,,X,,,,,,,,,,,,,,,,,,,,,,,,,,,,,,,,,,,,,,,,,,,,,,,,,,,,,,,,,,,,,,,,,C0000001,1000.0,5.0,EA,5.0,EA,5.0,EA,4500000021.0,10.0,1.0,,,,1000.0,,RE02,,,,,,,,,,,,,,,,,,,,,,US01PGHP01,,,,,,,,,,CA0000000,,,,,,,,,,,,,,,,,,,225.0,,,,,,,,,,,,,,,,,,,,,,,,,,,,,,,,,,,,,,,,,,,,,,,,,,,,,,,,,,,,,,,,,,,,,,,,,,,,,,,,,,,,,,,,,,,,,+,,,,,,,,,,,,,,,,,,,,,,,,,,,,,,,,,,,,I,False,2022-03-18 13:26:04.037125+00:00,EUR
50,C001,5105600134,2022,2,S,,,,81,S,,,,S,1.0,,I1,,250.0,250.0,,250.0,USD,,,,,,,,,,,,1.0,KBS,,,,,,2022-03-18,450000002200010.0,,,,,,RMRP,,,,,,C001,,,,,1765.0,10.0,,,,,,,,,X,,,,,,,,,,,,,,,,,500010,,,,,X,,,,,,,,,,,,,,,,,,,,,,,,,,,,,,,,,,,,,,,,,,,,,,,,,,,,,,,,,,,,,,,,,C0000002,1000.0,5.0,EA,5.0,EA,5.0,EA,4500000022.0,10.0,1.0,,,,1000.0,,RE02,,,,,,,,,,,,,,,,,,,,,,US01PGHP02,,,,,,,,,,CA0000000,,,,,,,,,,,,,,,,,,,250.0,,,,,,,,,,,,,,,,,,,,,,,,,,,,,,,,,,,,,,,,,,,,,,,,,,,,,,,,,,,,,,,,,,,,,,,,,,,,,,,,,,,,,,,,,,,,,+,,,,,,,,,,,,,,,,,,,,,,,,,,,,,,,,,,,,I,False,2022-03-18 13:38:19.517223+00:00,EUR
50,C001,5105600135,2022,2,S,,,,81,S,,,,S,1.0,,I1,,1500.0,1500.0,,1500.0,USD,,,,,,,,,,,,1.0,KBS,,,,,,2022-03-18,450000002500010.0,,,,,,RMRP,,,,,,C001,,,,,1769.0,10.0,,,,,,,,,X,,,,,,,,,,,,,,,,,500010,,,,,X,,,,,,,,,,,,,,,,,,,,,,,,,,,,,,,,,,,,,,,,,,,,,,,,,,,,,,,,,,,,,,,,,C0000059,1000.0,5.0,EA,5.0,EA,5.0,EA,4500000025.0,10.0,1.0,,,,1000.0,,RE02,,,,,,,,,,,,,,,,,,,,,,US01ELHE01,,,,,,,,,,CA0000000,,,,,,,,,,,,,,,,,,,1500.0,,,,,,,,,,,,,,,,,,,,,,,,,,,,,,,,,,,,,,,,,,,,,,,,,,,,,,,,,,,,,,,,,,,,,,,,,,,,,,,,,,,,,,,,,,,,,+,,,,,,,,,,,,,,,,,,,,,,,,,,,,,,,,,,,,I,False,2022-03-18 15:14:47.973551+00:00,USD
50,C001,5105600137,2022,2,S,,,,81,S,,,,S,1.0,,I1,,1500.0,1500.0,,1500.0,USD,,,,,,,,,,,,1.0,KBS,,,,,,2022-03-18,450000002700010.0,,,,,,RMRP,,,,,,C001,,,,,1827.0,10.0,,,,,,,,,X,,,,,,,,,,,,,,,,,500010,,,,,X,,,,,,,,,,,,,,,,,,,,,,,,,,,,,,,,,,,,,,,,,,,,,,,,,,,,,,,,,,,,,,,,,C0000068,1000.0,5.0,EA,5.0,EA,5.0,EA,4500000027.0,10.0,1.0,,,,1000.0,,RE02,,,,,,,,,,,,,,,,,,,,,,US01ELHC01,,,,,,,,,,CA0000000,,,,,,,,,,,,,,,,,,,1500.0,,,,,,,,,,,,,,,,,,,,,,,,,,,,,,,,,,,,,,,,,,,,,,,,,,,,,,,,,,,,,,,,,,,,,,,,,,,,,,,,,,,,,,,,,,,,,+,,,,,,,,,,,,,,,,,,,,,,,,,,,,,,,,,,,,I,False,2022-03-19 03:07:37.634619+00:00,EUR
50,C001,5105600138,2022,2,S,,,,81,S,,,,S,1.0,,I1,,1500.0,1500.0,,1500.0,USD,,,,,,,,,,,,1.0,KBS,,,,,,2022-03-18,450000002800010.0,,,,,,RMRP,,,,,,C001,,,,,1828.0,10.0,,,,,,,,,X,,,,,,,,,,,,,,,,,500010,,,,,X,,,,,,,,,,,,,,,,,,,,,,,,,,,,,,,,,,,,,,,,,,,,,,,,,,,,,,,,,,,,,,,,,C0000069,1000.0,5.0,EA,5.0,EA,5.0,EA,4500000028.0,10.0,1.0,,,,1000.0,,RE02,,,,,,,,,,,,,,,,,,,,,,US01ELHC02,,,,,,,,,,CA0000000,,,,,,,,,,,,,,,,,,,1500.0,,,,,,,,,,,,,,,,,,,,,,,,,,,,,,,,,,,,,,,,,,,,,,,,,,,,,,,,,,,,,,,,,,,,,,,,,,,,,,,,,,,,,,,,,,,,,+,,,,,,,,,,,,,,,,,,,,,,,,,,,,,,,,,,,,I,False,2022-03-19 03:28:44.746734+00:00,USD
50,C001,5105600139,2022,2,S,,,,81,S,,,,S,1.0,,I1,,1500.0,1500.0,,1500.0,USD,,,,,,,,,,,,1.0,KBS,,,,,,2022-03-18,450000002900010.0,,,,,,RMRP,,,,,,C001,,,,,1829.0,10.0,,,,,,,,,X,,,,,,,,,,,,,,,,,500010,,,,,X,,,,,,,,,,,,,,,,,,,,,,,,,,,,,,,,,,,,,,,,,,,,,,,,,,,,,,,,,,,,,,,,,C0000070,1000.0,5.0,EA,5.0,EA,5.0,EA,4500000029.0,10.0,1.0,,,,1000.0,,RE02,,,,,,,,,,,,,,,,,,,,,,US01ELHC03,,,,,,,,,,CA0000000,,,,,,,,,,,,,,,,,,,1500.0,,,,,,,,,,,,,,,,,,,,,,,,,,,,,,,,,,,,,,,,,,,,,,,,,,,,,,,,,,,,,,,,,,,,,,,,,,,,,,,,,,,,,,,,,,,,,+,,,,,,,,,,,,,,,,,,,,,,,,,,,,,,,,,,,,I,False,2022-03-19 03:35:29.384034+00:00,EUR
50,C001,5105600136,2022,2,S,,,,81,S,,,,S,1.0,,I1,,1500.0,1500.0,,1500.0,USD,,,,,,,,,,,,1.0,KBS,,,,,,2022-03-18,450000002600010.0,,,,,,RMRP,,,,,,C001,,,,,1773.0,10.0,,,,,,,,,X,,,,,,,,,,,,,,,,,500010,,,,,X,,,,,,,,,,,,,,,,,,,,,,,,,,,,,,,,,,,,,,,,,,,,,,,,,,,,,,,,,,,,,,,,,C0000060,1000.0,5.0,EA,5.0,EA,5.0,EA,4500000026.0,10.0,1.0,,,,1000.0,,RE02,,,,,,,,,,,,,,,,,,,,,,US01ELHE02,,,,,,,,,,CA0000000,,,,,,,,,,,,,,,,,,,1500.0,,,,,,,,,,,,,,,,,,,,,,,,,,,,,,,,,,,,,,,,,,,,,,,,,,,,,,,,,,,,,,,,,,,,,,,,,,,,,,,,,,,,,,,,,,,,,+,,,,,,,,,,,,,,,,,,,,,,,,,,,,,,,,,,,,I,False,2022-03-18 17:12:05.636450+00:00,GBP
50,C001,5105600140,2022,2,S,,,,81,S,,,,S,1.0,,I1,,500.0,500.0,,500.0,USD,,,,,,,,,,,,1.0,KBS,,,,,,2022-04-12,450000003000010.0,,,,,,RMRP,,,,,,C001,,,,,6590.0,10.0,,,,,,,,,X,,,,,,,,,,,,,,,,,500010,,,,,X,,,,,,,,,,,,,,,,,,,,,,,,,,,,,,,,,,,,,,,,,,,,,,,,,,,,,,,,,,,,,,,,,C0000016,1000.0,5.0,EA,5.0,EA,5.0,EA,4500000030.0,10.0,1.0,,,,1000.0,,RE02,,,,,,,,,,,,,,,,,,,,,,US01PGPC01,,,,,,,,,,CA0000000,,,,,,,,,,,,,,,,,,,500.0,,,,,,,,,,,,,,,,,,,,,,,,,,,,,,,,,,,,,,,,,,,,,,,,,,,,,,,,,,,,,,,,,,,,,,,,,,,,,,,,,,,,,,,,,,,,,+,,,,,,,,,,,,,,,,,,,,,,,,,,,,,,,,,,,,I,False,2022-04-13 05:51:54.533790+00:00,EUR
50,C001,5105600141,2022,2,S,,,,81,S,,,,S,1.0,,I1,,1000.0,1000.0,,1000.0,USD,,,,,,,,,,,,1.0,KBS,,,,,,2022-04-12,450000003100010.0,,,,,,RMRP,,,,,,C001,,,,,6591.0,10.0,,,,,,,,,X,,,,,,,,,,,,,,,,,500010,,,,,X,,,,,,,,,,,,,,,,,,,,,,,,,,,,,,,,,,,,,,,,,,,,,,,,,,,,,,,,,,,,,,,,,C0000034,1000.0,10.0,EA,10.0,EA,10.0,EA,4500000031.0,10.0,1.0,,,,1000.0,,RE02,,,,,,,,,,,,,,,,,,,,,,US01PSFD02,,,,,,,,,,CA0000000,,,,,,,,,,,,,,,,,,,1000.0,,,,,,,,,,,,,,,,,,,,,,,,,,,,,,,,,,,,,,,,,,,,,,,,,,,,,,,,,,,,,,,,,,,,,,,,,,,,,,,,,,,,,,,,,,,,,+,,,,,,,,,,,,,,,,,,,,,,,,,,,,,,,,,,,,I,False,2022-04-13 06:14:39.763577+00:00,USD
50,C001,5105600142,2022,2,S,,,,81,S,,,,S,1.0,,I1,,600.0,600.0,,600.0,USD,,,,,,,,,,,,1.0,KBS,,,,,,2022-04-12,450000003200010.0,,,,,,RMRP,,,,,,C001,,,,,6592.0,10.0,,,,,,,,,X,,,,,,,,,,,,,,,,,500010,,,,,X,,,,,,,,,,,,,,,,,,,,,,,,,,,,,,,,,,,,,,,,,,,,,,,,,,,,,,,,,,,,,,,,,C0000044,1000.0,6.0,EA,6.0,EA,6.0,EA,4500000032.0,10.0,1.0,,,,1000.0,,RE02,,,,,,,,,,,,,,,,,,,,,,US01PSBV01,,,,,,,,,,CA0000000,,,,,,,,,,,,,,,,,,,600.0,,,,,,,,,,,,,,,,,,,,,,,,,,,,,,,,,,,,,,,,,,,,,,,,,,,,,,,,,,,,,,,,,,,,,,,,,,,,,,,,,,,,,,,,,,,,,+,,,,,,,,,,,,,,,,,,,,,,,,,,,,,,,,,,,,I,False,2022-04-13 06:28:29.132310+00:00,EUR
100,C001,5105600101,2022,2,S,,,,81,S,,,,S,1.0,,I1,,15.0,15.0,,15.0,USD,,,,,,,,,,,,1.0,KBS,,,,,,2022-01-23,,,,,,,RMRP,,,,,,C001,,,,,63.0,10.0,,,,,,,,,X,,,,,,,,,,,,,,,,,500010,,,,,X,,,,,,,,,,,,,,,,,,,,,,,,,,,,,,,,,,,,,,,,,,,,,,,,,,,,,,,,,,,,,,,,,C0000003,1000.0,3.0,EA,3.0,EA,3.0,EA,4500000002.0,10.0,1.0,,,,1000.0,,RE02,,,,,,,,,,,,,,,,,,,,,,US01PGHP03,,,,,,,,,,CA0000000,,,,,,,,,,,,,,,,,,,,,,,,,,,,,,,,,,,,,,,,,,,,,,,,,,,,,,,,,,,,,,,,,,,,,,,,,,,,,,,,,,,,,,,,,,,,,,,,,,,,,,,,,,,,,,,,+,,,,,,,,,,,,,,,,,,,,,,,,,,,,,,,,,,,,I,False,2022-04-21 14:41:46.305660+00:00,EUR
100,C001,5105600102,2022,2,S,,,,81,S,,,,S,1.0,,I1,,150.0,150.0,,150.0,USD,,,,,,,,,,,,1.0,KBS,,,,,,2022-01-23,,,,,,,RMRP,,,,,,C001,,,,,64.0,10.0,,,,,,,,,X,,,,,,,,,,,,,,,,,500010,,,,,X,,,,,,,,,,,,,,,,,,,,,,,,,,,,,,,,,,,,,,,,,,,,,,,,,,,,,,,,,,,,,,,,,C0000033,1000.0,3.0,EA,3.0,EA,3.0,EA,4500000003.0,10.0,1.0,,,,1000.0,,RE02,,,,,,,,,,,,,,,,,,,,,,US01PSFD01,,,,,,,,,,CA0000000,,,,,,,,,,,,,,,,,,,,,,,,,,,,,,,,,,,,,,,,,,,,,,,,,,,,,,,,,,,,,,,,,,,,,,,,,,,,,,,,,,,,,,,,,,,,,,,,,,,,,,,,,,,,,,,,+,,,,,,,,,,,,,,,,,,,,,,,,,,,,,,,,,,,,I,False,2022-04-21 14:41:46.305660+00:00,EUR
100,C001,5105600103,2022,2,S,,,,81,S,,,,S,1.0,,I1,,1200.0,1200.0,,1200.0,USD,,,,,,,,,,,,1.0,KBS,,,,,,2022-01-23,,,,,,,RMRP,,,,,,C001,,,,,65.0,10.0,,,,,,,,,X,,,,,,,,,,,,,,,,,500010,,,,,X,,,,,,,,,,,,,,,,,,,,,,,,,,,,,,,,,,,,,,,,,,,,,,,,,,,,,,,,,,,,,,,,,C0000076,1000.0,3.0,EA,3.0,EA,3.0,EA,4500000004.0,10.0,1.0,,,,1000.0,,RE02,,,,,,,,,,,,,,,,,,,,,,US01ELHC09,,,,,,,,,,CA0000000,,,,,,,,,,,,,,,,,,,,,,,,,,,,,,,,,,,,,,,,,,,,,,,,,,,,,,,,,,,,,,,,,,,,,,,,,,,,,,,,,,,,,,,,,,,,,,,,,,,,,,,,,,,,,,,,+,,,,,,,,,,,,,,,,,,,,,,,,,,,,,,,,,,,,I,False,2022-04-21 14:41:46.305660+00:00,USD
100,C001,5105600104,2022,2,S,,,,81,S,,,,S,1.0,,I1,,100.0,100.0,,100.0,USD,,,,,,,,,,,,1.0,KBS,,,,,,2022-01-24,,,,,,,RMRP,,,,,,C001,,,,,67.0,10.0,,,,,,,,,X,,,,,,,,,,,,,,,,,500010,,,,,X,,,,,,,,,,,,,,,,,,,,,,,,,,,,,,,,,,,,,,,,,,,,,,,,,,,,,,,,,,,,,,,,,C0000076,1000.0,1.0,EA,1.0,EA,1.0,EA,4500000005.0,10.0,1.0,,,,1000.0,,RE02,,,,,,,,,,,,,,,,,,,,,,US01ELHC09,,,,,,,,,,CA0000000,,,,,,,,,,,,,,,,,,,,,,,,,,,,,,,,,,,,,,,,,,,,,,,,,,,,,,,,,,,,,,,,,,,,,,,,,,,,,,,,,,,,,,,,,,,,,,,,,,,,,,,,,,,,,,,,+,,,,,,,,,,,,,,,,,,,,,,,,,,,,,,,,,,,,I,False,2022-04-21 14:41:46.305660+00:00,EUR
100,C001,5105600131,2022,2,S,,,,81,S,,,,S,1.0,,I1,,500.0,500.0,,500.0,USD,,,,,,,,,,,,1.0,KBS,,,,,,2022-02-23,450000001800010.0,,,,,,RMRP,,,,,,C001,,,,,174.0,10.0,,,,,,,,,X,,,,,,,,,,,,,,,,,500010,,,,,X,,,,,,,,,,,,,,,,,,,,,,,,,,,,,,,,,,,,,,,,,,,,,,,,,,,,,,,,,,,,,,,,,C0000076,1000.0,5.0,EA,5.0,EA,5.0,EA,4500000018.0,10.0,1.0,,,,1000.0,,RE02,,,,,,,,,,,,,,,,,,,,,,US01PURCH,,,,,,,,,,CA0000000,,,,,,,,,,,,,,,,,,,500.0,,,,,,,,,,,,,,,,,,,,,,,,,,,,,,,,,,,,,,,,,,,,,,,,,,,,,,,,,,,,,,,,,,,,,,,,,,,,,,,,,,,,,,,,,,,,,+,,,,,,,,,,,,,,,,,,,,,,,,,,,,,,,,,,,,I,False,2022-04-21 14:41:46.305660+00:00,USD
100,C001,5105600132,2022,2,S,,,,81,S,,,,S,1.0,,I1,,250.0,250.0,,250.0,USD,,,,,,,,,,,,1.0,KBS,,,,,,2022-03-14,450000001900010.0,,,,,,RMRP,,,,,,C001,,,,,863.0,10.0,,,,,,,,,X,,,,,,,,,,,,,,,,,500010,,,,,X,,,,,,,,,,,,,,,,,,,,,,,,,,,,,,,,,,,,,,,,,,,,,,,,,,,,,,,,,,,,,,,,,C0000002,1000.0,5.0,EA,5.0,EA,5.0,EA,4500000019.0,10.0,1.0,,,,1000.0,,RE02,,,,,,,,,,,,,,,,,,,,,,US01PGHP02,,,,,,,,,,CA0000000,,,,,,,,,,,,,,,,,,,250.0,,,,,,,,,,,,,,,,,,,,,,,,,,,,,,,,,,,,,,,,,,,,,,,,,,,,,,,,,,,,,,,,,,,,,,,,,,,,,,,,,,,,,,,,,,,,,+,,,,,,,,,,,,,,,,,,,,,,,,,,,,,,,,,,,,I,False,2022-04-21 14:41:46.305660+00:00,EUR
100,C001,5105600133,2022,2,S,,,,81,S,,,,S,1.0,,I1,,225.0,225.0,,225.0,USD,,,,,,,,,,,,1.0,KBS,,,,,,2022-03-18,450000002100010.0,,,,,,RMRP,,,,,,C001,,,,,1764.0,10.0,,,,,,,,,X,,,,,,,,,,,,,,,,,500010,,,,,X,,,,,,,,,,,,,,,,,,,,,,,,,,,,,,,,,,,,,,,,,,,,,,,,,,,,,,,,,,,,,,,,,C0000001,1000.0,5.0,EA,5.0,EA,5.0,EA,4500000021.0,10.0,1.0,,,,1000.0,,RE02,,,,,,,,,,,,,,,,,,,,,,US01PGHP01,,,,,,,,,,CA0000000,,,,,,,,,,,,,,,,,,,225.0,,,,,,,,,,,,,,,,,,,,,,,,,,,,,,,,,,,,,,,,,,,,,,,,,,,,,,,,,,,,,,,,,,,,,,,,,,,,,,,,,,,,,,,,,,,,,+,,,,,,,,,,,,,,,,,,,,,,,,,,,,,,,,,,,,I,False,2022-04-21 14:41:46.305660+00:00,GBP
100,C001,5105600134,2022,2,S,,,,81,S,,,,S,1.0,,I1,,250.0,250.0,,250.0,USD,,,,,,,,,,,,1.0,KBS,,,,,,2022-03-18,450000002200010.0,,,,,,RMRP,,,,,,C001,,,,,1765.0,10.0,,,,,,,,,X,,,,,,,,,,,,,,,,,500010,,,,,X,,,,,,,,,,,,,,,,,,,,,,,,,,,,,,,,,,,,,,,,,,,,,,,,,,,,,,,,,,,,,,,,,C0000002,1000.0,5.0,EA,5.0,EA,5.0,EA,4500000022.0,10.0,1.0,,,,1000.0,,RE02,,,,,,,,,,,,,,,,,,,,,,US01PGHP02,,,,,,,,,,CA0000000,,,,,,,,,,,,,,,,,,,250.0,,,,,,,,,,,,,,,,,,,,,,,,,,,,,,,,,,,,,,,,,,,,,,,,,,,,,,,,,,,,,,,,,,,,,,,,,,,,,,,,,,,,,,,,,,,,,+,,,,,,,,,,,,,,,,,,,,,,,,,,,,,,,,,,,,I,False,2022-04-21 14:41:46.305660+00:00,EUR
100,C001,5105600135,2022,2,S,,,,81,S,,,,S,1.0,,I1,,1500.0,1500.0,,1500.0,USD,,,,,,,,,,,,1.0,KBS,,,,,,2022-03-18,450000002500010.0,,,,,,RMRP,,,,,,C001,,,,,1769.0,10.0,,,,,,,,,X,,,,,,,,,,,,,,,,,500010,,,,,X,,,,,,,,,,,,,,,,,,,,,,,,,,,,,,,,,,,,,,,,,,,,,,,,,,,,,,,,,,,,,,,,,C0000059,1000.0,5.0,EA,5.0,EA,5.0,EA,4500000025.0,10.0,1.0,,,,1000.0,,RE02,,,,,,,,,,,,,,,,,,,,,,US01ELHE01,,,,,,,,,,CA0000000,,,,,,,,,,,,,,,,,,,1500.0,,,,,,,,,,,,,,,,,,,,,,,,,,,,,,,,,,,,,,,,,,,,,,,,,,,,,,,,,,,,,,,,,,,,,,,,,,,,,,,,,,,,,,,,,,,,,+,,,,,,,,,,,,,,,,,,,,,,,,,,,,,,,,,,,,I,False,2022-04-21 14:41:46.305660+00:00,USD
100,C001,5105600136,2022,2,S,,,,81,S,,,,S,1.0,,I1,,1500.0,1500.0,,1500.0,USD,,,,,,,,,,,,1.0,KBS,,,,,,2022-03-18,450000002600010.0,,,,,,RMRP,,,,,,C001,,,,,1773.0,10.0,,,,,,,,,X,,,,,,,,,,,,,,,,,500010,,,,,X,,,,,,,,,,,,,,,,,,,,,,,,,,,,,,,,,,,,,,,,,,,,,,,,,,,,,,,,,,,,,,,,,C0000060,1000.0,5.0,EA,5.0,EA,5.0,EA,4500000026.0,10.0,1.0,,,,1000.0,,RE02,,,,,,,,,,,,,,,,,,,,,,US01ELHE02,,,,,,,,,,CA0000000,,,,,,,,,,,,,,,,,,,1500.0,,,,,,,,,,,,,,,,,,,,,,,,,,,,,,,,,,,,,,,,,,,,,,,,,,,,,,,,,,,,,,,,,,,,,,,,,,,,,,,,,,,,,,,,,,,,,+,,,,,,,,,,,,,,,,,,,,,,,,,,,,,,,,,,,,I,False,2022-04-21 14:41:46.305660+00:00,EUR
100,C001,5105600137,2022,2,S,,,,81,S,,,,S,1.0,,I1,,1500.0,1500.0,,1500.0,USD,,,,,,,,,,,,1.0,KBS,,,,,,2022-03-18,450000002700010.0,,,,,,RMRP,,,,,,C001,,,,,1827.0,10.0,,,,,,,,,X,,,,,,,,,,,,,,,,,500010,,,,,X,,,,,,,,,,,,,,,,,,,,,,,,,,,,,,,,,,,,,,,,,,,,,,,,,,,,,,,,,,,,,,,,,C0000068,1000.0,5.0,EA,5.0,EA,5.0,EA,4500000027.0,10.0,1.0,,,,1000.0,,RE02,,,,,,,,,,,,,,,,,,,,,,US01ELHC01,,,,,,,,,,CA0000000,,,,,,,,,,,,,,,,,,,1500.0,,,,,,,,,,,,,,,,,,,,,,,,,,,,,,,,,,,,,,,,,,,,,,,,,,,,,,,,,,,,,,,,,,,,,,,,,,,,,,,,,,,,,,,,,,,,,+,,,,,,,,,,,,,,,,,,,,,,,,,,,,,,,,,,,,I,False,2022-04-21 14:41:46.305660+00:00,EUR
100,C001,5105600138,2022,2,S,,,,81,S,,,,S,1.0,,I1,,1500.0,1500.0,,1500.0,USD,,,,,,,,,,,,1.0,KBS,,,,,,2022-03-18,450000002800010.0,,,,,,RMRP,,,,,,C001,,,,,1828.0,10.0,,,,,,,,,X,,,,,,,,,,,,,,,,,500010,,,,,X,,,,,,,,,,,,,,,,,,,,,,,,,,,,,,,,,,,,,,,,,,,,,,,,,,,,,,,,,,,,,,,,,C0000069,1000.0,5.0,EA,5.0,EA,5.0,EA,4500000028.0,10.0,1.0,,,,1000.0,,RE02,,,,,,,,,,,,,,,,,,,,,,US01ELHC02,,,,,,,,,,CA0000000,,,,,,,,,,,,,,,,,,,1500.0,,,,,,,,,,,,,,,,,,,,,,,,,,,,,,,,,,,,,,,,,,,,,,,,,,,,,,,,,,,,,,,,,,,,,,,,,,,,,,,,,,,,,,,,,,,,,+,,,,,,,,,,,,,,,,,,,,,,,,,,,,,,,,,,,,I,False,2022-04-21 14:41:46.305660+00:00,EUR
100,C001,5105600139,2022,2,S,,,,81,S,,,,S,1.0,,I1,,1500.0,1500.0,,1500.0,USD,,,,,,,,,,,,1.0,KBS,,,,,,2022-03-18,450000002900010.0,,,,,,RMRP,,,,,,C001,,,,,1829.0,10.0,,,,,,,,,X,,,,,,,,,,,,,,,,,500010,,,,,X,,,,,,,,,,,,,,,,,,,,,,,,,,,,,,,,,,,,,,,,,,,,,,,,,,,,,,,,,,,,,,,,,C0000070,1000.0,5.0,EA,5.0,EA,5.0,EA,4500000029.0,10.0,1.0,,,,1000.0,,RE02,,,,,,,,,,,,,,,,,,,,,,US01ELHC03,,,,,,,,,,CA0000000,,,,,,,,,,,,,,,,,,,1500.0,,,,,,,,,,,,,,,,,,,,,,,,,,,,,,,,,,,,,,,,,,,,,,,,,,,,,,,,,,,,,,,,,,,,,,,,,,,,,,,,,,,,,,,,,,,,,+,,,,,,,,,,,,,,,,,,,,,,,,,,,,,,,,,,,,I,False,2022-04-21 14:41:46.305660+00:00,USD
100,C001,5105600140,2022,2,S,,,,81,S,,,,S,1.0,,I1,,500.0,500.0,,500.0,USD,,,,,,,,,,,,1.0,KBS,,,,,,2022-04-12,450000003000010.0,,,,,,RMRP,,,,,,C001,,,,,6590.0,10.0,,,,,,,,,X,,,,,,,,,,,,,,,,,500010,,,,,X,,,,,,,,,,,,,,,,,,,,,,,,,,,,,,,,,,,,,,,,,,,,,,,,,,,,,,,,,,,,,,,,,C0000016,1000.0,5.0,EA,5.0,EA,5.0,EA,4500000030.0,10.0,1.0,,,,1000.0,,RE02,,,,,,,,,,,,,,,,,,,,,,US01PGPC01,,,,,,,,,,CA0000000,,,,,,,,,,,,,,,,,,,500.0,,,,,,,,,,,,,,,,,,,,,,,,,,,,,,,,,,,,,,,,,,,,,,,,,,,,,,,,,,,,,,,,,,,,,,,,,,,,,,,,,,,,,,,,,,,,,+,,,,,,,,,,,,,,,,,,,,,,,,,,,,,,,,,,,,I,False,2022-04-21 14:41:46.305660+00:00,EUR
100,C001,5105600141,2022,2,S,,,,81,S,,,,S,1.0,,I1,,1000.0,1000.0,,1000.0,USD,,,,,,,,,,,,1.0,KBS,,,,,,2022-04-12,450000003100010.0,,,,,,RMRP,,,,,,C001,,,,,6591.0,10.0,,,,,,,,,X,,,,,,,,,,,,,,,,,500010,,,,,X,,,,,,,,,,,,,,,,,,,,,,,,,,,,,,,,,,,,,,,,,,,,,,,,,,,,,,,,,,,,,,,,,C0000034,1000.0,10.0,EA,10.0,EA,10.0,EA,4500000031.0,10.0,1.0,,,,1000.0,,RE02,,,,,,,,,,,,,,,,,,,,,,US01PSFD02,,,,,,,,,,CA0000000,,,,,,,,,,,,,,,,,,,1000.0,,,,,,,,,,,,,,,,,,,,,,,,,,,,,,,,,,,,,,,,,,,,,,,,,,,,,,,,,,,,,,,,,,,,,,,,,,,,,,,,,,,,,,,,,,,,,+,,,,,,,,,,,,,,,,,,,,,,,,,,,,,,,,,,,,I,False,2022-04-21 14:41:46.305660+00:00,USD
100,C001,5105600142,2022,2,S,,,,81,S,,,,S,1.0,,I1,,600.0,600.0,,600.0,USD,,,,,,,,,,,,1.0,KBS,,,,,,2022-04-12,450000003200010.0,,,,,,RMRP,,,,,,C001,,,,,6592.0,10.0,,,,,,,,,X,,,,,,,,,,,,,,,,,500010,,,,,X,,,,,,,,,,,,,,,,,,,,,,,,,,,,,,,,,,,,,,,,,,,,,,,,,,,,,,,,,,,,,,,,,C0000044,1000.0,6.0,EA,6.0,EA,6.0,EA,4500000032.0,10.0,1.0,,,,1000.0,,RE02,,,,,,,,,,,,,,,,,,,,,,US01PSBV01,,,,,,,,,,CA0000000,,,,,,,,,,,,,,,,,,,600.0,,,,,,,,,,,,,,,,,,,,,,,,,,,,,,,,,,,,,,,,,,,,,,,,,,,,,,,,,,,,,,,,,,,,,,,,,,,,,,,,,,,,,,,,,,,,,+,,,,,,,,,,,,,,,,,,,,,,,,,,,,,,,,,,,,I,False,2022-04-21 14:41:46.305660+00:00,EUR
50,C001,5105600118,2022,2,S,,,,81,S,,,,S,1.0,,I0,,1500.0,1500.0,,1500.0,USD,1500.0,1500.0,,,,,,,,,,1.0,KBS,,,,,,2022-02-02,450000001600010.0,,,C002,,,RMRP,,,,,,C001,US014000,,,,150.0,10.0,,,,,,,,,X,,,,,,,,,,,,,,,,,500020,,,,,X,,,,,,,,,,,,,,,,,,,,,,,,,,,,,,,,,,,,,,,,,,,,,,,,,,,,,,,,,,,,,,,,,C0000077,1000.0,5.0,EA,5.0,EA,5.0,EA,4500000016.0,10.0,1.0,,,,1000.0,,RE02,,,,,,,,,,,,,,,,,,,,,,US01PURCH,,,,,,,,,,CA0000000,,,,,,,,,,,,,,,,,,,,,,,,,,,,,,,,,,,,,,,,,,,,,,,,,,,,,,,,,,,,,,,,,,,,,,,,,,,,,,,,,,,,,,,,,,,,,,,,,,,,,,,,,500020.0,,,,,,,+,,,,,,,,,,,,,,,,,,,,,,,,,,,,,,,,,,,,I,False,2022-02-02 11:17:35.264540+00:00,GBP
50,C001,5105600119,2022,2,S,,,,81,S,,,,S,1.0,,I0,,1500.0,1500.0,,1500.0,USD,1500.0,1500.0,,,,,,,,,,1.0,KBS,,,,,,2022-02-02,450000001700010.0,,,C002,,,RMRP,,,,,,C001,US014000,,,,151.0,10.0,,,,,,,,,X,,,,,,,,,,,,,,,,,500020,,,,,X,,,,,,,,,,,,,,,,,,,,,,,,,,,,,,,,,,,,,,,,,,,,,,,,,,,,,,,,,,,,,,,,,C0000077,1000.0,5.0,EA,5.0,EA,5.0,EA,4500000017.0,10.0,1.0,,,,1000.0,,RE02,,,,,,,,,,,,,,,,,,,,,,US01PURCH,,,,,,,,,,CA0000000,,,,,,,,,,,,,,,,,,,,,,,,,,,,,,,,,,,,,,,,,,,,,,,,,,,,,,,,,,,,,,,,,,,,,,,,,,,,,,,,,,,,,,,,,,,,,,,,,,,,,,,,,500020.0,,,,,,,+,,,,,,,,,,,,,,,,,,,,,,,,,,,,,,,,,,,,I,False,2022-02-02 11:45:17.311477+00:00,EUR
100,C001,5105600118,2022,2,S,,,,81,S,,,,S,1.0,,I0,,1500.0,1500.0,,1500.0,USD,1500.0,1500.0,,,,,,,,,,1.0,KBS,,,,,,2022-02-02,450000001600010.0,,,C002,,,RMRP,,,,,,C001,US014000,,,,150.0,10.0,,,,,,,,,X,,,,,,,,,,,,,,,,,500020,,,,,X,,,,,,,,,,,,,,,,,,,,,,,,,,,,,,,,,,,,,,,,,,,,,,,,,,,,,,,,,,,,,,,,,C0000077,1000.0,5.0,EA,5.0,EA,5.0,EA,4500000016.0,10.0,1.0,,,,1000.0,,RE02,,,,,,,,,,,,,,,,,,,,,,US01PURCH,,,,,,,,,,CA0000000,,,,,,,,,,,,,,,,,,,,,,,,,,,,,,,,,,,,,,,,,,,,,,,,,,,,,,,,,,,,,,,,,,,,,,,,,,,,,,,,,,,,,,,,,,,,,,,,,,,,,,,,,500020.0,,,,,,,+,,,,,,,,,,,,,,,,,,,,,,,,,,,,,,,,,,,,I,False,2022-04-21 14:41:46.305660+00:00,USD
100,C001,5105600119,2022,2,S,,,,81,S,,,,S,1.0,,I0,,1500.0,1500.0,,1500.0,USD,1500.0,1500.0,,,,,,,,,,1.0,KBS,,,,,,2022-02-02,450000001700010.0,,,C002,,,RMRP,,,,,,C001,US014000,,,,151.0,10.0,,,,,,,,,X,,,,,,,,,,,,,,,,,500020,,,,,X,,,,,,,,,,,,,,,,,,,,,,,,,,,,,,,,,,,,,,,,,,,,,,,,,,,,,,,,,,,,,,,,,C0000077,1000.0,5.0,EA,5.0,EA,5.0,EA,4500000017.0,10.0,1.0,,,,1000.0,,RE02,,,,,,,,,,,,,,,,,,,,,,US01PURCH,,,,,,,,,,CA0000000,,,,,,,,,,,,,,,,,,,,,,,,,,,,,,,,,,,,,,,,,,,,,,,,,,,,,,,,,,,,,,,,,,,,,,,,,,,,,,,,,,,,,,,,,,,,,,,,,,,,,,,,,500020.0,,,,,,,+,,,,,,,,,,,,,,,,,,,,,,,,,,,,,,,,,,,,I,False,2022-04-21 14:41:46.305660+00:00,EUR
50,C001,5105600117,2022,2,S,,,,81,S,,,,S,1.0,,I1,,3000.0,3000.0,,3000.0,USD,,,,,,,,,,,,1.0,KBS,,,,,,2022-02-01,,,,C002,,,RMRP,,,,,,C001,US011770,,,,148.0,10.0,,,,,,,,,X,,,,,,,,,,,,,,,,,510020,,,,,X,,,,,,,,,,,,,,,,,,,,,,,,,,,,,,,,,,,,,,,,,,,,,,,,,,,,,,,,,,,,,,,,,C0000077,1000.0,10.0,EA,10.0,EA,10.0,EA,4500000015.0,10.0,1.0,,,,1000.0,,RE02,,,,,,,,,,,,,,,,,,,,,,US01ELHC10,,,,,,,,,,CA0000000,,,,,,,,,,,,,,,,,,,,,,,,,,,,,,,,,,,,,,,,,,,,,,,,,,,,,,,,,,,,,,,,,,,,,,,,,,,,,,,,,,,,,,,,,,,,,,,,,,,,,,,,,510020.0,,,,,,,+,,,,,,,,,,,,,,,,,,,,,,,,,,,,,,,,,,,,I,False,2022-02-02 07:20:14.461139+00:00,EUR
100,C001,5105600117,2022,2,S,,,,81,S,,,,S,1.0,,I1,,3000.0,3000.0,,3000.0,USD,,,,,,,,,,,,1.0,KBS,,,,,,2022-02-01,,,,C002,,,RMRP,,,,,,C001,US011770,,,,148.0,10.0,,,,,,,,,X,,,,,,,,,,,,,,,,,510020,,,,,X,,,,,,,,,,,,,,,,,,,,,,,,,,,,,,,,,,,,,,,,,,,,,,,,,,,,,,,,,,,,,,,,,C0000077,1000.0,10.0,EA,10.0,EA,10.0,EA,4500000015.0,10.0,1.0,,,,1000.0,,RE02,,,,,,,,,,,,,,,,,,,,,,US01ELHC10,,,,,,,,,,CA0000000,,,,,,,,,,,,,,,,,,,,,,,,,,,,,,,,,,,,,,,,,,,,,,,,,,,,,,,,,,,,,,,,,,,,,,,,,,,,,,,,,,,,,,,,,,,,,,,,,,,,,,,,,510020.0,,,,,,,+,,,,,,,,,,,,,,,,,,,,,,,,,,,,,,,,,,,,I,False,2022-04-21 14:41:46.305660+00:00,EUR
50,C003,5105600105,2022,2,S,,,,81,S,,,,S,1.0,,P1,,300.0,300.0,,300.0,CAD,,,,,,,,,,,,1.0,KBS,,,,,,2022-01-25,,,,,,,RMRP,,,,,,C001,,,,,94.0,10.0,,,,,,,,,X,,,,,,,,,,,,,,,,,500010,,,,,X,,,,,,,,,,,,,,,,,,,,,,,,,,,,,,,,,,,,,,,,,,,,,,,,,,,,,,,,,,,,,,,,,C0000001,3000.0,10.0,EA,10.0,EA,10.0,EA,4500000006.0,10.0,1.0,,,,3000.0,,RE02,,,,,,,,,,,,,,,,,,,,,,CA01PGHP01,,,,,,,,,,CA00,,,,,,,,,,,,,,,,,,,,,,,,,,,,,,,,,,,,,,,,,,,,,,,,,,,,,,,,,,,,,,,,,,,,,,,,,,,,,,,,,,,,,,,,,,,,,,,,,,,,,,,,,,,,,,,,+,,,,,,,,,,,,,,,,,,,,,,,,,,,,,,,,,,,,L,False,2022-01-31 20:41:47.268774+00:00,USD
50,C003,5105600106,2022,2,S,,,,81,S,,,,S,1.0,,P1,,100.0,100.0,,100.0,CAD,,,,,,,,,,,,1.0,KBS,,,,,,2022-01-26,,,,,,,RMRP,,,,,,C001,,,,,96.0,10.0,,,,,,,,,X,,,,,,,,,,,,,,,,,500010,,,,,X,,,,,,,,,,,,,,,,,,,,,,,,,,,,,,,,,,,,,,,,,,,,,,,,,,,,,,,,,,,,,,,,,C0000033,3000.0,10.0,EA,10.0,EA,10.0,EA,4500000007.0,10.0,1.0,,,,3000.0,,RE02,,,,,,,,,,,,,,,,,,,,,,CA01PSFD01,,,,,,,,,,CA00,,,,,,,,,,,,,,,,,,,,,,,,,,,,,,,,,,,,,,,,,,,,,,,,,,,,,,,,,,,,,,,,,,,,,,,,,,,,,,,,,,,,,,,,,,,,,,,,,,,,,,,,,,,,,,,,+,,,,,,,,,,,,,,,,,,,,,,,,,,,,,,,,,,,,L,False,2022-01-31 20:41:47.268774+00:00,EUR
50,C003,5105600107,2022,2,S,,,,81,S,,,,S,1.0,,P1,,1200.0,1200.0,,1200.0,CAD,,,,,,,,,,,,1.0,KBS,,,,,,2022-01-26,,,,,,,RMRP,,,,,,C001,,,,,97.0,10.0,,,,,,,,,X,,,,,,,,,,,,,,,,,500010,,,,,X,,,,,,,,,,,,,,,,,,,,,,,,,,,,,,,,,,,,,,,,,,,,,,,,,,,,,,,,,,,,,,,,,C0000069,3000.0,12.0,EA,12.0,EA,12.0,EA,4500000008.0,10.0,1.0,,,,3000.0,,RE02,,,,,,,,,,,,,,,,,,,,,,CA01ELHC02,,,,,,,,,,CA00,,,,,,,,,,,,,,,,,,,,,,,,,,,,,,,,,,,,,,,,,,,,,,,,,,,,,,,,,,,,,,,,,,,,,,,,,,,,,,,,,,,,,,,,,,,,,,,,,,,,,,,,,,,,,,,,+,,,,,,,,,,,,,,,,,,,,,,,,,,,,,,,,,,,,L,False,2022-01-31 20:41:47.268774+00:00,USD
100,C003,5105600105,2022,2,S,,,,81,S,,,,S,1.0,,P1,,300.0,300.0,,300.0,CAD,,,,,,,,,,,,1.0,KBS,,,,,,2022-01-25,,,,,,,RMRP,,,,,,C001,,,,,94.0,10.0,,,,,,,,,X,,,,,,,,,,,,,,,,,500010,,,,,X,,,,,,,,,,,,,,,,,,,,,,,,,,,,,,,,,,,,,,,,,,,,,,,,,,,,,,,,,,,,,,,,,C0000001,3000.0,10.0,EA,10.0,EA,10.0,EA,4500000006.0,10.0,1.0,,,,3000.0,,RE02,,,,,,,,,,,,,,,,,,,,,,CA01PGHP01,,,,,,,,,,CA00,,,,,,,,,,,,,,,,,,,,,,,,,,,,,,,,,,,,,,,,,,,,,,,,,,,,,,,,,,,,,,,,,,,,,,,,,,,,,,,,,,,,,,,,,,,,,,,,,,,,,,,,,,,,,,,,+,,,,,,,,,,,,,,,,,,,,,,,,,,,,,,,,,,,,I,False,2022-04-21 14:41:54.811525+00:00,EUR
100,C003,5105600106,2022,2,S,,,,81,S,,,,S,1.0,,P1,,100.0,100.0,,100.0,CAD,,,,,,,,,,,,1.0,KBS,,,,,,2022-01-26,,,,,,,RMRP,,,,,,C001,,,,,96.0,10.0,,,,,,,,,X,,,,,,,,,,,,,,,,,500010,,,,,X,,,,,,,,,,,,,,,,,,,,,,,,,,,,,,,,,,,,,,,,,,,,,,,,,,,,,,,,,,,,,,,,,C0000033,3000.0,10.0,EA,10.0,EA,10.0,EA,4500000007.0,10.0,1.0,,,,3000.0,,RE02,,,,,,,,,,,,,,,,,,,,,,CA01PSFD01,,,,,,,,,,CA00,,,,,,,,,,,,,,,,,,,,,,,,,,,,,,,,,,,,,,,,,,,,,,,,,,,,,,,,,,,,,,,,,,,,,,,,,,,,,,,,,,,,,,,,,,,,,,,,,,,,,,,,,,,,,,,,+,,,,,,,,,,,,,,,,,,,,,,,,,,,,,,,,,,,,I,False,2022-04-21 14:41:54.811525+00:00,GBP
100,C003,5105600107,2022,2,S,,,,81,S,,,,S,1.0,,P1,,1200.0,1200.0,,1200.0,CAD,,,,,,,,,,,,1.0,KBS,,,,,,2022-01-26,,,,,,,RMRP,,,,,,C001,,,,,97.0,10.0,,,,,,,,,X,,,,,,,,,,,,,,,,,500010,,,,,X,,,,,,,,,,,,,,,,,,,,,,,,,,,,,,,,,,,,,,,,,,,,,,,,,,,,,,,,,,,,,,,,,C0000069,3000.0,12.0,EA,12.0,EA,12.0,EA,4500000008.0,10.0,1.0,,,,3000.0,,RE02,,,,,,,,,,,,,,,,,,,,,,CA01ELHC02,,,,,,,,,,CA00,,,,,,,,,,,,,,,,,,,,,,,,,,,,,,,,,,,,,,,,,,,,,,,,,,,,,,,,,,,,,,,,,,,,,,,,,,,,,,,,,,,,,,,,,,,,,,,,,,,,,,,,,,,,,,,,+,,,,,,,,,,,,,,,,,,,,,,,,,,,,,,,,,,,,I,False,2022-04-21 14:41:54.811525+00:00,EUR
50,C004,5105600111,2022,2,S,,,,81,S,,,,S,1.0,,V1,,300.0,300.0,,300.0,EUR,,,,,,,,,,,,1.0,KBS,,,,,,2022-01-31,,,,,,,RMRP,,,,,,C001,,,,,115.0,10.0,,,,,,,,,X,,,,,,,,,,,,,,,,,500010,,,,,X,,,,,,,,,,,,,,,,,,,,,,,,,,,,,,,,,,,,,,,,,,,,,,,,,,,,,,,,,,,,,,,,,C0000001,4000.0,10.0,EA,10.0,EA,10.0,EA,4500000009.0,10.0,1.0,,,,4000.0,,RE02,,,,,,,,,,,,,,,,,,,,,,EU01PGHP01,,,,,,,,,,,,,,,,,,,,,,,,,,,,,,,,,,,,,,,,,,,,,,,,,,,,,,,,,,,,,,,,,,,,,,,,,,,,,,,,,,,,,,,,,,,,,,,,,,,,,,,,,,,,,,,,,,,,,,,,,,+,,,,,,,,,,,,,,,,,,,,,,,,,,,,,,,,,,,,I,False,2022-01-31 22:01:12.470117+00:00,USD
50,C004,5105600112,2022,2,S,,,,81,S,,,,S,1.0,,V1,,100.0,100.0,,100.0,EUR,,,,,,,,,,,,1.0,KBS,,,,,,2022-01-31,,,,,,,RMRP,,,,,,C001,,,,,119.0,10.0,,,,,,,,,X,,,,,,,,,,,,,,,,,500010,,,,,X,,,,,,,,,,,,,,,,,,,,,,,,,,,,,,,,,,,,,,,,,,,,,,,,,,,,,,,,,,,,,,,,,C0000033,4000.0,10.0,EA,10.0,EA,10.0,EA,4500000010.0,10.0,1.0,,,,4000.0,,RE02,,,,,,,,,,,,,,,,,,,,,,EU01PSFD01,,,,,,,,,,,,,,,,,,,,,,,,,,,,,,,,,,,,,,,,,,,,,,,,,,,,,,,,,,,,,,,,,,,,,,,,,,,,,,,,,,,,,,,,,,,,,,,,,,,,,,,,,,,,,,,,,,,,,,,,,,+,,,,,,,,,,,,,,,,,,,,,,,,,,,,,,,,,,,,I,False,2022-01-31 22:02:28.637830+00:00,EUR
50,C004,5105600113,2022,2,S,,,,81,S,,,,S,1.0,,V1,,2175.0,2175.0,,2175.0,EUR,,,,,,,,,,,,1.0,KBS,,,,,,2022-01-31,,,,,,,RMRP,,,,,,C001,,,,,120.0,10.0,,,,,,,,,X,,,,,,,,,,,,,,,,,500010,,,,,X,,,,,,,,,,,,,,,,,,,,,,,,,,,,,,,,,,,,,,,,,,,,,,,,,,,,,,,,,,,,,,,,,C0000069,4000.0,15.0,EA,15.0,EA,15.0,EA,4500000011.0,10.0,1.0,,,,4000.0,,RE02,,,,,,,,,,,,,,,,,,,,,,EU01ELHC02,,,,,,,,,,,,,,,,,,,,,,,,,,,,,,,,,,,,,,,,,,,,,,,,,,,,,,,,,,,,,,,,,,,,,,,,,,,,,,,,,,,,,,,,,,,,,,,,,,,,,,,,,,,,,,,,,,,,,,,,,,+,,,,,,,,,,,,,,,,,,,,,,,,,,,,,,,,,,,,I,False,2022-01-31 22:03:26.795757+00:00,EUR
100,C004,5105600111,2022,2,S,,,,81,S,,,,S,1.0,,V1,,300.0,300.0,,300.0,EUR,,,,,,,,,,,,1.0,KBS,,,,,,2022-01-31,,,,,,,RMRP,,,,,,C001,,,,,115.0,10.0,,,,,,,,,X,,,,,,,,,,,,,,,,,500010,,,,,X,,,,,,,,,,,,,,,,,,,,,,,,,,,,,,,,,,,,,,,,,,,,,,,,,,,,,,,,,,,,,,,,,C0000001,4000.0,10.0,EA,10.0,EA,10.0,EA,4500000009.0,10.0,1.0,,,,4000.0,,RE02,,,,,,,,,,,,,,,,,,,,,,EU01PGHP01,,,,,,,,,,,,,,,,,,,,,,,,,,,,,,,,,,,,,,,,,,,,,,,,,,,,,,,,,,,,,,,,,,,,,,,,,,,,,,,,,,,,,,,,,,,,,,,,,,,,,,,,,,,,,,,,,,,,,,,,,,+,,,,,,,,,,,,,,,,,,,,,,,,,,,,,,,,,,,,I,False,2022-04-21 14:42:03.482267+00:00,EUR
100,C004,5105600112,2022,2,S,,,,81,S,,,,S,1.0,,V1,,100.0,100.0,,100.0,EUR,,,,,,,,,,,,1.0,KBS,,,,,,2022-01-31,,,,,,,RMRP,,,,,,C001,,,,,119.0,10.0,,,,,,,,,X,,,,,,,,,,,,,,,,,500010,,,,,X,,,,,,,,,,,,,,,,,,,,,,,,,,,,,,,,,,,,,,,,,,,,,,,,,,,,,,,,,,,,,,,,,C0000033,4000.0,10.0,EA,10.0,EA,10.0,EA,4500000010.0,10.0,1.0,,,,4000.0,,RE02,,,,,,,,,,,,,,,,,,,,,,EU01PSFD01,,,,,,,,,,,,,,,,,,,,,,,,,,,,,,,,,,,,,,,,,,,,,,,,,,,,,,,,,,,,,,,,,,,,,,,,,,,,,,,,,,,,,,,,,,,,,,,,,,,,,,,,,,,,,,,,,,,,,,,,,,+,,,,,,,,,,,,,,,,,,,,,,,,,,,,,,,,,,,,I,False,2022-04-21 14:42:03.482267+00:00,USD
100,C004,5105600113,2022,2,S,,,,81,S,,,,S,1.0,,V1,,2175.0,2175.0,,2175.0,EUR,,,,,,,,,,,,1.0,KBS,,,,,,2022-01-31,,,,,,,RMRP,,,,,,C001,,,,,120.0,10.0,,,,,,,,,X,,,,,,,,,,,,,,,,,500010,,,,,X,,,,,,,,,,,,,,,,,,,,,,,,,,,,,,,,,,,,,,,,,,,,,,,,,,,,,,,,,,,,,,,,,C0000069,4000.0,15.0,EA,15.0,EA,15.0,EA,4500000011.0,10.0,1.0,,,,4000.0,,RE02,,,,,,,,,,,,,,,,,,,,,,EU01ELHC02,,,,,,,,,,,,,,,,,,,,,,,,,,,,,,,,,,,,,,,,,,,,,,,,,,,,,,,,,,,,,,,,,,,,,,,,,,,,,,,,,,,,,,,,,,,,,,,,,,,,,,,,,,,,,,,,,,,,,,,,,,+,,,,,,,,,,,,,,,,,,,,,,,,,,,,,,,,,,,,I,False,2022-04-21 14:42:03.482267+00:00,EUR
50,C005,5105600114,2022,2,S,,,,81,S,,,,S,1.0,,V1,,3.0,3.0,,3.0,JPY,,,,,,,,,,,,1.0,KBS,,,,,,2022-02-01,,,,,,,RMRP,,,,,,C001,,,,,139.0,10.0,,,,,,,,,X,,,,,,,,,,,,,,,,,500010,,,,,X,,,,,,,,,,,,,,,,,,,,,,,,,,,,,,,,,,,,,,,,,,,,,,,,,,,,,,,,,,,,,,,,,C0000001,5000.0,10.0,EA,10.0,EA,10.0,EA,4500000012.0,10.0,1.0,,,,5000.0,,RE02,,,,,,,,,,,,,,,,,,,,,,AP01PGHP01,,,,,,,,,,,,,,,,,,,,,,,,,,,,,,,,,,,,,,,,,,,,,,,,,,,,,,,,,,,,,,,,,,,,,,,,,,,,,,,,,,,,,,,,,,,,,,,,,,,,,,,,,,,,,,,,,,,,,,,,,,+,,,,,,,,,,,,,,,,,,,,,,,,,,,,,,,,,,,,I,False,2022-02-01 11:57:06.337020+00:00,USD
50,C005,5105600115,2022,2,S,,,,81,S,,,,S,1.0,,V1,,1.0,1.0,,1.0,JPY,,,,,,,,,,,,1.0,KBS,,,,,,2022-02-01,,,,,,,RMRP,,,,,,C001,,,,,140.0,10.0,,,,,,,,,X,,,,,,,,,,,,,,,,,500010,,,,,X,,,,,,,,,,,,,,,,,,,,,,,,,,,,,,,,,,,,,,,,,,,,,,,,,,,,,,,,,,,,,,,,,C0000033,5000.0,10.0,EA,10.0,EA,10.0,EA,4500000013.0,10.0,1.0,,,,5000.0,,RE02,,,,,,,,,,,,,,,,,,,,,,AP01PSFD01,,,,,,,,,,,,,,,,,,,,,,,,,,,,,,,,,,,,,,,,,,,,,,,,,,,,,,,,,,,,,,,,,,,,,,,,,,,,,,,,,,,,,,,,,,,,,,,,,,,,,,,,,,,,,,,,,,,,,,,,,,+,,,,,,,,,,,,,,,,,,,,,,,,,,,,,,,,,,,,I,False,2022-02-01 11:58:19.856297+00:00,EUR
50,C005,5105600116,2022,2,S,,,,81,S,,,,S,1.0,,V1,,20.0,20.0,,20.0,JPY,,,,,,,,,,,,1.0,KBS,,,,,,2022-02-01,,,,,,,RMRP,,,,,,C001,,,,,141.0,10.0,,,,,,,,,X,,,,,,,,,,,,,,,,,500010,,,,,X,,,,,,,,,,,,,,,,,,,,,,,,,,,,,,,,,,,,,,,,,,,,,,,,,,,,,,,,,,,,,,,,,C0000069,5000.0,10.0,EA,10.0,EA,10.0,EA,4500000014.0,30.0,1.0,,,,5000.0,,RE02,,,,,,,,,,,,,,,,,,,,,,AP01ELHC02,,,,,,,,,,,,,,,,,,,,,,,,,,,,,,,,,,,,,,,,,,,,,,,,,,,,,,,,,,,,,,,,,,,,,,,,,,,,,,,,,,,,,,,,,,,,,,,,,,,,,,,,,,,,,,,,,,,,,,,,,,+,,,,,,,,,,,,,,,,,,,,,,,,,,,,,,,,,,,,I,False,2022-02-01 12:07:45.323635+00:00,GBP
100,C005,5105600114,2022,2,S,,,,81,S,,,,S,1.0,,V1,,3.0,3.0,,3.0,JPY,,,,,,,,,,,,1.0,KBS,,,,,,2022-02-01,,,,,,,RMRP,,,,,,C001,,,,,139.0,10.0,,,,,,,,,X,,,,,,,,,,,,,,,,,500010,,,,,X,,,,,,,,,,,,,,,,,,,,,,,,,,,,,,,,,,,,,,,,,,,,,,,,,,,,,,,,,,,,,,,,,C0000001,5000.0,10.0,EA,10.0,EA,10.0,EA,4500000012.0,10.0,1.0,,,,5000.0,,RE02,,,,,,,,,,,,,,,,,,,,,,AP01PGHP01,,,,,,,,,,,,,,,,,,,,,,,,,,,,,,,,,,,,,,,,,,,,,,,,,,,,,,,,,,,,,,,,,,,,,,,,,,,,,,,,,,,,,,,,,,,,,,,,,,,,,,,,,,,,,,,,,,,,,,,,,,+,,,,,,,,,,,,,,,,,,,,,,,,,,,,,,,,,,,,I,False,2022-04-21 14:42:07.562644+00:00,EUR
100,C005,5105600115,2022,2,S,,,,81,S,,,,S,1.0,,V1,,1.0,1.0,,1.0,JPY,,,,,,,,,,,,1.0,KBS,,,,,,2022-02-01,,,,,,,RMRP,,,,,,C001,,,,,140.0,10.0,,,,,,,,,X,,,,,,,,,,,,,,,,,500010,,,,,X,,,,,,,,,,,,,,,,,,,,,,,,,,,,,,,,,,,,,,,,,,,,,,,,,,,,,,,,,,,,,,,,,C0000033,5000.0,10.0,EA,10.0,EA,10.0,EA,4500000013.0,10.0,1.0,,,,5000.0,,RE02,,,,,,,,,,,,,,,,,,,,,,AP01PSFD01,,,,,,,,,,,,,,,,,,,,,,,,,,,,,,,,,,,,,,,,,,,,,,,,,,,,,,,,,,,,,,,,,,,,,,,,,,,,,,,,,,,,,,,,,,,,,,,,,,,,,,,,,,,,,,,,,,,,,,,,,,+,,,,,,,,,,,,,,,,,,,,,,,,,,,,,,,,,,,,I,False,2022-04-21 14:42:07.562644+00:00,USD
100,C005,5105600116,2022,2,S,,,,81,S,,,,S,1.0,,V1,,20.0,20.0,,20.0,JPY,,,,,,,,,,,,1.0,KBS,,,,,,2022-02-01,,,,,,,RMRP,,,,,,C001,,,,,141.0,10.0,,,,,,,,,X,,,,,,,,,,,,,,,,,500010,,,,,X,,,,,,,,,,,,,,,,,,,,,,,,,,,,,,,,,,,,,,,,,,,,,,,,,,,,,,,,,,,,,,,,,C0000069,5000.0,10.0,EA,10.0,EA,10.0,EA,4500000014.0,30.0,1.0,,,,5000.0,,RE02,,,,,,,,,,,,,,,,,,,,,,AP01ELHC02,,,,,,,,,,,,,,,,,,,,,,,,,,,,,,,,,,,,,,,,,,,,,,,,,,,,,,,,,,,,,,,,,,,,,,,,,,,,,,,,,,,,,,,,,,,,,,,,,,,,,,,,,,,,,,,,,,,,,,,,,,+,,,,,,,,,,,,,,,,,,,,,,,,,,,,,,,,,,,,I,False,2022-04-21 14:42:07.562644+00:00,EUR
250,USA1,5100000007,2022,2,W,,,,86,S,,,,S,,,I0,,500.0,500.0,,500.0,USD,,,,,,,,,,,,1.0,WRX,,,,,,2022-01-27,450000002600010.0,,,,,,RMRP,,,,,,CYMB,,,,,,,,,,,,,,,X,X,,,,,,,,,,,,,X,,,191100,,,,X,,,,,,,,,,,,,,,,,,,,,,,,,,,,,,,,,,,,,,,,,,,,,,,,,,,,,,,,,,,,,,,,,,TEST ROH,1000.0,10.0,G,10.0,G,10.0,G,4500000026.0,10.0,,,V,,1000.0,,RE01,,,,,,,,,,,,,,,,,,,,,,,,,,,,,,,,,,,,,,,,,,,,,,,,,,,500.0,,,,,,,,,,,,,,,,,,,,,,,,,,,,,,,,,,,,,,,2.0225000000012e+17,,,,,,,,,,,,,,,,,,,,,,,,,,,,,,,,,,,,,,,,,,,,,,,,,,,,,,0,,,,,,,,,,,,,,,,,,,,,,,,,,,,,,,,,,,,L,False,2022-01-31 20:41:47.268774+00:00,EUR
250,USA1,5100000012,2022,2,W,,,,86,S,,,,S,,,I0,,40.0,40.0,,40.0,USD,,,,,,,,,,,,1.0,WRX,,,,,,2022-02-03,450000005400010.0,,,,,,RMRP,,,,,,CYMB,,,,,,,,,,,,,,,X,X,,,,,,,,,,,,,X,,,191100,,,,X,,,,,,,,,,,,,,,,,,,,,,,,,,,,,,,,,,,,,,,,,,,,,,,,,,,,,,,,,,,,,,,,,,TEST,1000.0,1.0,G,1.0,G,1.0,G,4500000054.0,10.0,,,S,,1000.0,,RE01,,,,,,,,,,,,,,,,,,,,,,,,,,,,,,,,,,,,,,,,,,,,,,,,,,,40.0,,,,,,,,,,,,,,,,,,,,,,,,,,,,,,,,,,,,,,,2.0225000000029002e+17,,,,,,,,,,,,,,,,,,,,,,,,,,,,,,,,,,,,,,,,,,,,,,,,,,,,,,0,,,,,,,,,,,,,,,,,,,,,,,,,,,,,,,,,,,,I,False,2022-02-03 09:12:32.454405+00:00,EUR
250,USA1,5100000008,2022,2,W,,,,86,S,,,,S,,,I0,,400.0,400.0,,400.0,USD,,,,,,,,,,,,1.0,WRX,,,,,,2022-02-02,450000005300010.0,,,,,,RMRP,,,,,,CYMB,,,,,,,,,,,,,,,X,X,,,,,,,,,,,,,X,,,191100,,,,X,,,,,,,,,,,,,,,,,,,,,,,,,,,,,,,,,,,,,,,,,,,,,,,,,,,,,,,,,,,,,,,,,,TEST,1000.0,10.0,G,10.0,G,10.0,G,4500000053.0,10.0,,,S,,1000.0,,RE01,,,,,,,,,,,,,,,,,,,,,,,,,,,,,,,,,,,,,,,,,,,,,,,,,,,400.0,,,,,,,,,,,,,,,,,,,,,,,,,,,,,,,,,,,,,,,2.022500000002e+17,,,,,,,,,,,,,,,,,,,,,,,,,,,,,,,,,,,,,,,,,,,,,,,,,,,,,,0,,,,,,,,,,,,,,,,,,,,,,,,,,,,,,,,,,,,I,False,2022-02-03 07:03:01.119022+00:00,USD
250,USA1,5100000009,2022,2,W,,,,86,S,,,,S,,,I0,,120.0,120.0,,120.0,USD,,,,,,,,,,,,1.0,WRX,,,,,,2022-02-02,450000005400010.0,,,,,,RMRP,,,,,,CYMB,,,,,,,,,,,,,,,X,X,,,,,,,,,,,,,X,,,191100,,,,X,,,,,,,,,,,,,,,,,,,,,,,,,,,,,,,,,,,,,,,,,,,,,,,,,,,,,,,,,,,,,,,,,,TEST,1000.0,3.0,G,3.0,G,3.0,G,4500000054.0,10.0,,,S,,1000.0,,RE01,,,,,,,,,,,,,,,,,,,,,,,,,,,,,,,,,,,,,,,,,,,,,,,,,,,120.0,,,,,,,,,,,,,,,,,,,,,,,,,,,,,,,,,,,,,,,2.0225000000021002e+17,,,,,,,,,,,,,,,,,,,,,,,,,,,,,,,,,,,,,,,,,,,,,,,,,,,,,,0,,,,,,,,,,,,,,,,,,,,,,,,,,,,,,,,,,,,I,False,2022-02-03 07:42:34.670201+00:00,EUR
250,USA1,5100000010,2022,2,W,,,,86,S,,,,S,,,I0,,80.0,80.0,,80.0,USD,,,,,,,,,,,,1.0,WRX,,,,,,2022-02-02,450000005400010.0,,,,,,RMRP,,,,,,CYMB,,,,,,,,,,,,,,,X,X,,,,,,,,,,,,,X,,,191100,,,,X,,,,,,,,,,,,,,,,,,,,,,,,,,,,,,,,,,,,,,,,,,,,,,,,,,,,,,,,,,,,,,,,,,TEST,1000.0,2.0,G,2.0,G,2.0,G,4500000054.0,10.0,,,S,,1000.0,,RE01,,,,,,,,,,,,,,,,,,,,,,,,,,,,,,,,,,,,,,,,,,,,,,,,,,,80.0,,,,,,,,,,,,,,,,,,,,,,,,,,,,,,,,,,,,,,,2.0225000000022e+17,,,,,,,,,,,,,,,,,,,,,,,,,,,,,,,,,,,,,,,,,,,,,,,,,,,,,,0,,,,,,,,,,,,,,,,,,,,,,,,,,,,,,,,,,,,I,False,2022-02-03 07:49:57.151510+00:00,USD
250,USA1,5100000011,2022,2,W,,,,86,S,,,,S,,,I0,,200.0,200.0,,200.0,USD,,,,,,,,,,,,1.0,WRX,,,,,,2022-02-02,450000005400010.0,,,,,,RMRP,,,,,,CYMB,,,,,,,,,,,,,,,X,X,,,,,,,,,,,,,X,,,191100,,,,X,,,,,,,,,,,,,,,,,,,,,,,,,,,,,,,,,,,,,,,,,,,,,,,,,,,,,,,,,,,,,,,,,,TEST,1000.0,5.0,G,5.0,G,5.0,G,4500000054.0,10.0,,,S,,1000.0,,RE01,,,,,,,,,,,,,,,,,,,,,,,,,,,,,,,,,,,,,,,,,,,,,,,,,,,200.0,,,,,,,,,,,,,,,,,,,,,,,,,,,,,,,,,,,,,,,2.0225000000024e+17,,,,,,,,,,,,,,,,,,,,,,,,,,,,,,,,,,,,,,,,,,,,,,,,,,,,,,0,,,,,,,,,,,,,,,,,,,,,,,,,,,,,,,,,,,,I,False,2022-02-03 07:55:52.607051+00:00,EUR
250,USA1,5100000000,2022,2,W,,,,86,S,,,,S,,,I0,,100.0,100.0,,100.0,USD,,,,,,,,,,,,1.0,WRX,,,,,,2022-01-19,450000000000010.0,,,,,,RMRP,,,,,,CYMB,,,,,,,,,,,,,,,X,X,,,,,,,,,,,,,X,,,191100,,,,X,,,,,,,,,,,,,,,,,,,,,,,,,,,,,,,,,,,,,,,,,,,,,,,,,,,,,,,,,,,,,,,,,,TEST CPG1,1000.0,1.0,EA,1.0,EA,1.0,EA,4500000000.0,10.0,,,S,,1000.0,,RE01,,,,,,,,,,,,,,,,,,,,,,,,,,,,,,,,,,,,,,,,,,,,,,,,,,,,,,,,,,,,,,,,,,,,,,,,,,,,,,,,,,,,,,,,,,,,,,,,,,,,,,,,,,,,,,,,,,,,,,,,,,,,,,,,,,,,,,,,,,,,,,,,0,,,,,,,,,,,,,,,,,,,,,,,,,,,,,,,,,,,,L,False,2022-01-31 20:41:47.268774+00:00,GBP
250,USA1,5100000001,2022,2,W,,,,86,S,,,,S,,,I1,,100.0,100.0,,100.0,USD,,,,,,,,,,,,1.0,WRX,,,,,,2022-01-19,450000000200010.0,,,,,,RMRP,,,,,,CYMB,,,,,,,,,,,,,,,X,X,,,,,,,,,,,,,X,,,191100,,,,X,,,,,,,,,,,,,,,,,,,,,,,,,,,,,,,,,,,,,,,,,,,,,,,,,,,,,,,,,,,,,,,,,,TEST CPG1,1000.0,1.0,EA,1.0,EA,1.0,EA,4500000002.0,10.0,,,S,,1000.0,,RE01,,,,,,,,,,,,,,,,,,,,,,,,,,,,,,,,,,,,,,,,,,,,,,,,,,,,,,,,,,,,,,,,,,,,,,,,,,,,,,,,,,,,,,,,,,,,,,,,,,,,,,,,,,,,,,,,,,,,,,,,,,,,,,,,,,,,,,,,,,,,,,,,0,,,,,,,,,,,,,,,,,,,,,,,,,,,,,,,,,,,,L,False,2022-01-31 20:41:47.268774+00:00,EUR
250,USA1,5100000002,2022,2,W,,,,86,S,,,,S,,,I1,,100.0,100.0,,100.0,USD,,,,,,,,,,,,1.0,WRX,,,,,,2022-01-20,450000000200010.0,,,,,,RMRP,,,,,,CYMB,,,,,,,,,,,,,,,X,X,,,,,,,,,,,,,X,,,191100,,,,X,,,,,,,,,,,,,,,,,,,,,,,,,,,,,,,,,,,,,,,,,,,,,,,,,,,,,,,,,,,,,,,,,,TEST CPG1,1000.0,1.0,EA,1.0,EA,1.0,EA,4500000002.0,10.0,,,S,,1000.0,,RE01,,,,,,,,,,,,,,,,,,,,,,,,,,,,,,,,,,,,,,,,,,,,,,,,,,,,,,,,,,,,,,,,,,,,,,,,,,,,,,,,,,,,,,,,,,,,,,,,,,,,,,,,,,,,,,,,,,,,,,,,,,,,,,,,,,,,,,,,,,,,,,,,0,,,,,,,,,,,,,,,,,,,,,,,,,,,,,,,,,,,,L,False,2022-01-31 20:41:47.268774+00:00,USD
250,USA1,5100000003,2022,2,W,,,,86,S,,,,S,,,I0,,400.0,400.0,,400.0,USD,,,,,,,,,,,,1.0,WRX,,,,,,2022-01-21,450000000700010.0,,,,,,RMRP,,,,,,CYMB,,,,,,,,,,,,,,,X,X,,,,,,,,,,,,,X,,,191100,,,,X,,,,,,,,,,,,,,,,,,,,,,,,,,,,,,,,,,,,,,,,,,,,,,,,,,,,,,,,,,,,,,,,,,TEST CPG,1000.0,4.0,EA,4.0,EA,4.0,EA,4500000007.0,10.0,,,V,,1000.0,,RE01,,,,,,,,,,,,,,,,,,,,,,,,,,,,,,,,,,,,,,,,,,,,,,,,,,,400.0,,,,,,,,,,,,,,,,,,,,,,,,,,,,,,,,,,,,,,,2.0225000000004e+17,,,,,,,,,,,,,,,,,,,,,,,,,,,,,,,,,,,,,,,,,,,,,,,,,,,,,,0,,,,,,,,,,,,,,,,,,,,,,,,,,,,,,,,,,,,L,False,2022-01-31 20:41:47.268774+00:00,EUR
250,USA1,5100000004,2022,2,W,,,,86,S,,,,S,,,I0,,200.0,200.0,,200.0,USD,,,,,,,,,,,,1.0,WRX,,,,,,2022-01-21,450000001000010.0,,,,,,RMRP,,,,,,CYMB,,,,,,,,,,,,,,,X,X,,,,,,,,,,,,,X,,,191100,,,,X,,,,,,,,,,,,,,,,,,,,,,,,,,,,,,,,,,,,,,,,,,,,,,,,,,,,,,,,,,,,,,,,,,TEST CPG,1000.0,2.0,EA,2.0,EA,2.0,EA,4500000010.0,10.0,,,V,,1000.0,,RE01,,,,,,,,,,,,,,,,,,,,,,,,,,,,,,,,,,,,,,,,,,,,,,,,,,,200.0,,,,,,,,,,,,,,,,,,,,,,,,,,,,,,,,,,,,,,,2.0225000000005002e+17,,,,,,,,,,,,,,,,,,,,,,,,,,,,,,,,,,,,,,,,,,,,,,,,,,,,,,0,,,,,,,,,,,,,,,,,,,,,,,,,,,,,,,,,,,,L,False,2022-01-31 20:41:47.268774+00:00,EUR
250,USA1,4900000024,2022,1,W,,,,86,S,,,,S,,,,,100.0,100.0,,100.0,USD,,,,,,,,,,,,,WRX,,,,,,2022-01-25,450000000600010.0,,,,,,RMWL,,,,,,CYMB,,,,80000014.0,,,,,,,,,,,X,X,,,,,,,,,,,,,X,,,191100,,V2000,,X,,,,,,,,,,,,,,,,,,,,,,,,,,,,,,,,,,,,,,,,,,,,,,,,,,,,,,,,,,,,,,,,,,1028118297C,1000.0,10.0,EA,10.0,EA,10.0,EA,4500000006.0,10.0,,,S,,1000.0,,WE01,,,,,,,,,,,,,,,,,,,,,,,,,,,,,,,,,,,,,,,,,,,,,,,,,,,100.0,,,,,,,,,,,,,,,,,,,,,,,,,,,,,,,,,,,,,,,,,,,,,,,,,,,,,,,,,,,,,,,,,,,,,,,,,,,,,,,,,,,,,,,,,,,,,+,,,,,,,,,,,,,,,,,,,,,,,,,,,,,,,,,,,,L,False,2022-01-31 20:41:47.268774+00:00,EUR
250,USA1,4900000027,2022,1,W,,,,86,S,,,,S,,,,,100.0,100.0,,100.0,USD,,,,,,,,,,,,,WRX,,,,,,2022-01-25,450000001900010.0,,,,,,RMWL,,,,,,CYMB,,,,80000031.0,,,,,,,,,,,X,X,,,,,,,,,,,,,X,,,191100,,V2000,,X,,,,,,,,,,,,,,,,,,,,,,,,,,,,,,,,,,,,,,,,,,,,,,,,,,,,,,,,,,,,,,,,,,1028118297C,1000.0,10.0,EA,10.0,EA,10.0,EA,4500000019.0,10.0,,,S,,1000.0,,WE01,,,,,,,,,,,,,,,,,,,,,,,,,,,,,,,,,,,,,,,,,,,,,,,,,,,100.0,,,,,,,,,,,,,,,,,,,,,,,,,,,,,,,,,,,,,,,,,,,,,,,,,,,,,,,,,,,,,,,,,,,,,,,,,,,,,,,,,,,,,,,,,,,,,+,,,,,,,,,,,,,,,,,,,,,,,,,,,,,,,,,,,,L,False,2022-01-31 20:41:47.268774+00:00,USD
250,USA1,4900000032,2022,1,W,,,,86,S,,,,S,,,,,10.0,10.0,,10.0,USD,,,,,,,,,,,,,WRX,,,,,,2022-01-28,450000002700010.0,,,,,,RMWL,,,,,,CYMB,,,,80000035.0,,,,,,,,,,,X,X,,,,,,,,,,,,,X,,,191100,,V2000,,X,,,,,,,,,,,,,,,,,,,,,,,,,,,,,,,,,,,,,,,,,,,,,,,,,,,,,,,,,,,,,,,,,,1028118297C,1000.0,1.0,EA,1.0,EA,1.0,EA,4500000027.0,10.0,,,S,,1000.0,,WE01,,,,,,,,,,,,,,,,,,,,,,,,,,,,,,,,,,,,,,,,,,,,,,,,,,,10.0,,,,,,,,,,,,,,,,,,,,,,,,,,,,,,,,,,,,,,,,,,,,,,,,,,,,,,,,,,,,,,,,,,,,,,,,,,,,,,,,,,,,,,,,,,,,,+,,,,,,,,,,,,,,,,,,,,,,,,,,,,,,,,,,,,L,False,2022-01-31 20:41:47.268774+00:00,EUR
250,USA1,5000000000,2022,3,P,,,,86,S,,,,S,,,,,90.0,90.0,,90.0,USD,,,,,,,,,,,,,PRD,,,,,,2022-01-17,20220117.0,,,,,,RMWE,,,,,,CYMB,,,,,,,,,,,,,,,X,,,,,,,,,,,,,,,,,231500,,TEST,,,X,,,,,,,,,,,,,,,,,,,,,,,,,,,,,,,,,,,,,,,,,,,,,,,,,,,,,,,,,,,,,,,,,TEST CPG1,1000.0,1.0,EA,1.0,EA,1.0,EA,4500000000.0,10.0,,,S,,1000.0,,WE01,,,,,,,,,,,,,,,,,,,,,,,,,,,,,,,,,,,,,,,,,,,,,,,,,,,,,,,,,,,,,,,,,,,,,,,,,,,,,,,,,,,,,,,,,,,,,,,,,,,,,,,,,,,,,,,,,,,,,,,,,,,,,,,,,,,,,,,,,,,,,,,,0,,,,,,,,,,,,,,,,,,,,,,,,,,,,,,,,,,,,L,False,2022-01-31 20:41:47.268774+00:00,USD
250,USA1,5000000001,2022,3,P,,,,86,S,,,,S,,,,,90.0,90.0,,90.0,USD,,,,,,,,,,,,,PRD,,,,,,2022-01-19,20220119.0,,,,,,RMWE,,,,,,CYMB,,,,,,,,,,,,,,,X,,,,,,,,,,,,,,,,,231500,,TEST,,,X,,,,,,,,,,,,,,,,,,,,,,,,,,,,,,,,,,,,,,,,,,,,,,,,,,,,,,,,,,,,,,,,,TEST CPG1,1000.0,1.0,EA,1.0,EA,1.0,EA,4500000002.0,10.0,,,S,,1000.0,,WE01,,,,,,,,,,,,,,,,,,,,,,,,,,,,,,,,,,,,,,,,,,,,,,,,,,,,,,,,,,,,,,,,,,,,,,,,,,,,,,,,,,,,,,,,,,,,,,,,,,,,,,,,,,,,,,,,,,,,,,,,,,,,,,,,,,,,,,,,,,,,,,,,0,,,,,,,,,,,,,,,,,,,,,,,,,,,,,,,,,,,,L,False,2022-01-31 20:41:47.268774+00:00,EUR
250,USA1,5000000002,2022,3,P,,,,86,S,,,,S,,,,,90.0,90.0,,90.0,USD,,,,,,,,,,,,,PRD,,,,,,2022-01-20,20220120.0,,,,,,RMWE,,,,,,CYMB,,,,,,,,,,,,,,,X,,,,,,,,,,,,,,,,,231500,,TEST,,,X,,,,,,,,,,,,,,,,,,,,,,,,,,,,,,,,,,,,,,,,,,,,,,,,,,,,,,,,,,,,,,,,,TEST CPG1,1000.0,1.0,EA,1.0,EA,1.0,EA,4500000002.0,10.0,,,S,,1000.0,,WE01,,,,,,,,,,,,,,,,,,,,,,,,,,,,,,,,,,,,,,,,,,,,,,,,,,,,,,,,,,,,,,,,,,,,,,,,,,,,,,,,,,,,,,,,,,,,,,,,,,,,,,,,,,,,,,,,,,,,,,,,,,,,,,,,,,,,,,,,,,,,,,,,0,,,,,,,,,,,,,,,,,,,,,,,,,,,,,,,,,,,,L,False,2022-01-31 20:41:47.268774+00:00,GBP
250,USA1,4900000013,2022,2,P,,,,86,S,,,,S,,,,,100.0,100.0,,100.0,USD,,,,,,,,,,,,,PRD,,,,,,2022-01-21,20220121.0,,,,,,RMWL,,,,,,CYMB,,,,80000014.0,,,,,,,,,,,X,,,,,,,,,,,,,,,,,231500,,V2000,,,X,,,,,,,,,,,,,,,,,,,,,,,,,,,,,,,,,,,,,,,,,,,,,,,,,,,,,,,,,,,,,,,,,1028118297C,1000.0,10.0,EA,10.0,EA,10.0,EA,4500000006.0,10.0,,,S,,1000.0,,WE01,,,,,,,,,,,,,,,,,,,,,,,,,,,,,,,,,,,,,,,,,,,,,,,,,,,100.0,,,,,,,,,,,,,,,,,,,,,,,,,,,,,,,,,,,,,,,,,,,,,,,,,,,,,,,,,,,,,,,,,,,,,,,,,,,,,,,,,,,,,,,,,,,,,0,,,,,,,,,,,,,,,,,,,,,,,,,,,,,,,,,,,,L,False,2022-01-31 20:41:47.268774+00:00,EUR
250,USA1,4900000025,2022,2,P,,,,86,S,,,,S,,,,,100.0,100.0,,100.0,USD,,,,,,,,,,,,,PRD,,,,,,2022-01-25,20220125.0,,,,,,RMWL,,,,,,CYMB,,,,80000014.0,,,,,,,,,,,X,,,,,,,,,,,,,,,,,231500,,V2000,,,X,,,,,,,,,,,,,,,,,,,,,,,,,,,,,,,,,,,,,,,,,,,,,,,,,,,,,,,,,,,,,,,,,1028118297C,1000.0,10.0,EA,10.0,EA,10.0,EA,4500000006.0,10.0,,,S,,1000.0,,WE01,,,,,,,,,,,,,,,,,,,,,,,,,,,,,,,,,,,,,,,,,,,,,,,,,,,100.0,,,,,,,,,,,,,,,,,,,,,,,,,,,,,,,,,,,,,,,,,,,,,,,,,,,,,,,,,,,,,,,,,,,,,,,,,,,,,,,,,,,,,,,,,,,,,0,,,,,,,,,,,,,,,,,,,,,,,,,,,,,,,,,,,,L,False,2022-01-31 20:41:47.268774+00:00,USD
250,USA1,4900000026,2022,2,P,,,,86,S,,,,S,,,,,100.0,100.0,,100.0,USD,,,,,,,,,,,,,PRD,,,,,,2022-01-25,20220125.0,,,,,,RMWL,,,,,,CYMB,,,,80000031.0,,,,,,,,,,,X,,,,,,,,,,,,,,,,,231500,,V2000,,,X,,,,,,,,,,,,,,,,,,,,,,,,,,,,,,,,,,,,,,,,,,,,,,,,,,,,,,,,,,,,,,,,,1028118297C,1000.0,10.0,EA,10.0,EA,10.0,EA,4500000019.0,10.0,,,S,,1000.0,,WE01,,,,,,,,,,,,,,,,,,,,,,,,,,,,,,,,,,,,,,,,,,,,,,,,,,,100.0,,,,,,,,,,,,,,,,,,,,,,,,,,,,,,,,,,,,,,,,,,,,,,,,,,,,,,,,,,,,,,,,,,,,,,,,,,,,,,,,,,,,,,,,,,,,,0,,,,,,,,,,,,,,,,,,,,,,,,,,,,,,,,,,,,L,False,2022-01-31 20:41:47.268774+00:00,EUR
250,USA1,4900000028,2022,2,P,,,,86,S,,,,S,,,,,100.0,100.0,,100.0,USD,,,,,,,,,,,,,PRD,,,,,,2022-01-25,20220125.0,,,,,,RMWL,,,,,,CYMB,,,,80000031.0,,,,,,,,,,,X,,,,,,,,,,,,,,,,,231500,,V2000,,,X,,,,,,,,,,,,,,,,,,,,,,,,,,,,,,,,,,,,,,,,,,,,,,,,,,,,,,,,,,,,,,,,,1028118297C,1000.0,10.0,EA,10.0,EA,10.0,EA,4500000019.0,10.0,,,S,,1000.0,,WE01,,,,,,,,,,,,,,,,,,,,,,,,,,,,,,,,,,,,,,,,,,,,,,,,,,,100.0,,,,,,,,,,,,,,,,,,,,,,,,,,,,,,,,,,,,,,,,,,,,,,,,,,,,,,,,,,,,,,,,,,,,,,,,,,,,,,,,,,,,,,,,,,,,,0,,,,,,,,,,,,,,,,,,,,,,,,,,,,,,,,,,,,L,False,2022-01-31 20:41:47.268774+00:00,EUR
250,USA1,4900000031,2022,2,P,,,,86,S,,,,S,,,,,10.0,10.0,,10.0,USD,,,,,,,,,,,,,PRD,,,,,,2022-01-28,20220128.0,,,,,,RMWL,,,,,,CYMB,,,,80000035.0,,,,,,,,,,,X,,,,,,,,,,,,,,,,,231500,,V2000,,,X,,,,,,,,,,,,,,,,,,,,,,,,,,,,,,,,,,,,,,,,,,,,,,,,,,,,,,,,,,,,,,,,,1028118297C,1000.0,1.0,EA,1.0,EA,1.0,EA,4500000027.0,10.0,,,S,,1000.0,,WE01,,,,,,,,,,,,,,,,,,,,,,,,,,,,,,,,,,,,,,,,,,,,,,,,,,,10.0,,,,,,,,,,,,,,,,,,,,,,,,,,,,,,,,,,,,,,,,,,,,,,,,,,,,,,,,,,,,,,,,,,,,,,,,,,,,,,,,,,,,,,,,,,,,,0,,,,,,,,,,,,,,,,,,,,,,,,,,,,,,,,,,,,L,False,2022-01-31 20:41:47.268774+00:00,EUR
250,USA1,4900000034,2022,2,P,,,,86,S,,,,S,,,,,100.0,100.0,,100.0,USD,,,,,,,,,,,,,PRD,,,,,,2022-02-06,20220206.0,,,,,,RMWL,,,,,,CYMB,,,,80000042.0,,,,,,,,,,,X,,,,,,,,,,,,,,,,,231500,,V2000,,,X,,,,,,,,,,,,,,,,,,,,,,,,,,,,,,,,,,,,,,,,,,,,,,,,,,,,,,,,,,,,,,,,,1028118297C,1000.0,10.0,EA,10.0,EA,10.0,EA,4500001067.0,10.0,,,S,,1000.0,,WE01,,,,,,,,,,,,,,,,,,,,,,,,,,,,,,,,,,,,,,,,,,,,,,,,,,,100.0,,,,,,,,,,,,,,,,,,,,,,,,,,,,,,,,,,,,,,,,,,,,,,,,,,,,,,,,,,,,,,,,,,,,,,,,,,,,,,,,,,,,,,,,,,,,,0,,,,,,,,,,,,,,,,,,,,,,,,,,,,,,,,,,,,I,False,2022-02-07 05:10:17.503179+00:00,USD
250,EU01,5100000000,2022,2,W,,,,86,S,,,,S,,,V0,,100.0,100.0,,100.0,EUR,,,,,,,,,,,,1.0,WRX,,,,,,2022-01-20,450000000300010.0,,,,,,RMRP,,,,,,CYMB,,,,,,,,,,,,,,,X,X,,,,,,,,,,,,,X,,,191100,,,,X,,,,,,,,,,,,,,,,,,,,,,,,,,,,,,,,,,,,,,,,,,,,,,,,,,,,,,,,,,,,,,,,,,TEST ROH EU,2000.0,10.0,EA,10.0,EA,10.0,EA,4500000003.0,10.0,,,V,,2000.0,,RE01,,,,,,,,,,,,,,,,,,,,,,,,,,,,,,,,,,,,,,,,,,,,,,,,,,,,,,,,,,,,,,,,,,,,,,,,,,,,,,,,,,,,,,,,,,2.0225000000002e+17,,,,,,,,,,,,,,,,,,,,,,,,,,,,,,,,,,,,,,,,,,,,,,,,,,,,,,0,,,,,,,,,,,,,,,,,,,,,,,,,,,,,,,,,,,,L,False,2022-01-31 20:41:47.268774+00:00,EUR
250,EU01,4900000008,2022,1,W,,,,86,S,,,,S,,,,,880.0,1000.0,,880.0,EUR,,,,,,,,,,,,,WRX,,,,,,2022-01-25,450000001500010.0,,,,,,RMWL,,,,,,CYMB,,,,80000019.0,,,,,,,,,,,X,X,,,,,,,,,,,,,X,,,191100,,TEST,,X,,,,,,,,,,,,,,,,,,,,,,,,,,,,,,,,,,,,,,,,,,,,,,,,,,,,,,,,,,,,,,,,,,1028118297C,2000.0,10.0,EA,10.0,EA,10.0,EA,4500000015.0,10.0,,,S,,2000.0,,WE01,,,,,,,,,,,,,,,,,,,,,,,,,,,,,,,,,,,,,,,,,,,,,,,,,,,1000.0,,,,,,,,,,,,,,,,,,,,,,,,,,,,,,,,,,,,,,,,,,,,,,,,,,,,,,,,,,,,,,,,,,,,,,,,,,,,,,,,,,,,,,,,,,,,,+,,,,,,,,,,,,,,,,,,,,,,,,,,,,,,,,,,,,L,False,2022-01-31 20:41:47.268774+00:00,USD
250,EU01,4900000002,2022,2,P,,,,86,S,,,,S,,,,,880.0,1000.0,,1000.0,USD,,,,,,,,,,,,,PRD,,,,,,2022-01-23,20220123.0,,,,,,RMWL,,,,,,CYMB,,,,80000015.0,,,,,,,,,,,X,,,,,,,,,,,,,,,,,231500,,TEST,,,X,,,,,,,,,,,,,,,,,,,,,,,,,,,,,,,,,,,,,,,,,,,,,,,,,,,,,,,,,,,,,,,,,1028118297C,2000.0,10.0,EA,10.0,EA,10.0,EA,4500000011.0,10.0,,,S,,2000.0,,WE01,,,,,,,,,,,,,,,,,,,,,,,,,,,,,,,,,,,,,,,,,,,,,,,,,,,1000.0,,,,,,,,,,,,,,,,,,,,,,,,,,,,,,,,,,,,,,,,,,,,,,,,,,,,,,,,,,,,,,,,,,,,,,,,,,,,,,,,,,,,,,,,,,,,,0,,,,,,,,,,,,,,,,,,,,,,,,,,,,,,,,,,,,L,False,2022-01-31 20:41:47.268774+00:00,EUR
250,EU01,4900000003,2022,2,P,,,,86,S,,,,S,,,,,880.0,1000.0,,1000.0,USD,,,,,,,,,,,,,PRD,,,,,,2022-01-23,20220123.0,,,,,,RMWL,,,,,,CYMB,,,,80000016.0,,,,,,,,,,,X,,,,,,,,,,,,,,,,,231500,,TEST,,,X,,,,,,,,,,,,,,,,,,,,,,,,,,,,,,,,,,,,,,,,,,,,,,,,,,,,,,,,,,,,,,,,,1028118297C,2000.0,10.0,EA,10.0,EA,10.0,EA,4500000012.0,10.0,,,S,,2000.0,,WE01,,,,,,,,,,,,,,,,,,,,,,,,,,,,,,,,,,,,,,,,,,,,,,,,,,,1000.0,,,,,,,,,,,,,,,,,,,,,,,,,,,,,,,,,,,,,,,,,,,,,,,,,,,,,,,,,,,,,,,,,,,,,,,,,,,,,,,,,,,,,,,,,,,,,0,,,,,,,,,,,,,,,,,,,,,,,,,,,,,,,,,,,,L,False,2022-01-31 20:41:47.268774+00:00,GBP
250,EU01,4900000004,2022,2,P,,,,86,S,,,,S,,,,,176.0,200.0,,200.0,USD,,,,,,,,,,,,,PRD,,,,,,2022-01-24,20220124.0,,,,,,RMWL,,,,,,CYMB,,,,80000018.0,,,,,,,,,,,X,,,,,,,,,,,,,,,,,231500,,TEST,,,X,,,,,,,,,,,,,,,,,,,,,,,,,,,,,,,,,,,,,,,,,,,,,,,,,,,,,,,,,,,,,,,,,1028118297C,2000.0,2.0,EA,2.0,EA,2.0,EA,4500000014.0,10.0,,,S,,2000.0,,WE01,,,,,,,,,,,,,,,,,,,,,,,,,,,,,,,,,,,,,,,,,,,,,,,,,,,200.0,,,,,,,,,,,,,,,,,,,,,,,,,,,,,,,,,,,,,,,,,,,,,,,,,,,,,,,,,,,,,,,,,,,,,,,,,,,,,,,,,,,,,,,,,,,,,0,,,,,,,,,,,,,,,,,,,,,,,,,,,,,,,,,,,,L,False,2022-01-31 20:41:47.268774+00:00,EUR
250,EU01,4900000005,2022,2,P,,,,86,S,,,,S,,,,,880.0,1000.0,,1000.0,USD,,,,,,,,,,,,,PRD,,,,,,2022-01-24,20220124.0,,,,,,RMWL,,,,,,CYMB,,,,80000019.0,,,,,,,,,,,X,,,,,,,,,,,,,,,,,231500,,TEST,,,X,,,,,,,,,,,,,,,,,,,,,,,,,,,,,,,,,,,,,,,,,,,,,,,,,,,,,,,,,,,,,,,,,1028118297C,2000.0,10.0,EA,10.0,EA,10.0,EA,4500000015.0,10.0,,,S,,2000.0,,WE01,,,,,,,,,,,,,,,,,,,,,,,,,,,,,,,,,,,,,,,,,,,,,,,,,,,1000.0,,,,,,,,,,,,,,,,,,,,,,,,,,,,,,,,,,,,,,,,,,,,,,,,,,,,,,,,,,,,,,,,,,,,,,,,,,,,,,,,,,,,,,,,,,,,,0,,,,,,,,,,,,,,,,,,,,,,,,,,,,,,,,,,,,L,False,2022-01-31 20:41:47.268774+00:00,USD
250,EU01,4900000009,2022,2,P,,,,86,S,,,,S,,,,,880.0,1000.0,,1000.0,USD,,,,,,,,,,,,,PRD,,,,,,2022-01-25,20220125.0,,,,,,RMWL,,,,,,CYMB,,,,80000019.0,,,,,,,,,,,X,,,,,,,,,,,,,,,,,231500,,TEST,,,X,,,,,,,,,,,,,,,,,,,,,,,,,,,,,,,,,,,,,,,,,,,,,,,,,,,,,,,,,,,,,,,,,1028118297C,2000.0,10.0,EA,10.0,EA,10.0,EA,4500000015.0,10.0,,,S,,2000.0,,WE01,,,,,,,,,,,,,,,,,,,,,,,,,,,,,,,,,,,,,,,,,,,,,,,,,,,1000.0,,,,,,,,,,,,,,,,,,,,,,,,,,,,,,,,,,,,,,,,,,,,,,,,,,,,,,,,,,,,,,,,,,,,,,,,,,,,,,,,,,,,,,,,,,,,,0,,,,,,,,,,,,,,,,,,,,,,,,,,,,,,,,,,,,L,False,2022-01-31 20:41:47.268774+00:00,EUR
250,USA1,5000000007,2022,1,M,,,,89,M,,,,S,,,,,500.0,500.0,,500.0,USD,,,,,,,,,,,,,BSX,,,,,,2022-01-27,,,,,,,RMWE,,,,,,CYMB,,,,,,,,,,,,,,,,,,,,,,,,,,,,,X,,,300000,,0000244479,,X,,,,,,,,,,,,,,,,,,,,,,,,,,,,,,,,,,,,,,,,,,,,,,,,,,,,,,,,,,,,,,,,,,TEST ROH,1000.0,10.0,G,10.0,G,10.0,G,4500000026.0,10.0,,,V,,1000.0,,WE01,,,,,,,,,,,,,,,,,,,,,,,,,,,,,,,,,,,,,,,,,,,,,,,,,,,500.0,,,,,,,,,,,,,,,,,,,,,,,,,,,,,,,,,,,,,,,,,,,,,,,,,,,,,,,,,,,,,,,,,,,,,,,,,,,,,,,,,,,,,,,,,,,,,+,,,,,,,,,,,,,,,,,,,,,,,,,,,,,,,,,,,,L,False,2022-01-31 20:41:47.268774+00:00,EUR
250,USA1,5000000003,2022,1,M,,,,89,M,,,,S,,,,,400.0,400.0,,400.0,USD,,,,,,,,,,,,,BSX,,,,,,2022-01-21,,,,,,,RMWE,,,,,,CYMB,,,,,,,,,,,,,,,,,,,,,,,,,,,,,X,,,300000,,TEST,,X,,,,,,,,,,,,,,,,,,,,,,,,,,,,,,,,,,,,,,,,,,,,,,,,,,,,,,,,,,,,,,,,,,TEST CPG,1000.0,4.0,EA,4.0,EA,4.0,EA,4500000007.0,10.0,,,V,,1000.0,,WE01,,,,,,,,,,,,,,,,,,,,,,,,,,,,,,,,,,,,,,,,,,,,,,,,,,,400.0,,,,,,,,,,,,,,,,,,,,,,,,,,,,,,,,,,,,,,,,,,,,,,,,,,,,,,,,,,,,,,,,,,,,,,,,,,,,,,,,,,,,,,,,,,,,,+,,,,,,,,,,,,,,,,,,,,,,,,,,,,,,,,,,,,L,False,2022-01-31 20:41:47.268774+00:00,EUR
250,USA1,5000000004,2022,1,M,,,,89,M,,,,S,,,,,200.0,200.0,,200.0,USD,,,,,,,,,,,,,BSX,,,,,,2022-01-21,,,,,,,RMWE,,,,,,CYMB,,,,,,,,,,,,,,,,,,,,,,,,,,,,,X,,,300000,,TEST,,X,,,,,,,,,,,,,,,,,,,,,,,,,,,,,,,,,,,,,,,,,,,,,,,,,,,,,,,,,,,,,,,,,,TEST CPG,1000.0,2.0,EA,2.0,EA,2.0,EA,4500000010.0,10.0,,,V,,1000.0,,WE01,,,,,,,,,,,,,,,,,,,,,,,,,,,,,,,,,,,,,,,,,,,,,,,,,,,200.0,,,,,,,,,,,,,,,,,,,,,,,,,,,,,,,,,,,,,,,,,,,,,,,,,,,,,,,,,,,,,,,,,,,,,,,,,,,,,,,,,,,,,,,,,,,,,+,,,,,,,,,,,,,,,,,,,,,,,,,,,,,,,,,,,,L,False,2022-01-31 20:41:47.268774+00:00,USD
250,USA1,5000000017,2022,1,M,,,,89,M,,,,S,,,,,200.0,200.0,,200.0,USD,,,,,,,,,,,,,BSX,,,,,,2022-02-03,,,,,,,RMWE,,,,,,CYMB,,,,,,,,,,,,,,,,,,,,,,,,,,,,,X,,,792000,,0000809006,,X,,,,,,,,,,,,,,,,,,,,,,,,,,,,,,,,,,,,,,,,,,,,,,,,,,,,,,,,,,,,,,,,,,TEST,1000.0,1.0,G,1.0,G,1.0,G,4500000054.0,10.0,,,S,,1000.0,,WE01,,,,40.0,,,,,,,,,,,,,,,,,,,,,,,,,,,,,,,,,,,,,,,,,,,,,,,200.0,,,,,,,,,,,,,,,,,,,,,,,,,,,,,,,,,,,,,,,,,,,,,,,,,,,,,,,,,,,,,,,,,,,,,,,,,,,,,,,,,,,,,,,,,,,,,+,,,,,,,,,,,,,,,,,,,,,,,,,,,,,,,,,,,,I,False,2022-02-03 09:09:51.467996+00:00,EUR
250,USA1,5000000008,2022,1,M,,,,89,M,,,,S,,,,,2000.0,2000.0,,2000.0,USD,,,,,,,,,,,,,BSX,,,,,,2022-02-02,,,,,,,RMWE,,,,,,CYMB,,,,,,,,,,,,,,,,,,,,,,,,,,,,,X,,,792000,,0000809006,,X,,,,,,,,,,,,,,,,,,,,,,,,,,,,,,,,,,,,,,,,,,,,,,,,,,,,,,,,,,,,,,,,,,TEST,1000.0,10.0,G,10.0,G,10.0,G,4500000053.0,10.0,,,S,,1000.0,,WE01,,,,400.0,,,,,,,,,,,,,,,,,,,,,,,,,,,,,,,,,,,,,,,,,,,,,,,2000.0,,,,,,,,,,,,,,,,,,,,,,,,,,,,,,,,,,,,,,,,,,,,,,,,,,,,,,,,,,,,,,,,,,,,,,,,,,,,,,,,,,,,,,,,,,,,,+,,,,,,,,,,,,,,,,,,,,,,,,,,,,,,,,,,,,I,False,2022-02-03 07:01:24.977325+00:00,USD
250,USA1,5000000009,2022,1,M,,,,89,M,,,,S,,,,,600.0,600.0,,600.0,USD,,,,,,,,,,,,,BSX,,,,,,2022-02-02,,,,,,,RMWE,,,,,,CYMB,,,,,,,,,,,,,,,,,,,,,,,,,,,,,X,,,792000,,0000809006,,X,,,,,,,,,,,,,,,,,,,,,,,,,,,,,,,,,,,,,,,,,,,,,,,,,,,,,,,,,,,,,,,,,,TEST,1000.0,3.0,G,3.0,G,3.0,G,4500000054.0,10.0,,,S,,1000.0,,WE01,,,,120.0,,,,,,,,,,,,,,,,,,,,,,,,,,,,,,,,,,,,,,,,,,,,,,,600.0,,,,,,,,,,,,,,,,,,,,,,,,,,,,,,,,,,,,,,,,,,,,,,,,,,,,,,,,,,,,,,,,,,,,,,,,,,,,,,,,,,,,,,,,,,,,,+,,,,,,,,,,,,,,,,,,,,,,,,,,,,,,,,,,,,I,False,2022-02-03 07:39:44.127349+00:00,EUR
250,USA1,5000000010,2022,1,M,,,,89,M,,,,S,,,,,400.0,400.0,,400.0,USD,,,,,,,,,,,,,BSX,,,,,,2022-02-02,,,,,,,RMWE,,,,,,CYMB,,,,,,,,,,,,,,,,,,,,,,,,,,,,,X,,,792000,,0000809006,,X,,,,,,,,,,,,,,,,,,,,,,,,,,,,,,,,,,,,,,,,,,,,,,,,,,,,,,,,,,,,,,,,,,TEST,1000.0,2.0,G,2.0,G,2.0,G,4500000054.0,10.0,,,S,,1000.0,,WE01,,,,80.0,,,,,,,,,,,,,,,,,,,,,,,,,,,,,,,,,,,,,,,,,,,,,,,400.0,,,,,,,,,,,,,,,,,,,,,,,,,,,,,,,,,,,,,,,,,,,,,,,,,,,,,,,,,,,,,,,,,,,,,,,,,,,,,,,,,,,,,,,,,,,,,+,,,,,,,,,,,,,,,,,,,,,,,,,,,,,,,,,,,,I,False,2022-02-03 07:46:07.770048+00:00,GBP
250,USA1,5000000012,2022,1,M,,,,89,M,,,,S,,,,,1000.0,1000.0,,1000.0,USD,,,,,,,,,,,,,BSX,,,,,,2022-02-02,,,,,,,RMWE,,,,,,CYMB,,,,,,,,,,,,,,,,,,,,,,,,,,,,,X,,,792000,,0000809006,,X,,,,,,,,,,,,,,,,,,,,,,,,,,,,,,,,,,,,,,,,,,,,,,,,,,,,,,,,,,,,,,,,,,TEST,1000.0,5.0,G,5.0,G,5.0,G,4500000054.0,10.0,,,S,,1000.0,,WE01,,,,200.0,,,,,,,,,,,,,,,,,,,,,,,,,,,,,,,,,,,,,,,,,,,,,,,1000.0,,,,,,,,,,,,,,,,,,,,,,,,,,,,,,,,,,,,,,,,,,,,,,,,,,,,,,,,,,,,,,,,,,,,,,,,,,,,,,,,,,,,,,,,,,,,,+,,,,,,,,,,,,,,,,,,,,,,,,,,,,,,,,,,,,I,False,2022-02-03 07:52:59.533466+00:00,EUR
250,USA1,5000000000,2022,1,M,,,,89,M,,,,S,,,,,10.0,10.0,,10.0,USD,,,,,,,,,,,,,BSX,,,,,,2022-01-17,,,,,,,RMWE,,,,,,CYMB,,,,,,,,,,,,,,,,,,,,,,,,,,,,,X,,,792000,,TEST,,X,,,,,,,,,,,,,,,,,,,,,,,,,,,,,,,,,,,,,,,,,,,,,,,,,,,,,,,,,,,,,,,,,,TEST CPG1,1000.0,1.0,EA,1.0,EA,1.0,EA,4500000000.0,10.0,,,S,,1000.0,,WE01,,,,100.0,,,,,,,,,,,,,,,,,,,,,,,,,,,,,,,,,,,,,,,,,,,,,,,,,,,,,,,,,,,,,,,,,,,,,,,,,,,,,,,,,,,,,,,,,,,,,,,,,,,,,,,,,,,,,,,,,,,,,,,,,,,,,,,,,,,,,,,,,,,,+,,,,,,,,,,,,,,,,,,,,,,,,,,,,,,,,,,,,L,False,2022-01-31 20:41:47.268774+00:00,USD
250,USA1,5000000001,2022,1,M,,,,89,M,,,,S,,,,,10.0,10.0,,10.0,USD,,,,,,,,,,,,,BSX,,,,,,2022-01-19,,,,,,,RMWE,,,,,,CYMB,,,,,,,,,,,,,,,,,,,,,,,,,,,,,X,,,792000,,TEST,,X,,,,,,,,,,,,,,,,,,,,,,,,,,,,,,,,,,,,,,,,,,,,,,,,,,,,,,,,,,,,,,,,,,TEST CPG1,1000.0,1.0,EA,1.0,EA,1.0,EA,4500000002.0,10.0,,,S,,1000.0,,WE01,,,,100.0,,,,,,,,,,,,,,,,,,,,,,,,,,,,,,,,,,,,,,,,,,,,,,,,,,,,,,,,,,,,,,,,,,,,,,,,,,,,,,,,,,,,,,,,,,,,,,,,,,,,,,,,,,,,,,,,,,,,,,,,,,,,,,,,,,,,,,,,,,,,+,,,,,,,,,,,,,,,,,,,,,,,,,,,,,,,,,,,,L,False,2022-01-31 20:41:47.268774+00:00,EUR
250,USA1,5000000002,2022,1,M,,,,89,M,,,,S,,,,,10.0,10.0,,10.0,USD,,,,,,,,,,,,,BSX,,,,,,2022-01-20,,,,,,,RMWE,,,,,,CYMB,,,,,,,,,,,,,,,,,,,,,,,,,,,,,X,,,792000,,TEST,,X,,,,,,,,,,,,,,,,,,,,,,,,,,,,,,,,,,,,,,,,,,,,,,,,,,,,,,,,,,,,,,,,,,TEST CPG1,1000.0,1.0,EA,1.0,EA,1.0,EA,4500000002.0,10.0,,,S,,1000.0,,WE01,,,,100.0,,,,,,,,,,,,,,,,,,,,,,,,,,,,,,,,,,,,,,,,,,,,,,,,,,,,,,,,,,,,,,,,,,,,,,,,,,,,,,,,,,,,,,,,,,,,,,,,,,,,,,,,,,,,,,,,,,,,,,,,,,,,,,,,,,,,,,,,,,,,+,,,,,,,,,,,,,,,,,,,,,,,,,,,,,,,,,,,,L,False,2022-01-31 20:41:47.268774+00:00,EUR
250,EU01,5000000000,2022,1,M,,,,89,M,,,,S,,,,,100.0,100.0,,100.0,EUR,,,,,,,,,,,,,BSX,,,,,,2022-01-20,,,,,,,RMWE,,,,,,CYMB,,,,,,,,,,,,,,,,,,,,,,,,,,,,,X,,,300000,,TEST EU,,X,,,,,,,,,,,,,,,,,,,,,,,,,,,,,,,,,,,,,,,,,,,,,,,,,,,,,,,,,,,,,,,,,,TEST ROH EU,2000.0,10.0,EA,10.0,EA,10.0,EA,4500000003.0,10.0,,,V,,2000.0,,WE01,,,,,,,,,,,,,,,,,,,,,,,,,,,,,,,,,,,,,,,,,,,,,,,,,,,,,,,,,,,,,,,,,,,,,,,,,,,,,,,,,,,,,,,,,,,,,,,,,,,,,,,,,,,,,,,,,,,,,,,,,,,,,,,,,,,,,,,,,,,,,,,,+,,,,,,,,,,,,,,,,,,,,,,,,,,,,,,,,,,,,L,False,2022-01-31 20:41:47.268774+00:00,EUR
50,C001,5105600120,2022,2,S,,,,91,S,,,,H,1.0,,I0,,1500.0,1500.0,,1500.0,USD,1500.0,1500.0,,,,,,,,,,1.0,KBS,,,,,,2022-02-02,450000001600010.0,,,C002,,,RMRP,,,,,,C001,US014000,,,,150.0,10.0,,,,,,,,,X,,,,,,,,,,,,,,,,,500020,,,,,X,,,,,,,,,,,,,,,,,,,,,,,,,,,,,,,,,,,,,,,,,,,,,,,,,,,,,,,,,,,,,,,,,C0000077,1000.0,5.0,EA,5.0,EA,5.0,EA,4500000016.0,10.0,1.0,,,,1000.0,,RE02,,,,,,,,,,,,,,,,,,,,,,US01PURCH,,,,,,,,,,CA0000000,,,,,,,,,,,,,,,,,,,,,,,,,,,,,,,,,,,,,,,,,,,,,,,,,,,,,,,,,,,,,,,,,,,,,,,,,,,,,,,,,,,,,,,,,,,,,,,,,,,,,,,,,500020.0,,,,,,,-,,,,,,,,,,,,,,,,,,,,,,,,,,,,,,,,,,,,I,False,2022-02-02 15:00:26.340346+00:00,USD
100,C001,5105600120,2022,2,S,,,,91,S,,,,H,1.0,,I0,,1500.0,1500.0,,1500.0,USD,1500.0,1500.0,,,,,,,,,,1.0,KBS,,,,,,2022-02-02,450000001600010.0,,,C002,,,RMRP,,,,,,C001,US014000,,,,150.0,10.0,,,,,,,,,X,,,,,,,,,,,,,,,,,500020,,,,,X,,,,,,,,,,,,,,,,,,,,,,,,,,,,,,,,,,,,,,,,,,,,,,,,,,,,,,,,,,,,,,,,,C0000077,1000.0,5.0,EA,5.0,EA,5.0,EA,4500000016.0,10.0,1.0,,,,1000.0,,RE02,,,,,,,,,,,,,,,,,,,,,,US01PURCH,,,,,,,,,,CA0000000,,,,,,,,,,,,,,,,,,,,,,,,,,,,,,,,,,,,,,,,,,,,,,,,,,,,,,,,,,,,,,,,,,,,,,,,,,,,,,,,,,,,,,,,,,,,,,,,,,,,,,,,,500020.0,,,,,,,-,,,,,,,,,,,,,,,,,,,,,,,,,,,,,,,,,,,,I,False,2022-04-21 14:41:46.305660+00:00,EUR
50,C001,5105600121,2022,2,S,,,,91,S,,,,H,1.0,,I1,,3000.0,3000.0,,3000.0,USD,,,,,,,,,,,,1.0,KBS,,,,,,2022-02-02,,,,C002,,,RMRP,,,,,,C001,US011770,,,,148.0,10.0,,,,,,,,,X,,,,,,,,,,,,,,,,,510020,,,,,X,,,,,,,,,,,,,,,,,,,,,,,,,,,,,,,,,,,,,,,,,,,,,,,,,,,,,,,,,,,,,,,,,C0000077,1000.0,10.0,EA,10.0,EA,10.0,EA,4500000015.0,10.0,1.0,,,,1000.0,,RE02,,,,,,,,,,,,,,,,,,,,,,US01ELHC10,,,,,,,,,,CA0000000,,,,,,,,,,,,,,,,,,,,,,,,,,,,,,,,,,,,,,,,,,,,,,,,,,,,,,,,,,,,,,,,,,,,,,,,,,,,,,,,,,,,,,,,,,,,,,,,,,,,,,,,,510020.0,,,,,,,-,,,,,,,,,,,,,,,,,,,,,,,,,,,,,,,,,,,,I,False,2022-02-02 16:46:14.251862+00:00,USD
100,C001,5105600121,2022,2,S,,,,91,S,,,,H,1.0,,I1,,3000.0,3000.0,,3000.0,USD,,,,,,,,,,,,1.0,KBS,,,,,,2022-02-02,,,,C002,,,RMRP,,,,,,C001,US011770,,,,148.0,10.0,,,,,,,,,X,,,,,,,,,,,,,,,,,510020,,,,,X,,,,,,,,,,,,,,,,,,,,,,,,,,,,,,,,,,,,,,,,,,,,,,,,,,,,,,,,,,,,,,,,,C0000077,1000.0,10.0,EA,10.0,EA,10.0,EA,4500000015.0,10.0,1.0,,,,1000.0,,RE02,,,,,,,,,,,,,,,,,,,,,,US01ELHC10,,,,,,,,,,CA0000000,,,,,,,,,,,,,,,,,,,,,,,,,,,,,,,,,,,,,,,,,,,,,,,,,,,,,,,,,,,,,,,,,,,,,,,,,,,,,,,,,,,,,,,,,,,,,,,,,,,,,,,,,510020.0,,,,,,,-,,,,,,,,,,,,,,,,,,,,,,,,,,,,,,,,,,,,I,False,2022-04-21 14:41:46.305660+00:00,EUR
250,USA1,5000000007,2022,2,W,,,,96,S,,,,H,,,,,500.0,500.0,,500.0,USD,,,,,,,,,,,,,WRX,,,,,,2022-01-27,450000002600010.0,,,,,,RMWE,,,,,,CYMB,,,,,,,,,,,,,,,X,X,,,,,,,,,,,,,X,,,191100,,0000244479,,X,,,,,,,,,,,,,,,,,,,,,,,,,,,,,,,,,,,,,,,,,,,,,,,,,,,,,,,,,,,,,,,,,,TEST ROH,1000.0,10.0,G,10.0,G,10.0,G,4500000026.0,10.0,,,V,,1000.0,,WE01,,,,,,,,,,,,,,,,,,,,,,,,,,,,,,,,,,,,,,,,,,,,,,,,,,,500.0,,,,,,,,,,,,,,,,,,,,,,,,,,,,,,,,,,,,,,,2.0225000000012e+17,,,,,,,,,,,,,,,,,,,,,,,,,,,,,,,,,,,,,,,,,,,,,,,,,,,,,,-,,,,,,,,,,,,,,,,,,,,,,,,,,,,,,,,,,,,L,False,2022-01-31 20:41:47.268774+00:00,GBP
250,USA1,5000000017,2022,2,W,,,,96,S,,,,H,,,,,40.0,40.0,,40.0,USD,,,,,,,,,,,,,WRX,,,,,,2022-02-03,450000005400010.0,,,,,,RMWE,,,,,,CYMB,,,,,,,,,,,,,,,X,X,,,,,,,,,,,,,X,,,191100,,0000809006,,X,,,,,,,,,,,,,,,,,,,,,,,,,,,,,,,,,,,,,,,,,,,,,,,,,,,,,,,,,,,,,,,,,,TEST,1000.0,1.0,G,1.0,G,1.0,G,4500000054.0,10.0,,,S,,1000.0,,WE01,,,,,,,,,,,,,,,,,,,,,,,,,,,,,,,,,,,,,,,,,,,,,,,,,,,40.0,,,,,,,,,,,,,,,,,,,,,,,,,,,,,,,,,,,,,,,2.0225000000029002e+17,,,,,,,,,,,,,,,,,,,,,,,,,,,,,,,,,,,,,,,,,,,,,,,,,,,,,,-,,,,,,,,,,,,,,,,,,,,,,,,,,,,,,,,,,,,I,False,2022-02-03 09:09:51.467996+00:00,EUR
250,USA1,5000000008,2022,2,W,,,,96,S,,,,H,,,,,400.0,400.0,,400.0,USD,,,,,,,,,,,,,WRX,,,,,,2022-02-02,450000005300010.0,,,,,,RMWE,,,,,,CYMB,,,,,,,,,,,,,,,X,X,,,,,,,,,,,,,X,,,191100,,0000809006,,X,,,,,,,,,,,,,,,,,,,,,,,,,,,,,,,,,,,,,,,,,,,,,,,,,,,,,,,,,,,,,,,,,,TEST,1000.0,10.0,G,10.0,G,10.0,G,4500000053.0,10.0,,,S,,1000.0,,WE01,,,,,,,,,,,,,,,,,,,,,,,,,,,,,,,,,,,,,,,,,,,,,,,,,,,400.0,,,,,,,,,,,,,,,,,,,,,,,,,,,,,,,,,,,,,,,2.022500000002e+17,,,,,,,,,,,,,,,,,,,,,,,,,,,,,,,,,,,,,,,,,,,,,,,,,,,,,,-,,,,,,,,,,,,,,,,,,,,,,,,,,,,,,,,,,,,I,False,2022-02-03 07:01:24.977325+00:00,USD
250,USA1,5000000009,2022,2,W,,,,96,S,,,,H,,,,,120.0,120.0,,120.0,USD,,,,,,,,,,,,,WRX,,,,,,2022-02-02,450000005400010.0,,,,,,RMWE,,,,,,CYMB,,,,,,,,,,,,,,,X,X,,,,,,,,,,,,,X,,,191100,,0000809006,,X,,,,,,,,,,,,,,,,,,,,,,,,,,,,,,,,,,,,,,,,,,,,,,,,,,,,,,,,,,,,,,,,,,TEST,1000.0,3.0,G,3.0,G,3.0,G,4500000054.0,10.0,,,S,,1000.0,,WE01,,,,,,,,,,,,,,,,,,,,,,,,,,,,,,,,,,,,,,,,,,,,,,,,,,,120.0,,,,,,,,,,,,,,,,,,,,,,,,,,,,,,,,,,,,,,,2.0225000000021002e+17,,,,,,,,,,,,,,,,,,,,,,,,,,,,,,,,,,,,,,,,,,,,,,,,,,,,,,-,,,,,,,,,,,,,,,,,,,,,,,,,,,,,,,,,,,,I,False,2022-02-03 07:39:44.127349+00:00,EUR
250,USA1,5000000010,2022,2,W,,,,96,S,,,,H,,,,,80.0,80.0,,80.0,USD,,,,,,,,,,,,,WRX,,,,,,2022-02-02,450000005400010.0,,,,,,RMWE,,,,,,CYMB,,,,,,,,,,,,,,,X,X,,,,,,,,,,,,,X,,,191100,,0000809006,,X,,,,,,,,,,,,,,,,,,,,,,,,,,,,,,,,,,,,,,,,,,,,,,,,,,,,,,,,,,,,,,,,,,TEST,1000.0,2.0,G,2.0,G,2.0,G,4500000054.0,10.0,,,S,,1000.0,,WE01,,,,,,,,,,,,,,,,,,,,,,,,,,,,,,,,,,,,,,,,,,,,,,,,,,,80.0,,,,,,,,,,,,,,,,,,,,,,,,,,,,,,,,,,,,,,,2.0225000000022e+17,,,,,,,,,,,,,,,,,,,,,,,,,,,,,,,,,,,,,,,,,,,,,,,,,,,,,,-,,,,,,,,,,,,,,,,,,,,,,,,,,,,,,,,,,,,I,False,2022-02-03 07:46:07.770048+00:00,EUR
250,USA1,5000000012,2022,2,W,,,,96,S,,,,H,,,,,200.0,200.0,,200.0,USD,,,,,,,,,,,,,WRX,,,,,,2022-02-02,450000005400010.0,,,,,,RMWE,,,,,,CYMB,,,,,,,,,,,,,,,X,X,,,,,,,,,,,,,X,,,191100,,0000809006,,X,,,,,,,,,,,,,,,,,,,,,,,,,,,,,,,,,,,,,,,,,,,,,,,,,,,,,,,,,,,,,,,,,,TEST,1000.0,5.0,G,5.0,G,5.0,G,4500000054.0,10.0,,,S,,1000.0,,WE01,,,,,,,,,,,,,,,,,,,,,,,,,,,,,,,,,,,,,,,,,,,,,,,,,,,200.0,,,,,,,,,,,,,,,,,,,,,,,,,,,,,,,,,,,,,,,2.0225000000024e+17,,,,,,,,,,,,,,,,,,,,,,,,,,,,,,,,,,,,,,,,,,,,,,,,,,,,,,-,,,,,,,,,,,,,,,,,,,,,,,,,,,,,,,,,,,,I,False,2022-02-03 07:52:59.533466+00:00,EUR
250,USA1,5000000000,2022,2,W,,,,96,S,,,,H,,,,,100.0,100.0,,100.0,USD,,,,,,,,,,,,,WRX,,,,,,2022-01-17,450000000000010.0,,,,,,RMWE,,,,,,CYMB,,,,,,,,,,,,,,,X,X,,,,,,,,,,,,,X,,,191100,,TEST,,X,,,,,,,,,,,,,,,,,,,,,,,,,,,,,,,,,,,,,,,,,,,,,,,,,,,,,,,,,,,,,,,,,,TEST CPG1,1000.0,1.0,EA,1.0,EA,1.0,EA,4500000000.0,10.0,,,S,,1000.0,,WE01,,,,,,,,,,,,,,,,,,,,,,,,,,,,,,,,,,,,,,,,,,,,,,,,,,,,,,,,,,,,,,,,,,,,,,,,,,,,,,,,,,,,,,,,,,,,,,,,,,,,,,,,,,,,,,,,,,,,,,,,,,,,,,,,,,,,,,,,,,,,,,,,-,,,,,,,,,,,,,,,,,,,,,,,,,,,,,,,,,,,,L,False,2022-01-31 20:41:47.268774+00:00,USD
250,USA1,5000000001,2022,2,W,,,,96,S,,,,H,,,,,100.0,100.0,,100.0,USD,,,,,,,,,,,,,WRX,,,,,,2022-01-19,450000000200010.0,,,,,,RMWE,,,,,,CYMB,,,,,,,,,,,,,,,X,X,,,,,,,,,,,,,X,,,191100,,TEST,,X,,,,,,,,,,,,,,,,,,,,,,,,,,,,,,,,,,,,,,,,,,,,,,,,,,,,,,,,,,,,,,,,,,TEST CPG1,1000.0,1.0,EA,1.0,EA,1.0,EA,4500000002.0,10.0,,,S,,1000.0,,WE01,,,,,,,,,,,,,,,,,,,,,,,,,,,,,,,,,,,,,,,,,,,,,,,,,,,,,,,,,,,,,,,,,,,,,,,,,,,,,,,,,,,,,,,,,,,,,,,,,,,,,,,,,,,,,,,,,,,,,,,,,,,,,,,,,,,,,,,,,,,,,,,,-,,,,,,,,,,,,,,,,,,,,,,,,,,,,,,,,,,,,L,False,2022-01-31 20:41:47.268774+00:00,EUR
250,USA1,5000000002,2022,2,W,,,,96,S,,,,H,,,,,100.0,100.0,,100.0,USD,,,,,,,,,,,,,WRX,,,,,,2022-01-20,450000000200010.0,,,,,,RMWE,,,,,,CYMB,,,,,,,,,,,,,,,X,X,,,,,,,,,,,,,X,,,191100,,TEST,,X,,,,,,,,,,,,,,,,,,,,,,,,,,,,,,,,,,,,,,,,,,,,,,,,,,,,,,,,,,,,,,,,,,TEST CPG1,1000.0,1.0,EA,1.0,EA,1.0,EA,4500000002.0,10.0,,,S,,1000.0,,WE01,,,,,,,,,,,,,,,,,,,,,,,,,,,,,,,,,,,,,,,,,,,,,,,,,,,,,,,,,,,,,,,,,,,,,,,,,,,,,,,,,,,,,,,,,,,,,,,,,,,,,,,,,,,,,,,,,,,,,,,,,,,,,,,,,,,,,,,,,,,,,,,,-,,,,,,,,,,,,,,,,,,,,,,,,,,,,,,,,,,,,L,False,2022-01-31 20:41:47.268774+00:00,USD
250,USA1,5000000003,2022,2,W,,,,96,S,,,,H,,,,,400.0,400.0,,400.0,USD,,,,,,,,,,,,,WRX,,,,,,2022-01-21,450000000700010.0,,,,,,RMWE,,,,,,CYMB,,,,,,,,,,,,,,,X,X,,,,,,,,,,,,,X,,,191100,,TEST,,X,,,,,,,,,,,,,,,,,,,,,,,,,,,,,,,,,,,,,,,,,,,,,,,,,,,,,,,,,,,,,,,,,,TEST CPG,1000.0,4.0,EA,4.0,EA,4.0,EA,4500000007.0,10.0,,,V,,1000.0,,WE01,,,,,,,,,,,,,,,,,,,,,,,,,,,,,,,,,,,,,,,,,,,,,,,,,,,400.0,,,,,,,,,,,,,,,,,,,,,,,,,,,,,,,,,,,,,,,2.0225000000004e+17,,,,,,,,,,,,,,,,,,,,,,,,,,,,,,,,,,,,,,,,,,,,,,,,,,,,,,-,,,,,,,,,,,,,,,,,,,,,,,,,,,,,,,,,,,,L,False,2022-01-31 20:41:47.268774+00:00,EUR
250,USA1,5000000004,2022,2,W,,,,96,S,,,,H,,,,,200.0,200.0,,200.0,USD,,,,,,,,,,,,,WRX,,,,,,2022-01-21,450000001000010.0,,,,,,RMWE,,,,,,CYMB,,,,,,,,,,,,,,,X,X,,,,,,,,,,,,,X,,,191100,,TEST,,X,,,,,,,,,,,,,,,,,,,,,,,,,,,,,,,,,,,,,,,,,,,,,,,,,,,,,,,,,,,,,,,,,,TEST CPG,1000.0,2.0,EA,2.0,EA,2.0,EA,4500000010.0,10.0,,,V,,1000.0,,WE01,,,,,,,,,,,,,,,,,,,,,,,,,,,,,,,,,,,,,,,,,,,,,,,,,,,200.0,,,,,,,,,,,,,,,,,,,,,,,,,,,,,,,,,,,,,,,2.0225000000005002e+17,,,,,,,,,,,,,,,,,,,,,,,,,,,,,,,,,,,,,,,,,,,,,,,,,,,,,,-,,,,,,,,,,,,,,,,,,,,,,,,,,,,,,,,,,,,L,False,2022-01-31 20:41:47.268774+00:00,GBP
250,USA1,4900000013,2022,1,W,,,,96,S,,,,H,,,,,100.0,100.0,,100.0,USD,,,,,,,,,,,,,WRX,,,,,,2022-01-21,450000000600010.0,,,,,,RMWL,,,,,,CYMB,,,,80000014.0,,,,,,,,,,,X,X,,,,,,,,,,,,,X,,,191100,,V2000,,X,,,,,,,,,,,,,,,,,,,,,,,,,,,,,,,,,,,,,,,,,,,,,,,,,,,,,,,,,,,,,,,,,,1028118297C,1000.0,10.0,EA,10.0,EA,10.0,EA,4500000006.0,10.0,,,S,,1000.0,,WE01,,,,,,,,,,,,,,,,,,,,,,,,,,,,,,,,,,,,,,,,,,,,,,,,,,,100.0,,,,,,,,,,,,,,,,,,,,,,,,,,,,,,,,,,,,,,,,,,,,,,,,,,,,,,,,,,,,,,,,,,,,,,,,,,,,,,,,,,,,,,,,,,,,,-,,,,,,,,,,,,,,,,,,,,,,,,,,,,,,,,,,,,L,False,2022-01-31 20:41:47.268774+00:00,EUR
250,USA1,4900000025,2022,1,W,,,,96,S,,,,H,,,,,100.0,100.0,,100.0,USD,,,,,,,,,,,,,WRX,,,,,,2022-01-25,450000000600010.0,,,,,,RMWL,,,,,,CYMB,,,,80000014.0,,,,,,,,,,,X,X,,,,,,,,,,,,,X,,,191100,,V2000,,X,,,,,,,,,,,,,,,,,,,,,,,,,,,,,,,,,,,,,,,,,,,,,,,,,,,,,,,,,,,,,,,,,,1028118297C,1000.0,10.0,EA,10.0,EA,10.0,EA,4500000006.0,10.0,,,S,,1000.0,,WE01,,,,,,,,,,,,,,,,,,,,,,,,,,,,,,,,,,,,,,,,,,,,,,,,,,,100.0,,,,,,,,,,,,,,,,,,,,,,,,,,,,,,,,,,,,,,,,,,,,,,,,,,,,,,,,,,,,,,,,,,,,,,,,,,,,,,,,,,,,,,,,,,,,,-,,,,,,,,,,,,,,,,,,,,,,,,,,,,,,,,,,,,L,False,2022-01-31 20:41:47.268774+00:00,USD
250,USA1,4900000026,2022,1,W,,,,96,S,,,,H,,,,,100.0,100.0,,100.0,USD,,,,,,,,,,,,,WRX,,,,,,2022-01-25,450000001900010.0,,,,,,RMWL,,,,,,CYMB,,,,80000031.0,,,,,,,,,,,X,X,,,,,,,,,,,,,X,,,191100,,V2000,,X,,,,,,,,,,,,,,,,,,,,,,,,,,,,,,,,,,,,,,,,,,,,,,,,,,,,,,,,,,,,,,,,,,1028118297C,1000.0,10.0,EA,10.0,EA,10.0,EA,4500000019.0,10.0,,,S,,1000.0,,WE01,,,,,,,,,,,,,,,,,,,,,,,,,,,,,,,,,,,,,,,,,,,,,,,,,,,100.0,,,,,,,,,,,,,,,,,,,,,,,,,,,,,,,,,,,,,,,,,,,,,,,,,,,,,,,,,,,,,,,,,,,,,,,,,,,,,,,,,,,,,,,,,,,,,-,,,,,,,,,,,,,,,,,,,,,,,,,,,,,,,,,,,,L,False,2022-01-31 20:41:47.268774+00:00,EUR
250,USA1,4900000028,2022,1,W,,,,96,S,,,,H,,,,,100.0,100.0,,100.0,USD,,,,,,,,,,,,,WRX,,,,,,2022-01-25,450000001900010.0,,,,,,RMWL,,,,,,CYMB,,,,80000031.0,,,,,,,,,,,X,X,,,,,,,,,,,,,X,,,191100,,V2000,,X,,,,,,,,,,,,,,,,,,,,,,,,,,,,,,,,,,,,,,,,,,,,,,,,,,,,,,,,,,,,,,,,,,1028118297C,1000.0,10.0,EA,10.0,EA,10.0,EA,4500000019.0,10.0,,,S,,1000.0,,WE01,,,,,,,,,,,,,,,,,,,,,,,,,,,,,,,,,,,,,,,,,,,,,,,,,,,100.0,,,,,,,,,,,,,,,,,,,,,,,,,,,,,,,,,,,,,,,,,,,,,,,,,,,,,,,,,,,,,,,,,,,,,,,,,,,,,,,,,,,,,,,,,,,,,-,,,,,,,,,,,,,,,,,,,,,,,,,,,,,,,,,,,,L,False,2022-01-31 20:41:47.268774+00:00,EUR
250,USA1,4900000031,2022,1,W,,,,96,S,,,,H,,,,,10.0,10.0,,10.0,USD,,,,,,,,,,,,,WRX,,,,,,2022-01-28,450000002700010.0,,,,,,RMWL,,,,,,CYMB,,,,80000035.0,,,,,,,,,,,X,X,,,,,,,,,,,,,X,,,191100,,V2000,,X,,,,,,,,,,,,,,,,,,,,,,,,,,,,,,,,,,,,,,,,,,,,,,,,,,,,,,,,,,,,,,,,,,1028118297C,1000.0,1.0,EA,1.0,EA,1.0,EA,4500000027.0,10.0,,,S,,1000.0,,WE01,,,,,,,,,,,,,,,,,,,,,,,,,,,,,,,,,,,,,,,,,,,,,,,,,,,10.0,,,,,,,,,,,,,,,,,,,,,,,,,,,,,,,,,,,,,,,,,,,,,,,,,,,,,,,,,,,,,,,,,,,,,,,,,,,,,,,,,,,,,,,,,,,,,-,,,,,,,,,,,,,,,,,,,,,,,,,,,,,,,,,,,,L,False,2022-01-31 20:41:47.268774+00:00,EUR
250,USA1,4900000034,2022,1,W,,,,96,S,,,,H,,,,,100.0,100.0,,100.0,USD,,,,,,,,,,,,,WRX,,,,,,2022-02-06,450000106700010.0,,,,,,RMWL,,,,,,CYMB,,,,80000042.0,,,,,,,,,,,X,X,,,,,,,,,,,,,X,,,191100,,V2000,,X,,,,,,,,,,,,,,,,,,,,,,,,,,,,,,,,,,,,,,,,,,,,,,,,,,,,,,,,,,,,,,,,,,1028118297C,1000.0,10.0,EA,10.0,EA,10.0,EA,4500001067.0,10.0,,,S,,1000.0,,WE01,,,,,,,,,,,,,,,,,,,,,,,,,,,,,,,,,,,,,,,,,,,,,,,,,,,100.0,,,,,,,,,,,,,,,,,,,,,,,,,,,,,,,,,,,,,,,,,,,,,,,,,,,,,,,,,,,,,,,,,,,,,,,,,,,,,,,,,,,,,,,,,,,,,-,,,,,,,,,,,,,,,,,,,,,,,,,,,,,,,,,,,,I,False,2022-02-07 05:10:17.503179+00:00,USD
250,USA1,5000000017,2022,3,P,,,,96,S,,,,H,,,,,160.0,160.0,,160.0,USD,,,,,,,,,,,,,PRD,,,,,,2022-02-03,20220203.0,,,,,,RMWE,,,,,,CYMB,,,,,,,,,,,,,,,X,,,,,,,,,,,,,,,,,281500,,0000809006,,,X,,,,,,,,,,,,,,,,,,,,,,,,,,,,,,,,,,,,,,,,,,,,,,,,,,,,,,,,,,,,,,,,,TEST,1000.0,1.0,G,1.0,G,1.0,G,4500000054.0,10.0,,,S,,1000.0,,WE01,,,,,,,,,,,,,,,,,,,,,,,,,,,,,,,,,,,,,,,,,,,,,,,,,,,160.0,,,,,,,,,,,,,,,,,,,,,,,,,,,,,,,,,,,,,,,,,,,,,,,,,,,,,,,,,,,,,,,,,,,,,,,,,,,,,,,,,,,,,,,,,,,,,0,,,,,,,,,,,,,,,,,,,,,,,,,,,,,,,,,,,,I,False,2022-02-03 09:09:51.467996+00:00,EUR
250,USA1,5000000008,2022,3,P,,,,96,S,,,,H,,,,,1600.0,1600.0,,1600.0,USD,,,,,,,,,,,,,PRD,,,,,,2022-02-02,20220202.0,,,,,,RMWE,,,,,,CYMB,,,,,,,,,,,,,,,X,,,,,,,,,,,,,,,,,281500,,0000809006,,,X,,,,,,,,,,,,,,,,,,,,,,,,,,,,,,,,,,,,,,,,,,,,,,,,,,,,,,,,,,,,,,,,,TEST,1000.0,10.0,G,10.0,G,10.0,G,4500000053.0,10.0,,,S,,1000.0,,WE01,,,,,,,,,,,,,,,,,,,,,,,,,,,,,,,,,,,,,,,,,,,,,,,,,,,1600.0,,,,,,,,,,,,,,,,,,,,,,,,,,,,,,,,,,,,,,,,,,,,,,,,,,,,,,,,,,,,,,,,,,,,,,,,,,,,,,,,,,,,,,,,,,,,,0,,,,,,,,,,,,,,,,,,,,,,,,,,,,,,,,,,,,I,False,2022-02-03 07:01:24.977325+00:00,USD
250,USA1,5000000009,2022,3,P,,,,96,S,,,,H,,,,,480.0,480.0,,480.0,USD,,,,,,,,,,,,,PRD,,,,,,2022-02-02,20220202.0,,,,,,RMWE,,,,,,CYMB,,,,,,,,,,,,,,,X,,,,,,,,,,,,,,,,,281500,,0000809006,,,X,,,,,,,,,,,,,,,,,,,,,,,,,,,,,,,,,,,,,,,,,,,,,,,,,,,,,,,,,,,,,,,,,TEST,1000.0,3.0,G,3.0,G,3.0,G,4500000054.0,10.0,,,S,,1000.0,,WE01,,,,,,,,,,,,,,,,,,,,,,,,,,,,,,,,,,,,,,,,,,,,,,,,,,,480.0,,,,,,,,,,,,,,,,,,,,,,,,,,,,,,,,,,,,,,,,,,,,,,,,,,,,,,,,,,,,,,,,,,,,,,,,,,,,,,,,,,,,,,,,,,,,,0,,,,,,,,,,,,,,,,,,,,,,,,,,,,,,,,,,,,I,False,2022-02-03 07:39:44.127349+00:00,EUR
250,USA1,5000000010,2022,3,P,,,,96,S,,,,H,,,,,320.0,320.0,,320.0,USD,,,,,,,,,,,,,PRD,,,,,,2022-02-02,20220202.0,,,,,,RMWE,,,,,,CYMB,,,,,,,,,,,,,,,X,,,,,,,,,,,,,,,,,281500,,0000809006,,,X,,,,,,,,,,,,,,,,,,,,,,,,,,,,,,,,,,,,,,,,,,,,,,,,,,,,,,,,,,,,,,,,,TEST,1000.0,2.0,G,2.0,G,2.0,G,4500000054.0,10.0,,,S,,1000.0,,WE01,,,,,,,,,,,,,,,,,,,,,,,,,,,,,,,,,,,,,,,,,,,,,,,,,,,320.0,,,,,,,,,,,,,,,,,,,,,,,,,,,,,,,,,,,,,,,,,,,,,,,,,,,,,,,,,,,,,,,,,,,,,,,,,,,,,,,,,,,,,,,,,,,,,0,,,,,,,,,,,,,,,,,,,,,,,,,,,,,,,,,,,,I,False,2022-02-03 07:46:07.770048+00:00,GBP
250,USA1,5000000012,2022,3,P,,,,96,S,,,,H,,,,,800.0,800.0,,800.0,USD,,,,,,,,,,,,,PRD,,,,,,2022-02-02,20220202.0,,,,,,RMWE,,,,,,CYMB,,,,,,,,,,,,,,,X,,,,,,,,,,,,,,,,,281500,,0000809006,,,X,,,,,,,,,,,,,,,,,,,,,,,,,,,,,,,,,,,,,,,,,,,,,,,,,,,,,,,,,,,,,,,,,TEST,1000.0,5.0,G,5.0,G,5.0,G,4500000054.0,10.0,,,S,,1000.0,,WE01,,,,,,,,,,,,,,,,,,,,,,,,,,,,,,,,,,,,,,,,,,,,,,,,,,,800.0,,,,,,,,,,,,,,,,,,,,,,,,,,,,,,,,,,,,,,,,,,,,,,,,,,,,,,,,,,,,,,,,,,,,,,,,,,,,,,,,,,,,,,,,,,,,,0,,,,,,,,,,,,,,,,,,,,,,,,,,,,,,,,,,,,I,False,2022-02-03 07:52:59.533466+00:00,EUR
250,USA1,4900000024,2022,2,P,,,,96,S,,,,H,,,,,100.0,100.0,,100.0,USD,,,,,,,,,,,,,PRD,,,,,,2022-01-25,20220125.0,,,,,,RMWL,,,,,,CYMB,,,,80000014.0,,,,,,,,,,,X,,,,,,,,,,,,,,,,,281500,,V2000,,,X,,,,,,,,,,,,,,,,,,,,,,,,,,,,,,,,,,,,,,,,,,,,,,,,,,,,,,,,,,,,,,,,,1028118297C,1000.0,10.0,EA,10.0,EA,10.0,EA,4500000006.0,10.0,,,S,,1000.0,,WE01,,,,,,,,,,,,,,,,,,,,,,,,,,,,,,,,,,,,,,,,,,,,,,,,,,,100.0,,,,,,,,,,,,,,,,,,,,,,,,,,,,,,,,,,,,,,,,,,,,,,,,,,,,,,,,,,,,,,,,,,,,,,,,,,,,,,,,,,,,,,,,,,,,,0,,,,,,,,,,,,,,,,,,,,,,,,,,,,,,,,,,,,L,False,2022-01-31 20:41:47.268774+00:00,USD
250,USA1,4900000027,2022,2,P,,,,96,S,,,,H,,,,,100.0,100.0,,100.0,USD,,,,,,,,,,,,,PRD,,,,,,2022-01-25,20220125.0,,,,,,RMWL,,,,,,CYMB,,,,80000031.0,,,,,,,,,,,X,,,,,,,,,,,,,,,,,281500,,V2000,,,X,,,,,,,,,,,,,,,,,,,,,,,,,,,,,,,,,,,,,,,,,,,,,,,,,,,,,,,,,,,,,,,,,1028118297C,1000.0,10.0,EA,10.0,EA,10.0,EA,4500000019.0,10.0,,,S,,1000.0,,WE01,,,,,,,,,,,,,,,,,,,,,,,,,,,,,,,,,,,,,,,,,,,,,,,,,,,100.0,,,,,,,,,,,,,,,,,,,,,,,,,,,,,,,,,,,,,,,,,,,,,,,,,,,,,,,,,,,,,,,,,,,,,,,,,,,,,,,,,,,,,,,,,,,,,0,,,,,,,,,,,,,,,,,,,,,,,,,,,,,,,,,,,,L,False,2022-01-31 20:41:47.268774+00:00,EUR
250,USA1,4900000032,2022,2,P,,,,96,S,,,,H,,,,,10.0,10.0,,10.0,USD,,,,,,,,,,,,,PRD,,,,,,2022-01-28,20220128.0,,,,,,RMWL,,,,,,CYMB,,,,80000035.0,,,,,,,,,,,X,,,,,,,,,,,,,,,,,281500,,V2000,,,X,,,,,,,,,,,,,,,,,,,,,,,,,,,,,,,,,,,,,,,,,,,,,,,,,,,,,,,,,,,,,,,,,1028118297C,1000.0,1.0,EA,1.0,EA,1.0,EA,4500000027.0,10.0,,,S,,1000.0,,WE01,,,,,,,,,,,,,,,,,,,,,,,,,,,,,,,,,,,,,,,,,,,,,,,,,,,10.0,,,,,,,,,,,,,,,,,,,,,,,,,,,,,,,,,,,,,,,,,,,,,,,,,,,,,,,,,,,,,,,,,,,,,,,,,,,,,,,,,,,,,,,,,,,,,0,,,,,,,,,,,,,,,,,,,,,,,,,,,,,,,,,,,,L,False,2022-01-31 20:41:47.268774+00:00,EUR
250,EU01,5000000000,2022,2,W,,,,96,S,,,,H,,,,,100.0,100.0,,100.0,EUR,,,,,,,,,,,,,WRX,,,,,,2022-01-20,450000000300010.0,,,,,,RMWE,,,,,,CYMB,,,,,,,,,,,,,,,X,X,,,,,,,,,,,,,X,,,191100,,TEST EU,,X,,,,,,,,,,,,,,,,,,,,,,,,,,,,,,,,,,,,,,,,,,,,,,,,,,,,,,,,,,,,,,,,,,TEST ROH EU,2000.0,10.0,EA,10.0,EA,10.0,EA,4500000003.0,10.0,,,V,,2000.0,,WE01,,,,,,,,,,,,,,,,,,,,,,,,,,,,,,,,,,,,,,,,,,,,,,,,,,,,,,,,,,,,,,,,,,,,,,,,,,,,,,,,,,,,,,,,,,2.0225000000002e+17,,,,,,,,,,,,,,,,,,,,,,,,,,,,,,,,,,,,,,,,,,,,,,,,,,,,,,-,,,,,,,,,,,,,,,,,,,,,,,,,,,,,,,,,,,,L,False,2022-01-31 20:41:47.268774+00:00,EUR
250,EU01,4900000002,2022,1,W,,,,96,S,,,,H,,,,,880.0,1000.0,,880.0,EUR,,,,,,,,,,,,,WRX,,,,,,2022-01-23,450000001100010.0,,,,,,RMWL,,,,,,CYMB,,,,80000015.0,,,,,,,,,,,X,X,,,,,,,,,,,,,X,,,191100,,TEST,,X,,,,,,,,,,,,,,,,,,,,,,,,,,,,,,,,,,,,,,,,,,,,,,,,,,,,,,,,,,,,,,,,,,1028118297C,2000.0,10.0,EA,10.0,EA,10.0,EA,4500000011.0,10.0,,,S,,2000.0,,WE01,,,,,,,,,,,,,,,,,,,,,,,,,,,,,,,,,,,,,,,,,,,,,,,,,,,1000.0,,,,,,,,,,,,,,,,,,,,,,,,,,,,,,,,,,,,,,,,,,,,,,,,,,,,,,,,,,,,,,,,,,,,,,,,,,,,,,,,,,,,,,,,,,,,,-,,,,,,,,,,,,,,,,,,,,,,,,,,,,,,,,,,,,L,False,2022-01-31 20:41:47.268774+00:00,USD
250,EU01,4900000003,2022,1,W,,,,96,S,,,,H,,,,,880.0,1000.0,,880.0,EUR,,,,,,,,,,,,,WRX,,,,,,2022-01-23,450000001200010.0,,,,,,RMWL,,,,,,CYMB,,,,80000016.0,,,,,,,,,,,X,X,,,,,,,,,,,,,X,,,191100,,TEST,,X,,,,,,,,,,,,,,,,,,,,,,,,,,,,,,,,,,,,,,,,,,,,,,,,,,,,,,,,,,,,,,,,,,1028118297C,2000.0,10.0,EA,10.0,EA,10.0,EA,4500000012.0,10.0,,,S,,2000.0,,WE01,,,,,,,,,,,,,,,,,,,,,,,,,,,,,,,,,,,,,,,,,,,,,,,,,,,1000.0,,,,,,,,,,,,,,,,,,,,,,,,,,,,,,,,,,,,,,,,,,,,,,,,,,,,,,,,,,,,,,,,,,,,,,,,,,,,,,,,,,,,,,,,,,,,,-,,,,,,,,,,,,,,,,,,,,,,,,,,,,,,,,,,,,L,False,2022-01-31 20:41:47.268774+00:00,EUR
250,EU01,4900000004,2022,1,W,,,,96,S,,,,H,,,,,176.0,200.0,,176.0,EUR,,,,,,,,,,,,,WRX,,,,,,2022-01-24,450000001400010.0,,,,,,RMWL,,,,,,CYMB,,,,80000018.0,,,,,,,,,,,X,X,,,,,,,,,,,,,X,,,191100,,TEST,,X,,,,,,,,,,,,,,,,,,,,,,,,,,,,,,,,,,,,,,,,,,,,,,,,,,,,,,,,,,,,,,,,,,1028118297C,2000.0,2.0,EA,2.0,EA,2.0,EA,4500000014.0,10.0,,,S,,2000.0,,WE01,,,,,,,,,,,,,,,,,,,,,,,,,,,,,,,,,,,,,,,,,,,,,,,,,,,200.0,,,,,,,,,,,,,,,,,,,,,,,,,,,,,,,,,,,,,,,,,,,,,,,,,,,,,,,,,,,,,,,,,,,,,,,,,,,,,,,,,,,,,,,,,,,,,-,,,,,,,,,,,,,,,,,,,,,,,,,,,,,,,,,,,,L,False,2022-01-31 20:41:47.268774+00:00,USD
250,EU01,4900000005,2022,1,W,,,,96,S,,,,H,,,,,880.0,1000.0,,880.0,EUR,,,,,,,,,,,,,WRX,,,,,,2022-01-24,450000001500010.0,,,,,,RMWL,,,,,,CYMB,,,,80000019.0,,,,,,,,,,,X,X,,,,,,,,,,,,,X,,,191100,,TEST,,X,,,,,,,,,,,,,,,,,,,,,,,,,,,,,,,,,,,,,,,,,,,,,,,,,,,,,,,,,,,,,,,,,,1028118297C,2000.0,10.0,EA,10.0,EA,10.0,EA,4500000015.0,10.0,,,S,,2000.0,,WE01,,,,,,,,,,,,,,,,,,,,,,,,,,,,,,,,,,,,,,,,,,,,,,,,,,,1000.0,,,,,,,,,,,,,,,,,,,,,,,,,,,,,,,,,,,,,,,,,,,,,,,,,,,,,,,,,,,,,,,,,,,,,,,,,,,,,,,,,,,,,,,,,,,,,-,,,,,,,,,,,,,,,,,,,,,,,,,,,,,,,,,,,,L,False,2022-01-31 20:41:47.268774+00:00,EUR
250,EU01,4900000009,2022,1,W,,,,96,S,,,,H,,,,,880.0,1000.0,,880.0,EUR,,,,,,,,,,,,,WRX,,,,,,2022-01-25,450000001500010.0,,,,,,RMWL,,,,,,CYMB,,,,80000019.0,,,,,,,,,,,X,X,,,,,,,,,,,,,X,,,191100,,TEST,,X,,,,,,,,,,,,,,,,,,,,,,,,,,,,,,,,,,,,,,,,,,,,,,,,,,,,,,,,,,,,,,,,,,1028118297C,2000.0,10.0,EA,10.0,EA,10.0,EA,4500000015.0,10.0,,,S,,2000.0,,WE01,,,,,,,,,,,,,,,,,,,,,,,,,,,,,,,,,,,,,,,,,,,,,,,,,,,1000.0,,,,,,,,,,,,,,,,,,,,,,,,,,,,,,,,,,,,,,,,,,,,,,,,,,,,,,,,,,,,,,,,,,,,,,,,,,,,,,,,,,,,,,,,,,,,,-,,,,,,,,,,,,,,,,,,,,,,,,,,,,,,,,,,,,L,False,2022-01-31 20:41:47.268774+00:00,GBP
250,EU01,4900000008,2022,2,P,,,,96,S,,,,H,,,,,880.0,1000.0,,1000.0,USD,,,,,,,,,,,,,PRD,,,,,,2022-01-25,20220125.0,,,,,,RMWL,,,,,,CYMB,,,,80000019.0,,,,,,,,,,,X,,,,,,,,,,,,,,,,,281500,,TEST,,,X,,,,,,,,,,,,,,,,,,,,,,,,,,,,,,,,,,,,,,,,,,,,,,,,,,,,,,,,,,,,,,,,,1028118297C,2000.0,10.0,EA,10.0,EA,10.0,EA,4500000015.0,10.0,,,S,,2000.0,,WE01,,,,,,,,,,,,,,,,,,,,,,,,,,,,,,,,,,,,,,,,,,,,,,,,,,,1000.0,,,,,,,,,,,,,,,,,,,,,,,,,,,,,,,,,,,,,,,,,,,,,,,,,,,,,,,,,,,,,,,,,,,,,,,,,,,,,,,,,,,,,,,,,,,,,0,,,,,,,,,,,,,,,,,,,,,,,,,,,,,,,,,,,,L,False,2022-01-31 20:41:47.268774+00:00,EUR
100,C001,90001618,2022,1,,,,,1,D,,,,S,1.0,,O1,,448.8,448.8,,448.8,USD,,,,,,,,,,,,,,,,,,,,90006419.0,,,,,,SD00,,,,,,C001,,,,90006419.0,,,,,,,,,X,,X,X,,,,,,,,,,,,,,,121000.0,121000,1000054.0,,,X,,,2022-04-21,1.0,,,,,,408.0,,,,,,,,,,,,,,,,,,,,,,,,,,,,,,,,,,,,,,,,,,,,,,,,,,,,,,,,,,,,,,,,,,,,,,,,,,,,,,,,,,,,,,,,,,,,,,,,,,,,,,,,,,,,,,,,,,,,,,,,,,,448.8,,,,,,,,,,,,,,,,,,,,,,,,,,,,,,,,,,,,,,,,,,,,,,,,90006419.0,,,,,,,,,,,,,,,,,,,,,,,,,,,,,,,,,,,,,,,,,,,,,,,,,,,,,,,,,,,,,,,,,,,,,,,,,,,,,,,,,I,False,2022-04-26 14:35:07.788536+00:00,USD
100,C003,90001200,2022,1,,,,,1,D,,,,S,1.0,,S1,,3743.55,3743.55,,3743.55,CAD,,,,,,,,,,,,,,,,,,,,,,,,,,SD00,,,,,,C001,,,,90006420.0,,,,,,,,,X,,X,X,,,,,,,,,,,,,,,121000.0,121000,1000056.0,,,X,,,2022-04-24,1.0,,,,,,2495.7,,,,,,,,,,,,,,,,,,,,,,,,,,,,,,,,,,,,,,,,,,,,,,,,,,,,,,,,,,,,,,,,,,,,,,,,,,,,,,,,,,,,,,,,,,,,,,,,,,,,,,,,,,,,,,,,,,,,,,,,,,,2970.81,,,,,,,,,,,,,,,,,,,,,,,,,,,,,,,,,,,,,,,,,,,,,,,,90006420.0,,,,,,,,,,,,,,,,,,,,,,,,,,,,,,,,,,,,,,,,,,,,,,,,,,,,,,,,,,,,,,,,,,,,,,,,,,,,,,,,,I,False,2022-04-26 14:35:07.788536+00:00,EUR
50,C003,90001200,2022,1,,,,,1,D,,,,S,1.0,,S1,,867.15,867.15,,867.15,CAD,,,,,,,,,,,,,,,,,,,,,,,,,,SD00,,,,,,C001,,,,90006419.0,,,,,,,,,X,,X,X,,,,,,,,,,,,,,,121000.0,121000,1000056.0,,,X,,,2022-04-24,1.0,,,,,,578.1,,,,,,,,,,,,,,,,,,,,,,,,,,,,,,,,,,,,,,,,,,,,,,,,,,,,,,,,,,,,,,,,,,,,,,,,,,,,,,,,,,,,,,,,,,,,,,,,,,,,,,,,,,,,,,,,,,,,,,,,,,,688.15,,,,,,,,,,,,,,,,,,,,,,,,,,,,,,,,,,,,,,,,,,,,,,,,90006419.0,,,,,,,,,,,,,,,,,,,,,,,,,,,,,,,,,,,,,,,,,,,,,,,,,,,,,,,,,,,,,,,,,,,,,,,,,,,,,,,,,I,False,2022-04-26 14:35:07.788536+00:00,EUR
100,C003,90001201,2022,1,,,,,1,D,,,,S,1.0,,S1,,909.45,909.45,,909.45,CAD,,,,,,,,,,,,,,,,,,,,,,,,,,SD00,,,,,,C001,,,,90006421.0,,,,,,,,,X,,X,X,,,,,,,,,,,,,,,121000.0,121000,1000056.0,,,X,,,2022-04-24,1.0,,,,,,606.3,,,,,,,,,,,,,,,,,,,,,,,,,,,,,,,,,,,,,,,,,,,,,,,,,,,,,,,,,,,,,,,,,,,,,,,,,,,,,,,,,,,,,,,,,,,,,,,,,,,,,,,,,,,,,,,,,,,,,,,,,,,721.72,,,,,,,,,,,,,,,,,,,,,,,,,,,,,,,,,,,,,,,,,,,,,,,,90006421.0,,,,,,,,,,,,,,,,,,,,,,,,,,,,,,,,,,,,,,,,,,,,,,,,,,,,,,,,,,,,,,,,,,,,,,,,,,,,,,,,,I,False,2022-04-26 14:35:07.788536+00:00,EUR
100,C003,90001202,2022,1,,,,,1,D,,,,S,1.0,,S1,,545.67,545.67,,545.67,CAD,,,,,,,,,,,,,,,,,,,,,,,,,,SD00,,,,,,C001,,,,90006422.0,,,,,,,,,X,,X,X,,,,,,,,,,,,,,,121000.0,121000,1000056.0,,,X,,,2022-04-25,1.0,,,,,,363.78,,,,,,,,,,,,,,,,,,,,,,,,,,,,,,,,,,,,,,,,,,,,,,,,,,,,,,,,,,,,,,,,,,,,,,,,,,,,,,,,,,,,,,,,,,,,,,,,,,,,,,,,,,,,,,,,,,,,,,,,,,,433.03,,,,,,,,,,,,,,,,,,,,,,,,,,,,,,,,,,,,,,,,,,,,,,,,90006422.0,,,,,,,,,,,,,,,,,,,,,,,,,,,,,,,,,,,,,,,,,,,,,,,,,,,,,,,,,,,,,,,,,,,,,,,,,,,,,,,,,I,False,2022-04-26 14:35:07.788536+00:00,USD
100,C003,90001203,2022,1,,,,,1,D,,,,S,1.0,,S1,,727.56,727.56,,727.56,CAD,,,,,,,,,,,,,,,,,,,,,,,,,,SD00,,,,,,C001,,,,90006423.0,,,,,,,,,X,,X,X,,,,,,,,,,,,,,,121000.0,121000,1000056.0,,,X,,,2022-04-25,1.0,,,,,,485.04,,,,,,,,,,,,,,,,,,,,,,,,,,,,,,,,,,,,,,,,,,,,,,,,,,,,,,,,,,,,,,,,,,,,,,,,,,,,,,,,,,,,,,,,,,,,,,,,,,,,,,,,,,,,,,,,,,,,,,,,,,,577.38,,,,,,,,,,,,,,,,,,,,,,,,,,,,,,,,,,,,,,,,,,,,,,,,90006423.0,,,,,,,,,,,,,,,,,,,,,,,,,,,,,,,,,,,,,,,,,,,,,,,,,,,,,,,,,,,,,,,,,,,,,,,,,,,,,,,,,I,False,2022-04-26 14:35:07.788536+00:00,EUR
100,C003,90001204,2022,1,,,,,1,D,,,,S,1.0,,S1,,909.45,909.45,,909.45,CAD,,,,,,,,,,,,,,,,,,,,,,,,,,SD00,,,,,,C001,,,,90006424.0,,,,,,,,,X,,X,X,,,,,,,,,,,,,,,121000.0,121000,1000056.0,,,X,,,2022-04-25,1.0,,,,,,606.3,,,,,,,,,,,,,,,,,,,,,,,,,,,,,,,,,,,,,,,,,,,,,,,,,,,,,,,,,,,,,,,,,,,,,,,,,,,,,,,,,,,,,,,,,,,,,,,,,,,,,,,,,,,,,,,,,,,,,,,,,,,721.72,,,,,,,,,,,,,,,,,,,,,,,,,,,,,,,,,,,,,,,,,,,,,,,,90006424.0,,,,,,,,,,,,,,,,,,,,,,,,,,,,,,,,,,,,,,,,,,,,,,,,,,,,,,,,,,,,,,,,,,,,,,,,,,,,,,,,,I,False,2022-04-26 14:35:07.788536+00:00,USD
100,C003,90001205,2022,1,,,,,1,D,,,,S,1.0,,S1,,682.44,682.44,,682.44,CAD,,,,,,,,,,,,,,,,,,,,,,,,,,SD00,,,,,,C001,,,,90006425.0,,,,,,,,,X,,X,X,,,,,,,,,,,,,,,121000.0,121000,1000056.0,,,X,,,2022-04-25,1.0,,,,,,454.96,,,,,,,,,,,,,,,,,,,,,,,,,,,,,,,,,,,,,,,,,,,,,,,,,,,,,,,,,,,,,,,,,,,,,,,,,,,,,,,,,,,,,,,,,,,,,,,,,,,,,,,,,,,,,,,,,,,,,,,,,,,541.57,,,,,,,,,,,,,,,,,,,,,,,,,,,,,,,,,,,,,,,,,,,,,,,,90006425.0,,,,,,,,,,,,,,,,,,,,,,,,,,,,,,,,,,,,,,,,,,,,,,,,,,,,,,,,,,,,,,,,,,,,,,,,,,,,,,,,,I,False,2022-04-26 14:35:07.788536+00:00,EUR
100,C003,90001206,2022,1,,,,,1,D,,,,S,1.0,,S1,,583.74,583.74,,583.74,CAD,,,,,,,,,,,,,,,,,,,,,,,,,,SD00,,,,,,C001,,,,90006426.0,,,,,,,,,X,,X,X,,,,,,,,,,,,,,,121000.0,121000,1000056.0,,,X,,,2022-04-25,1.0,,,,,,389.16,,,,,,,,,,,,,,,,,,,,,,,,,,,,,,,,,,,,,,,,,,,,,,,,,,,,,,,,,,,,,,,,,,,,,,,,,,,,,,,,,,,,,,,,,,,,,,,,,,,,,,,,,,,,,,,,,,,,,,,,,,,463.24,,,,,,,,,,,,,,,,,,,,,,,,,,,,,,,,,,,,,,,,,,,,,,,,90006426.0,,,,,,,,,,,,,,,,,,,,,,,,,,,,,,,,,,,,,,,,,,,,,,,,,,,,,,,,,,,,,,,,,,,,,,,,,,,,,,,,,I,False,2022-04-26 14:35:07.788536+00:00,GBP
100,C003,90001207,2022,1,,,,,1,D,,,,S,1.0,,S1,,783.96,783.96,,783.96,CAD,,,,,,,,,,,,,,,,,,,,,,,,,,SD00,,,,,,C001,,,,90006427.0,,,,,,,,,X,,X,X,,,,,,,,,,,,,,,121000.0,121000,1000056.0,,,X,,,2022-04-25,1.0,,,,,,522.64,,,,,,,,,,,,,,,,,,,,,,,,,,,,,,,,,,,,,,,,,,,,,,,,,,,,,,,,,,,,,,,,,,,,,,,,,,,,,,,,,,,,,,,,,,,,,,,,,,,,,,,,,,,,,,,,,,,,,,,,,,,622.13,,,,,,,,,,,,,,,,,,,,,,,,,,,,,,,,,,,,,,,,,,,,,,,,90006427.0,,,,,,,,,,,,,,,,,,,,,,,,,,,,,,,,,,,,,,,,,,,,,,,,,,,,,,,,,,,,,,,,,,,,,,,,,,,,,,,,,I,False,2022-04-26 14:35:07.788536+00:00,EUR
100,C004,90001243,2022,1,,,,,1,D,,,,S,1.0,,A1,,438.68,438.68,,438.68,EUR,,,,,,,,,,,,,,,,,,,,,,,,,,SD00,,,,,,C001,,,,90006428.0,,,,,,,,,X,,X,X,,,,,,,,,,,,,,,121000.0,121000,1000057.0,,,X,,,2022-04-25,1.0,,,,,,368.64,,,,,,,,,,,,,,,,,,,,,,,,,,,,,,,,,,,,,,,,,,,,,,,,,,,,,,,,,,,,,,,,,,,,,,,,,,,,,,,,,,,,,,,,,,,,,,,,,,,,,,,,,,,,,,,,,,,,,,,,,,,486.27,,,,,,,,,,,,,,,,,,,,,,,,,,,,,,,,,,,,,,,,,,,,,,,,90006428.0,,,,,,,,,,,,,,,,,,,,,,,,,,,,,,,,,,,,,,,,,,,,,,,,,,,,,,,,,,,,,,,,,,,,,,,,,,,,,,,,,I,False,2022-04-26 14:35:07.788536+00:00,USD
100,C004,90001244,2022,1,,,,,1,D,,,,S,1.0,,A1,,599.76,599.76,,599.76,EUR,,,,,,,,,,,,,,,,,,,,,,,,,,SD00,,,,,,C001,,,,90006429.0,,,,,,,,,X,,X,X,,,,,,,,,,,,,,,121000.0,121000,1000057.0,,,X,,,2022-04-25,1.0,,,,,,504.0,,,,,,,,,,,,,,,,,,,,,,,,,,,,,,,,,,,,,,,,,,,,,,,,,,,,,,,,,,,,,,,,,,,,,,,,,,,,,,,,,,,,,,,,,,,,,,,,,,,,,,,,,,,,,,,,,,,,,,,,,,,664.82,,,,,,,,,,,,,,,,,,,,,,,,,,,,,,,,,,,,,,,,,,,,,,,,90006429.0,,,,,,,,,,,,,,,,,,,,,,,,,,,,,,,,,,,,,,,,,,,,,,,,,,,,,,,,,,,,,,,,,,,,,,,,,,,,,,,,,I,False,2022-04-26 14:35:07.788536+00:00,EUR
50,C001,1800000000,2022,1,,,,,1,D,,,,S,,,O1,,1100.0,1100.0,,1100.0,USD,,,,,,,,,,,,,AGD,,,,,,,,,,,,,RFBU,,,,,,C001,,,,,,,,,,,,,X,,X,X,,,,,,,,,,,,,,,121000.0,121000,1000000.0,,,X,,,2022-01-10,1.0,,,,,,1000.0,,,,,,,,,,,,,,,,,,,,,,,,,,,,,,,,,,,,,,,,,,,,,,,,,,,,,,,,,,,,,,,,,,,,,,,,,,,,,,,,,,,,,,,,,,,,,,,,,,,,,,,,,,,,,,,,,,,,,,,,,,,,,,,,,,,,,,,,,,,,,,,,,,,,,,,,,,,,,,,,,,,,,,,,,,,,,,,,,,,,,,,,,,,,,,,,,,,,,,,,,,,,,,,,,,,,,,,,,,,,,,,,,,,,,,,,,,,,,,,,,,,,,,,,,,,,L,False,2022-01-31 20:41:47.268774+00:00,EUR
50,C002,1800000000,2022,1,,,,,1,D,,,,S,,,**,,1000.0,1000.0,,1000.0,USD,,,,,,,,,,,,,AGD,,,,,,,,,,,,,RFBU,,,,,,C001,,,,,,,,,,,,,X,,X,X,,,,,,,,,,,,,,,121000.0,121000,1000023.0,,,X,,,2022-02-04,,,,,,,900.0,,,,,,,,,O1,1000.0,,,-100.0,,,,,,,,,,,,,,,,,,,,,,,,,,,,,,,,,,,,,,,,,,,,,,,,,,,,,,,,,,,,,,,,,,,,,,,,,,,,,,,,,,,,,,,,,,,,,,,,,,,,,,,,,,,,,,,,,,,,,,,,,,,,,,,,,,,,,,,,,,,,,,,,,,,,,,,,,,,,,,,,,,,,,,,,,,,,,,,,,,,,,,,,,,,,,,,,,,,,,,,,,,,,,,,,,,,,,,,,,,,,,,,,,,,,,,,,,,,,,,,I,False,2022-02-04 09:49:39.862074+00:00,EUR
50,C003,1800000000,2022,1,,,,,1,D,,,,S,,,S1,,7500.0,7500.0,,7500.0,CAD,,,,,,,,,,,,,AGD,,,,,,,,,,,,,RFBU,,,,,,C001,,,,,,,,,,,,,X,,X,X,,,,,,,,,,,,,,,121000.0,121000,1000033.0,,,X,,,2022-02-17,,,,,,,5000.0,,,,,,,,,,,,,,,,,,,,,,,,,,,,,,,,,,,,,,,,,,,,,,,,,,,,,,,,,,,,,,,,,,,,,,,,,,,,,,,,,,,,,,,,,,,,,,,,,,,,,,,,,,,,,,,,,,,,,,,,,,,5013.38,,,,,,,,,,,,,,,,,,,,,,,,,,,,,,,,,,,,,,,,,,,,,,,,,,,,,,,,,,,,,,,,,,,,,,,,,,,,,,,,,,,,,,,,,,,,,,,,,,,,,,,,,,,,,,,,,,,,,,,,,,,,,,,,,I,False,2022-02-17 07:22:28.957829+00:00,USD
50,C005,1800000000,2022,1,,,,,1,D,,,,S,,,A1,,10.5,10.5,,10.5,JPY,,,,,,,,,,,,,AGD,,,,,,,,,,,,,RFBU,,,,,,C001,,,,,,,,,,,,,X,,X,X,,,,,,,,,,,,,,,121000.0,121000,1000040.0,,,X,,,2022-02-15,,,,,,,10.0,,,,,,,,,,,,,,,,,,,,,,,,,,,,,,,,,,,,,,,,,,,,,,,,,,,,,,,,,,,,,,,,,,,,,,,,,,,,,,,,,,,,,,,,,,,,,,,,,,,,,,,,,,,,,,,,,,,,,,,,,,,9.14,,,,,,,,,,,,,,,,,,,,,,,,,,,,,,,,,,,,,,,,,,,,,,,,,,,,,,,,,,,,,,,,,,,,,,,,,,,,,,,,,,,,,,,,,,,,,,,,,,,,,,,,,,,,,,,,,,,,,,,,,,,,,,,,,I,False,2022-02-17 08:18:37.785237+00:00,EUR
50,C001,1800000001,2022,1,,,,,1,D,,,,S,,,O1,,1100.0,1100.0,,1100.0,USD,,,,,,,,,,,,,AGD,,,,,,,,,,,,,RFBU,,,,,,C001,,,,,,,,,,,,,X,,X,X,,,,,,,,,,,,,,,121000.0,121000,1000041.0,,,X,,,2022-02-17,,,,,,,1000.0,,,,,,,,,,,,,,,,,,,,,,,,,,,,,,,,,,,,,,,,,,,,,,,,,,,,,,,,,,,,,,,,,,,,,,,,,,,,,,,,,,,,,,,,,,,,,,,,,,,,,,,,,,,,,,,,,,,,,,,,,,,1100.0,,,,,,,,,,,,,,,,,,,,,,,,,,,,,,,,,,,,,,,,,,,,,,,,,,,,,,,,,,,,,,,,,,,,,,,,,,,,,,,,,,,,,,,,,,,,,,,,,,,,,,,,,,,,,,,,,,,,,,,,,,,,,,,,,I,False,2022-02-17 13:32:31.260323+00:00,USD
50,C002,1800000002,2022,1,,,,,1,D,,,,S,,,O1,,2200.0,2200.0,,2200.0,USD,,,,,,,,,,,,,AGD,,,,,,,,,,,,,RFBU,,,,,,C001,,,,,,,,,,,,,X,,X,X,,,,,,,,,,,,,,,121000.0,121000,1000023.0,,,X,,,2022-02-17,,,,,,,2000.0,,,,,,,,,,,,,,,,,,,,,,,,,,,,,,,,,,,,,,,,,,,,,,,,,,,,,,,,,,,,,,,,,,,,,,,,,,,,,,,,,,,,,,,,,,,,,,,,,,,,,,,,,,,,,,,,,,,,,,,,,,,2200.0,,,,,,,,,,,,,,,,,,,,,,,,,,,,,,,,,,,,,,,,,,,,,,,,,,,,,,,,,,,,,,,,,,,,,,,,,,,,,,,,,,,,,,,,,,,,,,,,,,,,,,,,,,,,,,,,,,,,,,,,,,,,,,,,,I,False,2022-02-17 13:42:19.870121+00:00,EUR
50,C002,1800000001,2022,1,,,,,1,D,,,,S,,,O1,,2200.0,2200.0,,2200.0,USD,,,,,,,,,,,,,AGD,,,,,,,,,,,,,RFBU,,,,,,C001,,,,,,,,,,,,,X,,X,X,,,,,,,,,,,,,,,121000.0,121000,1000023.0,,,X,,,2022-02-17,,,,,,,2000.0,,,,,,,,,,,,,,,,,,,,,,,,,,,,,,,,,,,,,,,,,,,,,,,,,,,,,,,,,,,,,,,,,,,,,,,,,,,,,,,,,,,,,,,,,,,,,,,,,,,,,,,,,,,,,,,,,,,,,,,,,,,2200.0,,,,,,,,,,,,,,,,,,,,,,,,,,,,,,,,,,,,,,,,,,,,,,,,,,,,,,,,,,,,,,,,,,,,,,,,,,,,,,,,,,,,,,,,,,,,,,,,,,,,,,,,,,,,,,,,,,,,,,,,,,,,,,,,,I,False,2022-02-17 11:00:05.609708+00:00,GBP
50,C002,90000003,2022,1,,,,,1,D,,,,S,1.0,,O1,,1320.0,1320.0,,1320.0,USD,,,,,,,,,,,,,,,,,,,,,,,,,,SD00,,,,,,C001,,,,90000080.0,,,,,,,,,X,,X,X,,,,,,,,,,,,,,,121000.0,121000,1000027.0,,,X,,,2022-01-23,1.0,,,,,,3580.0,,,,,,,,,,,,,,,,,,,,,,,,,,,,,,,,,,,,,,,,,,,,,,,,,,,,,,,,,,,,,,,,,,,,,,,,,,,,,,,,,,,,,,,,,,,,,,,,,,,,,,,,,,,,,,,,,,,,,,,,,,,,,,,,,,,,,,,,,,,,,,,,,,,,,,,,,,,,,,,,,,,,,,,,,,,90000080.0,,,,,,,,,,,,,,,,,,,,,,,,,,,,,,,,,,,,,,,,,,,,,,,,,,,,,,,,,,,,,,,,,,,,,,,,,,,,,,,,,L,False,2022-01-31 20:41:47.268774+00:00,EUR
50,C003,90000031,2022,1,,,,,1,D,,,,S,1.0,,S1,,1095.0,1095.0,,1095.0,CAD,,,,,,,,,,,,,,,,,,,,,,,,,,SD00,,,,,,C001,,,,90000117.0,,,,,,,,,X,,X,X,,,,,,,,,,,,,,,121000.0,121000,1000035.0,,,X,,,2022-01-25,1.0,,,,,,730.0,,,,,,,,,,,,,,,,,,,,,,,,,,,,,,,,,,,,,,,,,,,,,,,,,,,,,,,,,,,,,,,,,,,,,,,,,,,,,,,,,,,,,,,,,,,,,,,,,,,,,,,,,,,,,,,,,,,,,,,,,,,,,,,,,,,,,,,,,,,,,,,,,,,,,,,,,,,,,,,,,,,,,,,,,,,90000117.0,,,,,,,,,,,,,,,,,,,,,,,,,,,,,,,,,,,,,,,,,,,,,,,,,,,,,,,,,,,,,,,,,,,,,,,,,,,,,,,,,L,False,2022-01-31 20:41:47.268774+00:00,USD
50,C004,90000000,2022,1,,,,,1,D,,,,S,1.0,,A1,,1011.5,1011.5,,1011.5,EUR,,,,,,,,,,,,,,,,,,,,90000121.0,,,,,,SD00,,,,,,C001,,,,90000121.0,,,,,,,,,X,,X,X,,,,,,,,,,,,,,,121000.0,121000,1000038.0,,,X,,,2022-01-31,1.0,,,,,,850.0,,,,,,,,,,,,,,,,,,,,,,,,,,,,,,,,,,,,,,,,,,,,,,,,,,,,,,,,,,,,,,,,,,,,,,,,,,,,,,,,,,,,,,,,,,,,,,,,,,,,,,,,,,,,,,,,,,,,,,,,,,,,,,,,,,,,,,,,,,,,,,,,,,,,,,,,,,,,,,,,,,,,,,,,,,,90000121.0,,,,,,,,,,,,,,,,,,,,,,,,,,,,,,,,,,,,,,,,,,,,,,,,,,,,,,,,,,,,,,,,,,,,,,,,,,,,,,,,,L,False,2022-01-31 20:41:47.268774+00:00,EUR
50,C004,90000001,2022,1,,,,,1,D,,,,S,1.0,,A1,,9520.0,9520.0,,9520.0,EUR,,,,,,,,,,,,,,,,,,,,90000122.0,,,,,,SD00,,,,,,C001,,,,90000122.0,,,,,,,,,X,,X,X,,,,,,,,,,,,,,,121000.0,121000,1000038.0,,,X,,,2022-01-31,1.0,,,,,,8000.0,,,,,,,,,,,,,,,,,,,,,,,,,,,,,,,,,,,,,,,,,,,,,,,,,,,,,,,,,,,,,,,,,,,,,,,,,,,,,,,,,,,,,,,,,,,,,,,,,,,,,,,,,,,,,,,,,,,,,,,,,,,,,,,,,,,,,,,,,,,,,,,,,,,,,,,,,,,,,,,,,,,,,,,,,,,90000122.0,,,,,,,,,,,,,,,,,,,,,,,,,,,,,,,,,,,,,,,,,,,,,,,,,,,,,,,,,,,,,,,,,,,,,,,,,,,,,,,,,L,False,2022-01-31 20:41:47.268774+00:00,EUR
50,C004,90000002,2022,1,,,,,1,D,,,,S,1.0,,A1,,1011.5,1011.5,,1011.5,EUR,,,,,,,,,,,,,,,,,,,,90000123.0,,,,,,SD00,,,,,,C001,,,,90000123.0,,,,,,,,,X,,X,X,,,,,,,,,,,,,,,121000.0,121000,1000038.0,,,X,,,2022-01-31,1.0,,,,,,850.0,,,,,,,,,,,,,,,,,,,,,,,,,,,,,,,,,,,,,,,,,,,,,,,,,,,,,,,,,,,,,,,,,,,,,,,,,,,,,,,,,,,,,,,,,,,,,,,,,,,,,,,,,,,,,,,,,,,,,,,,,,,,,,,,,,,,,,,,,,,,,,,,,,,,,,,,,,,,,,,,,,,,,,,,,,,90000123.0,,,,,,,,,,,,,,,,,,,,,,,,,,,,,,,,,,,,,,,,,,,,,,,,,,,,,,,,,,,,,,,,,,,,,,,,,,,,,,,,,L,False,2022-01-31 20:41:47.268774+00:00,EUR
50,C004,90000003,2022,1,,,,,1,D,,,,S,1.0,,A1,,2320.5,2320.5,,2320.5,EUR,,,,,,,,,,,,,,,,,,,,90000124.0,,,,,,SD00,,,,,,C001,,,,90000124.0,,,,,,,,,X,,X,X,,,,,,,,,,,,,,,121000.0,121000,1000038.0,,,X,,,2022-01-31,1.0,,,,,,1950.0,,,,,,,,,,,,,,,,,,,,,,,,,,,,,,,,,,,,,,,,,,,,,,,,,,,,,,,,,,,,,,,,,,,,,,,,,,,,,,,,,,,,,,,,,,,,,,,,,,,,,,,,,,,,,,,,,,,,,,,,,,,,,,,,,,,,,,,,,,,,,,,,,,,,,,,,,,,,,,,,,,,,,,,,,,,90000124.0,,,,,,,,,,,,,,,,,,,,,,,,,,,,,,,,,,,,,,,,,,,,,,,,,,,,,,,,,,,,,,,,,,,,,,,,,,,,,,,,,L,False,2022-01-31 20:41:47.268774+00:00,USD
50,C004,90000005,2022,1,,,,,1,D,,,,S,1.0,,A1,,1249.5,1249.5,,1249.5,EUR,,,,,,,,,,,,,,,,,,,,90000126.0,,,,,,SD00,,,,,,C001,,,,90000126.0,,,,,,,,,X,,X,X,,,,,,,,,,,,,,,121000.0,121000,1000038.0,,,X,,,2022-01-31,1.0,,,,,,1050.0,,,,,,,,,,,,,,,,,,,,,,,,,,,,,,,,,,,,,,,,,,,,,,,,,,,,,,,,,,,,,,,,,,,,,,,,,,,,,,,,,,,,,,,,,,,,,,,,,,,,,,,,,,,,,,,,,,,,,,,,,,,,,,,,,,,,,,,,,,,,,,,,,,,,,,,,,,,,,,,,,,,,,,,,,,,90000126.0,,,,,,,,,,,,,,,,,,,,,,,,,,,,,,,,,,,,,,,,,,,,,,,,,,,,,,,,,,,,,,,,,,,,,,,,,,,,,,,,,L,False,2022-01-31 20:41:47.268774+00:00,EUR
50,C004,90000007,2022,1,,,,,1,D,,,,S,1.0,,A1,,15470.0,15470.0,,15470.0,EUR,,,,,,,,,,,,,,,,,,,,90000128.0,,,,,,SD00,,,,,,C001,,,,90000128.0,,,,,,,,,X,,X,X,,,,,,,,,,,,,,,121000.0,121000,1000038.0,,,X,,,2022-01-31,1.0,,,,,,13000.0,,,,,,,,,,,,,,,,,,,,,,,,,,,,,,,,,,,,,,,,,,,,,,,,,,,,,,,,,,,,,,,,,,,,,,,,,,,,,,,,,,,,,,,,,,,,,,,,,,,,,,,,,,,,,,,,,,,,,,,,,,,,,,,,,,,,,,,,,,,,,,,,,,,,,,,,,,,,,,,,,,,,,,,,,,,90000128.0,,,,,,,,,,,,,,,,,,,,,,,,,,,,,,,,,,,,,,,,,,,,,,,,,,,,,,,,,,,,,,,,,,,,,,,,,,,,,,,,,L,False,2022-01-31 20:41:47.268774+00:00,USD
50,C004,90000009,2022,1,,,,,1,D,,,,S,1.0,,A1,,1844.5,1844.5,,1844.5,EUR,,,,,,,,,,,,,,,,,,,,90000130.0,,,,,,SD00,,,,,,C001,,,,90000130.0,,,,,,,,,X,,X,X,,,,,,,,,,,,,,,121000.0,121000,1000038.0,,,X,,,2022-01-31,1.0,,,,,,1550.0,,,,,,,,,,,,,,,,,,,,,,,,,,,,,,,,,,,,,,,,,,,,,,,,,,,,,,,,,,,,,,,,,,,,,,,,,,,,,,,,,,,,,,,,,,,,,,,,,,,,,,,,,,,,,,,,,,,,,,,,,,,,,,,,,,,,,,,,,,,,,,,,,,,,,,,,,,,,,,,,,,,,,,,,,,,90000130.0,,,,,,,,,,,,,,,,,,,,,,,,,,,,,,,,,,,,,,,,,,,,,,,,,,,,,,,,,,,,,,,,,,,,,,,,,,,,,,,,,L,False,2022-01-31 20:41:47.268774+00:00,EUR
50,C004,90000010,2022,1,,,,,1,D,,,,S,1.0,,A1,,238.0,238.0,,238.0,EUR,,,,,,,,,,,,,,,,,,,,,,,,,,SD00,,,,,,C001,,,,90000131.0,,,,,,,,,X,,X,X,,,,,,,,,,,,,,,121000.0,121000,1000038.0,,,X,,,2022-01-31,1.0,,,,,,200.0,,,,,,,,,,,,,,,,,,,,,,,,,,,,,,,,,,,,,,,,,,,,,,,,,,,,,,,,,,,,,,,,,,,,,,,,,,,,,,,,,,,,,,,,,,,,,,,,,,,,,,,,,,,,,,,,,,,,,,,,,,,,,,,,,,,,,,,,,,,,,,,,,,,,,,,,,,,,,,,,,,,,,,,,,,,90000131.0,,,,,,,,,,,,,,,,,,,,,,,,,,,,,,,,,,,,,,,,,,,,,,,,,,,,,,,,,,,,,,,,,,,,,,,,,,,,,,,,,L,False,2022-01-31 20:41:47.268774+00:00,GBP
50,C004,90000011,2022,1,,,,,1,D,,,,S,1.0,,A1,,773.5,773.5,,773.5,EUR,,,,,,,,,,,,,,,,,,,,90000132.0,,,,,,SD00,,,,,,C001,,,,90000132.0,,,,,,,,,X,,X,X,,,,,,,,,,,,,,,121000.0,121000,1000038.0,,,X,,,2022-01-31,1.0,,,,,,650.0,,,,,,,,,,,,,,,,,,,,,,,,,,,,,,,,,,,,,,,,,,,,,,,,,,,,,,,,,,,,,,,,,,,,,,,,,,,,,,,,,,,,,,,,,,,,,,,,,,,,,,,,,,,,,,,,,,,,,,,,,,,,,,,,,,,,,,,,,,,,,,,,,,,,,,,,,,,,,,,,,,,,,,,,,,,90000132.0,,,,,,,,,,,,,,,,,,,,,,,,,,,,,,,,,,,,,,,,,,,,,,,,,,,,,,,,,,,,,,,,,,,,,,,,,,,,,,,,,L,False,2022-01-31 20:41:47.268774+00:00,EUR
50,C004,90000012,2022,1,,,,,1,D,,,,S,1.0,,A1,,238.0,238.0,,238.0,EUR,,,,,,,,,,,,,,,,,,,,,,,,,,SD00,,,,,,C001,,,,90000133.0,,,,,,,,,X,,X,X,,,,,,,,,,,,,,,121000.0,121000,1000038.0,,,X,,,2022-01-31,1.0,,,,,,200.0,,,,,,,,,,,,,,,,,,,,,,,,,,,,,,,,,,,,,,,,,,,,,,,,,,,,,,,,,,,,,,,,,,,,,,,,,,,,,,,,,,,,,,,,,,,,,,,,,,,,,,,,,,,,,,,,,,,,,,,,,,,,,,,,,,,,,,,,,,,,,,,,,,,,,,,,,,,,,,,,,,,,,,,,,,,90000133.0,,,,,,,,,,,,,,,,,,,,,,,,,,,,,,,,,,,,,,,,,,,,,,,,,,,,,,,,,,,,,,,,,,,,,,,,,,,,,,,,,L,False,2022-01-31 20:41:47.268774+00:00,USD
50,C004,90000013,2022,1,,,,,1,D,,,,S,1.0,,A1,,8330.0,8330.0,,8330.0,EUR,,,,,,,,,,,,,,,,,,,,90000134.0,,,,,,SD00,,,,,,C001,,,,90000134.0,,,,,,,,,X,,X,X,,,,,,,,,,,,,,,121000.0,121000,1000038.0,,,X,,,2022-01-31,1.0,,,,,,7000.0,,,,,,,,,,,,,,,,,,,,,,,,,,,,,,,,,,,,,,,,,,,,,,,,,,,,,,,,,,,,,,,,,,,,,,,,,,,,,,,,,,,,,,,,,,,,,,,,,,,,,,,,,,,,,,,,,,,,,,,,,,,,,,,,,,,,,,,,,,,,,,,,,,,,,,,,,,,,,,,,,,,,,,,,,,,90000134.0,,,,,,,,,,,,,,,,,,,,,,,,,,,,,,,,,,,,,,,,,,,,,,,,,,,,,,,,,,,,,,,,,,,,,,,,,,,,,,,,,L,False,2022-01-31 20:41:47.268774+00:00,EUR
50,C004,90000014,2022,1,,,,,1,D,,,,S,1.0,,A1,,2380.0,2380.0,,2380.0,EUR,,,,,,,,,,,,,,,,,,,,,,,,,,SD00,,,,,,C001,,,,90000135.0,,,,,,,,,X,,X,X,,,,,,,,,,,,,,,121000.0,121000,1000038.0,,,X,,,2022-01-31,1.0,,,,,,2000.0,,,,,,,,,,,,,,,,,,,,,,,,,,,,,,,,,,,,,,,,,,,,,,,,,,,,,,,,,,,,,,,,,,,,,,,,,,,,,,,,,,,,,,,,,,,,,,,,,,,,,,,,,,,,,,,,,,,,,,,,,,,,,,,,,,,,,,,,,,,,,,,,,,,,,,,,,,,,,,,,,,,,,,,,,,,90000135.0,,,,,,,,,,,,,,,,,,,,,,,,,,,,,,,,,,,,,,,,,,,,,,,,,,,,,,,,,,,,,,,,,,,,,,,,,,,,,,,,,L,False,2022-01-31 20:41:47.268774+00:00,EUR
50,C004,90000015,2022,1,,,,,1,D,,,,S,1.0,,A1,,2082.5,2082.5,,2082.5,EUR,,,,,,,,,,,,,,,,,,,,90000136.0,,,,,,SD00,,,,,,C001,,,,90000136.0,,,,,,,,,X,,X,X,,,,,,,,,,,,,,,121000.0,121000,1000038.0,,,X,,,2022-01-31,1.0,,,,,,1750.0,,,,,,,,,,,,,,,,,,,,,,,,,,,,,,,,,,,,,,,,,,,,,,,,,,,,,,,,,,,,,,,,,,,,,,,,,,,,,,,,,,,,,,,,,,,,,,,,,,,,,,,,,,,,,,,,,,,,,,,,,,,,,,,,,,,,,,,,,,,,,,,,,,,,,,,,,,,,,,,,,,,,,,,,,,,90000136.0,,,,,,,,,,,,,,,,,,,,,,,,,,,,,,,,,,,,,,,,,,,,,,,,,,,,,,,,,,,,,,,,,,,,,,,,,,,,,,,,,L,False,2022-01-31 20:41:47.268774+00:00,EUR
50,C004,90000017,2022,1,,,,,1,D,,,,S,1.0,,A1,,1011.5,1011.5,,1011.5,EUR,,,,,,,,,,,,,,,,,,,,90000138.0,,,,,,SD00,,,,,,C001,,,,90000138.0,,,,,,,,,X,,X,X,,,,,,,,,,,,,,,121000.0,121000,1000038.0,,,X,,,2022-01-31,1.0,,,,,,850.0,,,,,,,,,,,,,,,,,,,,,,,,,,,,,,,,,,,,,,,,,,,,,,,,,,,,,,,,,,,,,,,,,,,,,,,,,,,,,,,,,,,,,,,,,,,,,,,,,,,,,,,,,,,,,,,,,,,,,,,,,,,,,,,,,,,,,,,,,,,,,,,,,,,,,,,,,,,,,,,,,,,,,,,,,,,90000138.0,,,,,,,,,,,,,,,,,,,,,,,,,,,,,,,,,,,,,,,,,,,,,,,,,,,,,,,,,,,,,,,,,,,,,,,,,,,,,,,,,L,False,2022-01-31 20:41:47.268774+00:00,USD
50,C004,90000019,2022,1,,,,,1,D,,,,S,1.0,,A1,,13090.0,13090.0,,13090.0,EUR,,,,,,,,,,,,,,,,,,,,90000140.0,,,,,,SD00,,,,,,C001,,,,90000140.0,,,,,,,,,X,,X,X,,,,,,,,,,,,,,,121000.0,121000,1000038.0,,,X,,,2022-01-31,1.0,,,,,,11000.0,,,,,,,,,,,,,,,,,,,,,,,,,,,,,,,,,,,,,,,,,,,,,,,,,,,,,,,,,,,,,,,,,,,,,,,,,,,,,,,,,,,,,,,,,,,,,,,,,,,,,,,,,,,,,,,,,,,,,,,,,,,,,,,,,,,,,,,,,,,,,,,,,,,,,,,,,,,,,,,,,,,,,,,,,,,90000140.0,,,,,,,,,,,,,,,,,,,,,,,,,,,,,,,,,,,,,,,,,,,,,,,,,,,,,,,,,,,,,,,,,,,,,,,,,,,,,,,,,L,False,2022-01-31 20:41:47.268774+00:00,EUR
50,C004,90000021,2022,1,,,,,1,D,,,,S,1.0,,A1,,1130.5,1130.5,,1130.5,EUR,,,,,,,,,,,,,,,,,,,,90000142.0,,,,,,SD00,,,,,,C001,,,,90000142.0,,,,,,,,,X,,X,X,,,,,,,,,,,,,,,121000.0,121000,1000038.0,,,X,,,2022-01-31,1.0,,,,,,950.0,,,,,,,,,,,,,,,,,,,,,,,,,,,,,,,,,,,,,,,,,,,,,,,,,,,,,,,,,,,,,,,,,,,,,,,,,,,,,,,,,,,,,,,,,,,,,,,,,,,,,,,,,,,,,,,,,,,,,,,,,,,,,,,,,,,,,,,,,,,,,,,,,,,,,,,,,,,,,,,,,,,,,,,,,,,90000142.0,,,,,,,,,,,,,,,,,,,,,,,,,,,,,,,,,,,,,,,,,,,,,,,,,,,,,,,,,,,,,,,,,,,,,,,,,,,,,,,,,I,False,2022-01-31 21:43:52.167367+00:00,USD
50,C004,90000023,2022,1,,,,,1,D,,,,S,1.0,,A1,,476.0,476.0,,476.0,EUR,,,,,,,,,,,,,,,,,,,,90000144.0,,,,,,SD00,,,,,,C001,,,,90000144.0,,,,,,,,,X,,X,X,,,,,,,,,,,,,,,121000.0,121000,1000038.0,,,X,,,2022-01-31,1.0,,,,,,400.0,,,,,,,,,,,,,,,,,,,,,,,,,,,,,,,,,,,,,,,,,,,,,,,,,,,,,,,,,,,,,,,,,,,,,,,,,,,,,,,,,,,,,,,,,,,,,,,,,,,,,,,,,,,,,,,,,,,,,,,,,,,,,,,,,,,,,,,,,,,,,,,,,,,,,,,,,,,,,,,,,,,,,,,,,,,90000144.0,,,,,,,,,,,,,,,,,,,,,,,,,,,,,,,,,,,,,,,,,,,,,,,,,,,,,,,,,,,,,,,,,,,,,,,,,,,,,,,,,I,False,2022-01-31 21:46:47.164192+00:00,EUR
50,C004,90000025,2022,1,,,,,1,D,,,,S,1.0,,A1,,4760.0,4760.0,,4760.0,EUR,,,,,,,,,,,,,,,,,,,,90000146.0,,,,,,SD00,,,,,,C001,,,,90000146.0,,,,,,,,,X,,X,X,,,,,,,,,,,,,,,121000.0,121000,1000038.0,,,X,,,2022-01-31,1.0,,,,,,4000.0,,,,,,,,,,,,,,,,,,,,,,,,,,,,,,,,,,,,,,,,,,,,,,,,,,,,,,,,,,,,,,,,,,,,,,,,,,,,,,,,,,,,,,,,,,,,,,,,,,,,,,,,,,,,,,,,,,,,,,,,,,,,,,,,,,,,,,,,,,,,,,,,,,,,,,,,,,,,,,,,,,,,,,,,,,,90000146.0,,,,,,,,,,,,,,,,,,,,,,,,,,,,,,,,,,,,,,,,,,,,,,,,,,,,,,,,,,,,,,,,,,,,,,,,,,,,,,,,,I,False,2022-01-31 21:50:17.779599+00:00,GBP
50,C004,90000026,2022,1,,,,,1,D,,,,S,1.0,,A1,,1190.0,1190.0,,1190.0,EUR,,,,,,,,,,,,,,,,,,,,90000146.0,,,,,,SD00,,,,,,C001,,,,90000147.0,,,,,,,,,X,,X,X,,,,,,,,,,,,,,,121000.0,121000,1000038.0,,,X,,,2022-01-31,1.0,,,,,,1000.0,,,,,,,,,,,,,,,,,,,,,,,,,,,,,,,,,,,,,,,,,,,,,,,,,,,,,,,,,,,,,,,,,,,,,,,,,,,,,,,,,,,,,,,,,,,,,,,,,,,,,,,,,,,,,,,,,,,,,,,,,,,,,,,,,,,,,,,,,,,,,,,,,,,,,,,,,,,,,,,,,,,,,,,,,,,90000147.0,,,,,,,,,,,,,,,,,,,,,,,,,,,,,,,,,,,,,,,,,,,,,,,,,,,,,,,,,,,,,,,,,,,,,,,,,,,,,,,,,I,False,2022-01-31 21:51:48.888229+00:00,EUR
50,C004,90000027,2022,1,,,,,1,D,,,,S,1.0,,A1,,1011.5,1011.5,,1011.5,EUR,,,,,,,,,,,,,,,,,,,,,,,,,,SD00,,,,,,C001,,,,90000148.0,,,,,,,,,X,,X,X,,,,,,,,,,,,,,,121000.0,121000,1000038.0,,,X,,,2022-01-31,1.0,,,,,,850.0,,,,,,,,,,,,,,,,,,,,,,,,,,,,,,,,,,,,,,,,,,,,,,,,,,,,,,,,,,,,,,,,,,,,,,,,,,,,,,,,,,,,,,,,,,,,,,,,,,,,,,,,,,,,,,,,,,,,,,,,,,,,,,,,,,,,,,,,,,,,,,,,,,,,,,,,,,,,,,,,,,,,,,,,,,,90000148.0,,,,,,,,,,,,,,,,,,,,,,,,,,,,,,,,,,,,,,,,,,,,,,,,,,,,,,,,,,,,,,,,,,,,,,,,,,,,,,,,,I,False,2022-01-31 22:03:54.949871+00:00,USD
50,C004,90000028,2022,1,,,,,1,D,,,,S,1.0,,A1,,476.0,476.0,,476.0,EUR,,,,,,,,,,,,,,,,,,,,,,,,,,SD00,,,,,,C001,,,,90000149.0,,,,,,,,,X,,X,X,,,,,,,,,,,,,,,121000.0,121000,1000038.0,,,X,,,2022-01-31,1.0,,,,,,400.0,,,,,,,,,,,,,,,,,,,,,,,,,,,,,,,,,,,,,,,,,,,,,,,,,,,,,,,,,,,,,,,,,,,,,,,,,,,,,,,,,,,,,,,,,,,,,,,,,,,,,,,,,,,,,,,,,,,,,,,,,,,,,,,,,,,,,,,,,,,,,,,,,,,,,,,,,,,,,,,,,,,,,,,,,,,90000149.0,,,,,,,,,,,,,,,,,,,,,,,,,,,,,,,,,,,,,,,,,,,,,,,,,,,,,,,,,,,,,,,,,,,,,,,,,,,,,,,,,I,False,2022-01-31 22:04:37.640048+00:00,EUR
50,C004,90000029,2022,1,,,,,1,D,,,,S,1.0,,A1,,8925.0,8925.0,,8925.0,EUR,,,,,,,,,,,,,,,,,,,,,,,,,,SD00,,,,,,C001,,,,90000150.0,,,,,,,,,X,,X,X,,,,,,,,,,,,,,,121000.0,121000,1000038.0,,,X,,,2022-01-31,1.0,,,,,,7500.0,,,,,,,,,,,,,,,,,,,,,,,,,,,,,,,,,,,,,,,,,,,,,,,,,,,,,,,,,,,,,,,,,,,,,,,,,,,,,,,,,,,,,,,,,,,,,,,,,,,,,,,,,,,,,,,,,,,,,,,,,,,,,,,,,,,,,,,,,,,,,,,,,,,,,,,,,,,,,,,,,,,,,,,,,,,90000150.0,,,,,,,,,,,,,,,,,,,,,,,,,,,,,,,,,,,,,,,,,,,,,,,,,,,,,,,,,,,,,,,,,,,,,,,,,,,,,,,,,I,False,2022-01-31 22:05:00.642951+00:00,EUR
50,C005,90000015,2022,1,,,,,1,D,,,,S,1.0,,A1,,18.38,18.38,,18.38,JPY,,,,,,,,,,,,,,,,,,,,90000166.0,,,,,,SD00,,,,,,C001,,,,90000166.0,,,,,,,,,X,,X,X,,,,,,,,,,,,,,,121000.0,121000,1000040.0,,,X,,,2022-02-01,1.0,,,,,,17.5,,,,,,,,,,,,,,,,,,,,,,,,,,,,,,,,,,,,,,,,,,,,,,,,,,,,,,,,,,,,,,,,,,,,,,,,,,,,,,,,,,,,,,,,,,,,,,,,,,,,,,,,,,,,,,,,,,,,,,,,,,,,,,,,,,,,,,,,,,,,,,,,,,,,,,,,,,,,,,,,,,,,,,,,,,,90000166.0,,,,,,,,,,,,,,,,,,,,,,,,,,,,,,,,,,,,,,,,,,,,,,,,,,,,,,,,,,,,,,,,,,,,,,,,,,,,,,,,,I,False,2022-02-01 09:35:49.380722+00:00,EUR
50,C005,90000017,2022,1,,,,,1,D,,,,S,1.0,,A1,,8.93,8.93,,8.93,JPY,,,,,,,,,,,,,,,,,,,,90000168.0,,,,,,SD00,,,,,,C001,,,,90000168.0,,,,,,,,,X,,X,X,,,,,,,,,,,,,,,121000.0,121000,1000040.0,,,X,,,2022-02-01,1.0,,,,,,8.5,,,,,,,,,,,,,,,,,,,,,,,,,,,,,,,,,,,,,,,,,,,,,,,,,,,,,,,,,,,,,,,,,,,,,,,,,,,,,,,,,,,,,,,,,,,,,,,,,,,,,,,,,,,,,,,,,,,,,,,,,,,,,,,,,,,,,,,,,,,,,,,,,,,,,,,,,,,,,,,,,,,,,,,,,,,90000168.0,,,,,,,,,,,,,,,,,,,,,,,,,,,,,,,,,,,,,,,,,,,,,,,,,,,,,,,,,,,,,,,,,,,,,,,,,,,,,,,,,I,False,2022-02-01 09:45:26.284291+00:00,USD
50,C005,90000019,2022,1,,,,,1,D,,,,S,1.0,,A1,,115.5,115.5,,115.5,JPY,,,,,,,,,,,,,,,,,,,,90000170.0,,,,,,SD00,,,,,,C001,,,,90000170.0,,,,,,,,,X,,X,X,,,,,,,,,,,,,,,121000.0,121000,1000040.0,,,X,,,2022-02-01,1.0,,,,,,110.0,,,,,,,,,,,,,,,,,,,,,,,,,,,,,,,,,,,,,,,,,,,,,,,,,,,,,,,,,,,,,,,,,,,,,,,,,,,,,,,,,,,,,,,,,,,,,,,,,,,,,,,,,,,,,,,,,,,,,,,,,,,,,,,,,,,,,,,,,,,,,,,,,,,,,,,,,,,,,,,,,,,,,,,,,,,90000170.0,,,,,,,,,,,,,,,,,,,,,,,,,,,,,,,,,,,,,,,,,,,,,,,,,,,,,,,,,,,,,,,,,,,,,,,,,,,,,,,,,I,False,2022-02-01 09:50:42.768311+00:00,EUR
50,C005,90000000,2022,1,,,,,1,D,,,,S,1.0,,A1,,18.38,18.38,,18.38,JPY,,,,,,,,,,,,,,,,,,,,90000151.0,,,,,,SD00,,,,,,C001,,,,90000151.0,,,,,,,,,X,,X,X,,,,,,,,,,,,,,,121000.0,121000,1000040.0,,,X,,,2022-02-01,1.0,,,,,,17.5,,,,,,,,,,,,,,,,,,,,,,,,,,,,,,,,,,,,,,,,,,,,,,,,,,,,,,,,,,,,,,,,,,,,,,,,,,,,,,,,,,,,,,,,,,,,,,,,,,,,,,,,,,,,,,,,,,,,,,,,,,,,,,,,,,,,,,,,,,,,,,,,,,,,,,,,,,,,,,,,,,,,,,,,,,,90000151.0,,,,,,,,,,,,,,,,,,,,,,,,,,,,,,,,,,,,,,,,,,,,,,,,,,,,,,,,,,,,,,,,,,,,,,,,,,,,,,,,,I,False,2022-02-01 08:35:53.672217+00:00,USD
50,C005,90000001,2022,1,,,,,1,D,,,,S,1.0,,A1,,8.93,8.93,,8.93,JPY,,,,,,,,,,,,,,,,,,,,90000152.0,,,,,,SD00,,,,,,C001,,,,90000152.0,,,,,,,,,X,,X,X,,,,,,,,,,,,,,,121000.0,121000,1000040.0,,,X,,,2022-02-01,1.0,,,,,,8.5,,,,,,,,,,,,,,,,,,,,,,,,,,,,,,,,,,,,,,,,,,,,,,,,,,,,,,,,,,,,,,,,,,,,,,,,,,,,,,,,,,,,,,,,,,,,,,,,,,,,,,,,,,,,,,,,,,,,,,,,,,,,,,,,,,,,,,,,,,,,,,,,,,,,,,,,,,,,,,,,,,,,,,,,,,,90000152.0,,,,,,,,,,,,,,,,,,,,,,,,,,,,,,,,,,,,,,,,,,,,,,,,,,,,,,,,,,,,,,,,,,,,,,,,,,,,,,,,,I,False,2022-02-01 08:46:40.521475+00:00,EUR
50,C005,90000002,2022,1,,,,,1,D,,,,S,1.0,,A1,,115.5,115.5,,115.5,JPY,,,,,,,,,,,,,,,,,,,,90000153.0,,,,,,SD00,,,,,,C001,,,,90000153.0,,,,,,,,,X,,X,X,,,,,,,,,,,,,,,121000.0,121000,1000040.0,,,X,,,2022-02-01,1.0,,,,,,110.0,,,,,,,,,,,,,,,,,,,,,,,,,,,,,,,,,,,,,,,,,,,,,,,,,,,,,,,,,,,,,,,,,,,,,,,,,,,,,,,,,,,,,,,,,,,,,,,,,,,,,,,,,,,,,,,,,,,,,,,,,,,,,,,,,,,,,,,,,,,,,,,,,,,,,,,,,,,,,,,,,,,,,,,,,,,90000153.0,,,,,,,,,,,,,,,,,,,,,,,,,,,,,,,,,,,,,,,,,,,,,,,,,,,,,,,,,,,,,,,,,,,,,,,,,,,,,,,,,I,False,2022-02-01 08:48:08.766675+00:00,GBP
50,C005,90000003,2022,1,,,,,1,D,,,,S,1.0,,A1,,20.48,20.48,,20.48,JPY,,,,,,,,,,,,,,,,,,,,90000154.0,,,,,,SD00,,,,,,C001,,,,90000154.0,,,,,,,,,X,,X,X,,,,,,,,,,,,,,,121000.0,121000,1000040.0,,,X,,,2022-02-01,1.0,,,,,,19.5,,,,,,,,,,,,,,,,,,,,,,,,,,,,,,,,,,,,,,,,,,,,,,,,,,,,,,,,,,,,,,,,,,,,,,,,,,,,,,,,,,,,,,,,,,,,,,,,,,,,,,,,,,,,,,,,,,,,,,,,,,,,,,,,,,,,,,,,,,,,,,,,,,,,,,,,,,,,,,,,,,,,,,,,,,,90000154.0,,,,,,,,,,,,,,,,,,,,,,,,,,,,,,,,,,,,,,,,,,,,,,,,,,,,,,,,,,,,,,,,,,,,,,,,,,,,,,,,,I,False,2022-02-01 08:57:21.594331+00:00,EUR
50,C005,90000005,2022,1,,,,,1,D,,,,S,1.0,,A1,,11.03,11.03,,11.03,JPY,,,,,,,,,,,,,,,,,,,,90000156.0,,,,,,SD00,,,,,,C001,,,,90000156.0,,,,,,,,,X,,X,X,,,,,,,,,,,,,,,121000.0,121000,1000040.0,,,X,,,2022-02-01,1.0,,,,,,10.5,,,,,,,,,,,,,,,,,,,,,,,,,,,,,,,,,,,,,,,,,,,,,,,,,,,,,,,,,,,,,,,,,,,,,,,,,,,,,,,,,,,,,,,,,,,,,,,,,,,,,,,,,,,,,,,,,,,,,,,,,,,,,,,,,,,,,,,,,,,,,,,,,,,,,,,,,,,,,,,,,,,,,,,,,,,90000156.0,,,,,,,,,,,,,,,,,,,,,,,,,,,,,,,,,,,,,,,,,,,,,,,,,,,,,,,,,,,,,,,,,,,,,,,,,,,,,,,,,I,False,2022-02-01 09:02:03.493459+00:00,USD
50,C005,90000007,2022,1,,,,,1,D,,,,S,1.0,,A1,,136.5,136.5,,136.5,JPY,,,,,,,,,,,,,,,,,,,,90000158.0,,,,,,SD00,,,,,,C001,,,,90000158.0,,,,,,,,,X,,X,X,,,,,,,,,,,,,,,121000.0,121000,1000040.0,,,X,,,2022-02-01,1.0,,,,,,130.0,,,,,,,,,,,,,,,,,,,,,,,,,,,,,,,,,,,,,,,,,,,,,,,,,,,,,,,,,,,,,,,,,,,,,,,,,,,,,,,,,,,,,,,,,,,,,,,,,,,,,,,,,,,,,,,,,,,,,,,,,,,,,,,,,,,,,,,,,,,,,,,,,,,,,,,,,,,,,,,,,,,,,,,,,,,90000158.0,,,,,,,,,,,,,,,,,,,,,,,,,,,,,,,,,,,,,,,,,,,,,,,,,,,,,,,,,,,,,,,,,,,,,,,,,,,,,,,,,I,False,2022-02-01 09:06:38.444888+00:00,EUR
50,C005,90000009,2022,1,,,,,1,D,,,,S,1.0,,A1,,16.28,16.28,,16.28,JPY,,,,,,,,,,,,,,,,,,,,90000160.0,,,,,,SD00,,,,,,C001,,,,90000160.0,,,,,,,,,X,,X,X,,,,,,,,,,,,,,,121000.0,121000,1000040.0,,,X,,,2022-02-01,1.0,,,,,,15.5,,,,,,,,,,,,,,,,,,,,,,,,,,,,,,,,,,,,,,,,,,,,,,,,,,,,,,,,,,,,,,,,,,,,,,,,,,,,,,,,,,,,,,,,,,,,,,,,,,,,,,,,,,,,,,,,,,,,,,,,,,,,,,,,,,,,,,,,,,,,,,,,,,,,,,,,,,,,,,,,,,,,,,,,,,,90000160.0,,,,,,,,,,,,,,,,,,,,,,,,,,,,,,,,,,,,,,,,,,,,,,,,,,,,,,,,,,,,,,,,,,,,,,,,,,,,,,,,,I,False,2022-02-01 09:13:25.717548+00:00,EUR
50,C005,90000010,2022,1,,,,,1,D,,,,S,1.0,,A1,,2.1,2.1,,2.1,JPY,,,,,,,,,,,,,,,,,,,,,,,,,,SD00,,,,,,C001,,,,90000161.0,,,,,,,,,X,,X,X,,,,,,,,,,,,,,,121000.0,121000,1000040.0,,,X,,,2022-02-01,1.0,,,,,,2.0,,,,,,,,,,,,,,,,,,,,,,,,,,,,,,,,,,,,,,,,,,,,,,,,,,,,,,,,,,,,,,,,,,,,,,,,,,,,,,,,,,,,,,,,,,,,,,,,,,,,,,,,,,,,,,,,,,,,,,,,,,,,,,,,,,,,,,,,,,,,,,,,,,,,,,,,,,,,,,,,,,,,,,,,,,,90000161.0,,,,,,,,,,,,,,,,,,,,,,,,,,,,,,,,,,,,,,,,,,,,,,,,,,,,,,,,,,,,,,,,,,,,,,,,,,,,,,,,,I,False,2022-02-01 09:15:06.067709+00:00,EUR
50,C005,90000011,2022,1,,,,,1,D,,,,S,1.0,,A1,,6.83,6.83,,6.83,JPY,,,,,,,,,,,,,,,,,,,,90000162.0,,,,,,SD00,,,,,,C001,,,,90000162.0,,,,,,,,,X,,X,X,,,,,,,,,,,,,,,121000.0,121000,1000040.0,,,X,,,2022-02-01,1.0,,,,,,6.5,,,,,,,,,,,,,,,,,,,,,,,,,,,,,,,,,,,,,,,,,,,,,,,,,,,,,,,,,,,,,,,,,,,,,,,,,,,,,,,,,,,,,,,,,,,,,,,,,,,,,,,,,,,,,,,,,,,,,,,,,,,,,,,,,,,,,,,,,,,,,,,,,,,,,,,,,,,,,,,,,,,,,,,,,,,90000162.0,,,,,,,,,,,,,,,,,,,,,,,,,,,,,,,,,,,,,,,,,,,,,,,,,,,,,,,,,,,,,,,,,,,,,,,,,,,,,,,,,I,False,2022-02-01 09:16:52.123408+00:00,USD
