mandt,ebeln,ebelp,loekz,statu,aedat,txz01,matnr,ematn,bukrs,werks,lgort,bednr,matkl,infnr,idnlf,ktmng,menge,meins,bprme,bpumz,bpumn,umrez,umren,netpr,peinh,netwr,brtwr,agdat,webaz,mwskz,bonus,insmk,spinf,prsdr,schpr,mahnz,mahn1,mahn2,mahn3,uebto,uebtk,untto,bwtar,bwtty,abskz,agmem,elikz,erekz,pstyp,knttp,kzvbr,vrtkz,twrkz,wepos,weunb,repos,webre,kzabs,labnr,konnr,ktpnr,abdat,abftz,etfz1,etfz2,kzstu,notkz,lmein,evers,zwert,navnw,abmng,prdat,bstyp,effwr,xoblr,kunnr,adrnr,ekkol,sktof,stafo,plifz,ntgew,gewei,txjcd,etdrk,sobkz,arsnr,arsps,insnc,ssqss,zgtyp,ean11,bstae,revlv,geber,fistl,fipos,ko_gsber,ko_pargb,ko_prctr,ko_pprctr,meprf,brgew,volum,voleh,inco1,inco2,vorab,kolif,ltsnr,packno,fplnr,gnetwr,stapo,uebpo,lewed,emlif,lblkz,satnr,attyp,vsart,handoverloc,kanba,adrn2,cuobj,xersy,eildt,drdat,druhr,drunr,aktnr,abeln,abelp,anzpu,punei,saiso,saisj,ebon2,ebon3,ebonf,mlmaa,mhdrz,anfnr,anfps,kzkfg,usequ,umsok,banfn,bnfpo,mtart,uptyp,upvor,kzwi1,kzwi2,kzwi3,kzwi4,kzwi5,kzwi6,sikgr,mfzhi,ffzhi,retpo,aurel,bsgru,lfret,mfrgr,nrfhg,j_1bnbm,j_1bmatuse,j_1bmatorg,j_1bownpro,j_1bindust,abueb,nlabd,nfabd,kzbws,bonba,fabkz,j_1aindxp,j_1aidatep,mprof,eglkz,kztlf,kzfme,rdprf,techs,chg_srv,chg_fplnr,mfrpn,mfrnr,emnfr,novet,afnam,tzonrc,iprkz,lebre,berid,xconditions,apoms,ccomp,grant_nbr,fkber,status,reslo,kblnr,kblpos,weora,srv_bas_com,prio_urg,prio_req,empst,diff_invoice,trmrisk_relevant,creationdate,creationtime,spe_abgru,spe_crm_so,spe_crm_so_item,spe_crm_ref_so,spe_crm_ref_item,spe_crm_fkrel,spe_chng_sys,spe_insmk_src,spe_cq_ctrltype,spe_cq_nocq,reason_code,cqu_sar,anzsn,spe_ewm_dtc,exlin,exsnr,ehtyp,retpc,dptyp,dppct,dpamt,dpdat,fls_rsto,ext_rfx_number,ext_rfx_item,ext_rfx_system,srm_contract_id,srm_contract_itm,blk_reason_id,blk_reason_txt,itcons,fixmg,wabwe,cmpl_dlv_itm,inco2_l,inco3_l,externalreferenceid,tc_aut_det,manual_tc_reason,fiscal_incentive,tax_subject_st,fiscal_incentive_id,sf_txjcd,bev1_negen_item,bev1_nedepfree,bev1_nestruccat,advcode,budget_pd,excpe,fmfgus_key,iuid_relevant,mrpind,sgt_scat,sgt_rcat,wrf_charstc1,wrf_charstc2,wrf_charstc3,refsite,serru,sernp,disub_sobkz,disub_pspnr,disub_kunnr,disub_vbeln,disub_posnr,disub_owner,fsh_season_year,fsh_season,fsh_collection,fsh_theme,fsh_atp_date,fsh_vas_rel,fsh_vas_prnt_id,fsh_transaction,fsh_item_group,fsh_item,fsh_ss,fsh_grid_cond_rec,fsh_psm_pfm_split,cnfm_qty,fsh_pqr_uepos,ref_item,source_id,source_key,put_back,pol_id,cons_order,operation_flag,is_deleted,recordstamp
250,4500000000,10,,,2022-01-17,Test Dry Good,TEST CPG1,TEST CPG1,USA1,1000,,,,5300000000.0,,,1.0,EA,EA,1.0,1.0,1.0,1.0,100.0,1.0,100.0,100.0,,,,,,B,X,,,,,,,,,,,,,X,,0,,,,,X,,X,,,,,,,,,,,,EA,,,,,2022-01-14,F,100.0,,,,,,SAP,5.0,9.0,KG,,,,,,,,,,4.0,,,,,,,,,,10.0,,,,,,,,,,,,,,,,,,,,,,,,,,,1,,,,,,,,,,,,,,,,,,10000000.0,10.0,FERT,,,,,,,,,,,,,,,,,,,,,,,,,,,100.0,,,,,,,,,,,,,,,,,EST,,,,,,,,,,,,,,,,,,,,2022-01-14,10:41:27,,,,,,,,,,,,,,,,,,,,,,,,,,,,,,,,,,,,,,,,,,,,,,,,,,,,,,,,,,,,,,,,,,,,,,,,,,,,,,,,,,,,,,,,L,False,2022-01-31 20:42:02.329876+00:00
250,4500000002,10,,,2022-01-19,Test Dry Good,TEST CPG1,TEST CPG1,USA1,1000,,,,5300000000.0,,,2.0,EA,EA,1.0,1.0,1.0,1.0,100.0,1.0,200.0,200.0,,,I1,,,B,X,,,,,,,,,,,,,X,,0,,,,,X,,X,,,,,,,,,,,,EA,,,,,2022-01-19,F,200.0,,,,,,SAP,5.0,9.0,KG,,,,,,,,,,4.0,,,,,,,,,,10.0,,,,,,,,,,,,,,,,,,,,,,,,,,,1,,,,,,,,,,,,,,,,,,10000002.0,10.0,FERT,,,,,,,,,,,,,,,,,,,,,,,,,,,200.0,,,,,,,,,,,,,,,,,EST,,,,,,,,,,,,,,,,,,,,2022-01-19,15:15:51,,,,,,,,,,,,,,,,,,,,,,,,,,,,,,,,,,,,,,,,,,,,,,,,,,,,,,,,,,,,,,,,,,,,,,,,,,,,,,,,,,,,,,,,L,False,2022-01-31 20:42:02.329876+00:00
250,4500000000,10,,,2022-02-22,Test Dry Good,TEST CPG1,TEST CPG1,USA1,1000,1001.0,,,5300000000.0,,,1.0,EA,EA,1.0,1.0,1.0,1.0,100.0,1.0,100.0,100.0,,,,,,B,X,,,,,,,,,,,,,X,,0,,,,,X,,X,,,,,,,,,,,,EA,,,,,2022-01-14,F,100.0,,,,,,SAP,5.0,9.0,KG,,,,,,,,,,4.0,,,,,,,,,,10.0,,,,,,,,,,,,,,,,,,,,,,,,,,,1,,,,,,,,,,,,,,,,,,10000000.0,10.0,FERT,,,,,,,,,,,,,,,,,,,,,,,,,,,100.0,,,,,,,,,,,,,,,,,EST,,,,,,,,,,,,,,,,,,,,2022-01-14,10:41:27,,,,,,,,,,,,,,,,,,,,,,,,,,,,,,,,,,,,,,,,,,,,,,,,,,,,,,,,,,,,,,,,,,,,,,,,,,,,,,,,,,,,,,,,U,False,2022-02-22 08:45:41.745178+00:00
250,4500000000,10,,,2022-02-25,Test Dry Good,TEST CPG1,TEST CPG1,USA1,1000,1001.0,,,5300000000.0,,,1.0,EA,EA,1.0,1.0,1.0,1.0,100.0,1.0,100.0,100.0,,,,,,B,X,,,,,,,,,,,,,X,,0,,,,,X,,X,,,,,,,,,,,,EA,V1,,,,2022-01-14,F,100.0,,,,,,SAP,5.0,9.0,KG,,,,,,,,,,4.0,,,,,,,,,,10.0,,,,,,,,,,,,,,,,,,,,,,,,,,,1,,,,,,,,,,,,,,,,,,10000000.0,10.0,FERT,,,,,,,,,,,,,,,,,,,,,,,,,,,100.0,,,,,,,,,,,,,,,,,EST,,,,,,,,,,,,,,,,,,,,2022-01-14,10:41:27,,,,,,,,,,,,,,,,,,,,,,,,,,,,,,,,,,,,,,,,,,,,,,,,,,,,,,,,,,,,,,,,,,,,,,,,,,,,,,,,,,,,,,,,U,False,2022-02-25 11:09:10.788204+00:00
250,4500000002,10,,,2022-02-25,Test Dry Good,TEST CPG1,TEST CPG1,USA1,1000,,,,5300000000.0,,,2.0,EA,EA,1.0,1.0,1.0,1.0,100.0,1.0,200.0,200.0,,,I1,,,B,X,,,,,,,,,,,,,X,,0,,,,,X,,X,,,,,,,,,,,,EA,V1,,,,2022-01-19,F,200.0,,,,,,SAP,5.0,9.0,KG,,,,,,,,,,4.0,,,,,,,,,,10.0,,,,,,,,,,,,,,,,,,,,,,,,,,,1,,,,,,,,,,,,,,,,,,10000002.0,10.0,FERT,,,,,,,,,,,,,,,,,,,,,,,,,,,200.0,,,,,,,,,,,,,,,,,EST,,,,,,,,,,,,,,,,,,,,2022-01-19,15:15:51,,,,,,,,,,,,,,,,,,,,,,,,,,,,,,,,,,,,,,,,,,,,,,,,,,,,,,,,,,,,,,,,,,,,,,,,,,,,,,,,,,,,,,,,U,False,2022-02-25 11:09:10.788204+00:00
250,4500000000,10,L,,2022-02-25,Test Dry Good,TEST CPG1,TEST CPG1,USA1,1000,1001.0,,,5300000000.0,,,1.0,EA,EA,1.0,1.0,1.0,1.0,100.0,1.0,100.0,100.0,,,,,,B,X,,,,,,,,,,,,,X,,0,,,,,X,,X,,,,,,,,,,,,EA,V1,,,,2022-01-14,F,100.0,,,,,,SAP,5.0,9.0,KG,,,,,,,,,,4.0,,,,,,,,,,10.0,,,,,,,,,,,,,,,,,,,,,,,,,,,1,,,,,,,,,,,,,,,,,,10000000.0,10.0,FERT,,,,,,,,,,,,,,,,,,,,,,,,,,,100.0,,,,,,,,,,,,,,,,,EST,,,,,,,,,,,,,,,,,,,,2022-01-14,10:41:27,,,,,,,,,,,,,,,,,,,,,,,,,,,,,,,,,,,,,,,,,,,,,,,,,,,,,,,,,,,,,,,,,,,,,,,,,,,,,,,,,,,,,,,,U,False,2022-02-25 11:13:44.250079+00:00
250,4500000002,10,L,,2022-02-25,Test Dry Good,TEST CPG1,TEST CPG1,USA1,1000,,,,5300000000.0,,,2.0,EA,EA,1.0,1.0,1.0,1.0,100.0,1.0,200.0,200.0,,,I1,,,B,X,,,,,,,,,,,,,X,,0,,,,,X,,X,,,,,,,,,,,,EA,V1,,,,2022-01-19,F,200.0,,,,,,SAP,5.0,9.0,KG,,,,,,,,,,4.0,,,,,,,,,,10.0,,,,,,,,,,,,,,,,,,,,,,,,,,,1,,,,,,,,,,,,,,,,,,10000002.0,10.0,FERT,,,,,,,,,,,,,,,,,,,,,,,,,,,200.0,,,,,,,,,,,,,,,,,EST,,,,,,,,,,,,,,,,,,,,2022-01-19,15:15:51,,,,,,,,,,,,,,,,,,,,,,,,,,,,,,,,,,,,,,,,,,,,,,,,,,,,,,,,,,,,,,,,,,,,,,,,,,,,,,,,,,,,,,,,U,False,2022-02-25 11:13:44.250079+00:00
100,4500000034,10,,V,2022-04-25,Plant Based Clothes liquid  Detergent 5L,C0000002,C0000002,C003,3000,,,01,5300000035.0,,,3.0,EA,EA,1.0,1.0,1.0,1.0,100.0,1.0,300.0,300.0,,,P1,,,B,X,,,,,,,,,,,,,,,5,X,V,,,,,X,,,,,,,,,,,,EA,,,,,2022-04-24,F,300.0,,1000056.0,,,,SAP,1.0,5.0,KG,CA00,,,,,,,,,,,,,,,,CA01PGHP02,,,6.0,,,,,,,,,,,,,,,,,,,,,,,,,,,1,,,,,,,,,,,,,,,,,,10000050.0,10.0,FERT,,,,,,,,,,,,,,,,,,,,,,,,,,,300.0,,,,,,,,,,,,,,,,,EST,,,,,,,,,,,,,,,,,,,,2022-04-25,06:04:38,,,,,,,,,,,,,,,,,,,,,,,,,,,,,,,,,,,,,,,,,,,,,,,,,,,,,,,,,,,,,,,,,,,,,,,,,,,,,,,,,,,,,,,,I,False,2022-04-26 14:35:08.587146+00:00
100,4500000035,10,,V,2022-04-25,W Slimline Desktop,C0000069,C0000069,C003,3000,,,01,5300000005.0,,,3.0,EA,EA,1.0,1.0,1.0,1.0,100.0,1.0,300.0,300.0,,,P1,,,B,X,,,,,,,,,,,,,,,5,X,V,,,,,X,,,,,,,,,,,,EA,,,,,2022-04-24,F,300.0,,1000056.0,,,,SAP,1.0,5.0,KG,CA00,,,,,,,,,,,,,,,,CA01ELHC02,,,6.0,,,,,,,,,,,,,,,,,,,,,,,,,,,1,,,,,,,,,,,,,,,,,,10000051.0,10.0,FERT,,,,,,,,,,,,,,,,,,,,,,,,,,,300.0,,,,,,,,,,,,,,,,,EST,,,,,,,,,,,,,,,,,,,,2022-04-25,06:14:39,,,,,,,,,,,,,,,,,,,,,,,,,,,,,,,,,,,,,,,,,,,,,,,,,,,,,,,,,,,,,,,,,,,,,,,,,,,,,,,,,,,,,,,,I,False,2022-04-26 14:35:08.587146+00:00
50,4500000034,10,,V,2022-04-25,Cool Hand wash,C0000016,C0000016,C003,3000,,,01,5300000038.0,,,5.0,EA,EA,1.0,1.0,1.0,1.0,120.0,1.0,600.0,600.0,,,P1,,,B,X,,,,,,,,,,,,,,,5,X,V,,,,,X,,,,,,,,,,,,EA,,,,,2022-04-24,F,600.0,,1000056.0,,,,SAP,1.0,,KG,CA00,,,,,,,,,,,,,,,,CA01PGPC01,,,6.0,,,,,,,,,,,,,,,,,,,,,,,,,,,1,,,,,,,,,,,,,,,,,,10000045.0,10.0,FERT,,,,,,,,,,,,,,,,,,,,,,,,,,,600.0,,,,,,,,,,,,,,,,,EST,,,,,,,,,,,,,,,,,,,,2022-04-25,06:28:18,,,,,,,,,,,,,,,,,,,,,,,,,,,,,,,,,,,,,,,,,,,,,,,,,,,,,,,,,,,,,,,,,,,,,,,,,,,,,,,,,,,,,,,,I,False,2022-04-26 14:35:08.587146+00:00
100,4500000036,10,,V,2022-04-25,Super Saop Bar,C0000017,C0000017,C003,3000,,,01,5300000041.0,,,5.0,EA,EA,1.0,1.0,1.0,1.0,110.0,1.0,550.0,550.0,,,P1,,,C,X,,,,,,,,,,,,,,,5,X,V,,,,,X,,,,,,,,,,,,EA,,,,,2022-04-24,F,550.0,,1000056.0,,,,SAP,,5.0,KG,CA00,,,,,,,,,,,,,,,,CA01PGPC02,,,6.0,,,,,,,,,,,,,,,,,,,,,,,,,,,1,,,,,,,,,,,,,,,,,,10000052.0,10.0,FERT,,,,,,,,,,,,,,,,,,,,,,,,,,,550.0,,,,,,,,,,,,,,,,,EST,,,,,,,,,,,,,,,,,,,,2022-04-25,06:42:06,,,,,,,,,,,,,,,,,,,,,,,,,,,,,,,,,,,,,,,,,,,,,,,,,,,,,,,,,,,,,,,,,,,,,,,,,,,,,,,,,,,,,,,,I,False,2022-04-26 14:35:08.587146+00:00
100,4500000037,10,,V,2022-04-25,Cool Shower Gel,C0000018,C0000018,C003,3000,,,01,5300000042.0,,,4.0,EA,EA,1.0,1.0,1.0,1.0,105.0,1.0,420.0,420.0,,,P1,,,B,X,,,,,,,,,,,,,,,5,X,V,,,,,X,,,,,,,,,,,,EA,,,,,2022-04-24,F,420.0,,1000056.0,,,,SAP,1.0,5.0,KG,CA00,,,,,,,,,,,,,,,,CA01PGPC03,,,6.0,,,,,,,,,,,,,,,,,,,,,,,,,,,1,,,,,,,,,,,,,,,,,,10000053.0,10.0,FERT,,,,,,,,,,,,,,,,,,,,,,,,,,,420.0,,,,,,,,,,,,,,,,,EST,,,,,,,,,,,,,,,,,,,,2022-04-25,06:50:57,,,,,,,,,,,,,,,,,,,,,,,,,,,,,,,,,,,,,,,,,,,,,,,,,,,,,,,,,,,,,,,,,,,,,,,,,,,,,,,,,,,,,,,,I,False,2022-04-26 14:35:08.587146+00:00
100,4500000038,10,,V,2022-04-25,Flavored Yogurt,C0000034,C0000034,C003,3000,,,01,5300000043.0,,,5.0,EA,EA,1.0,1.0,1.0,1.0,120.0,1.0,600.0,600.0,,,P1,,,B,X,,,,,,,,,,,,,,,5,X,V,,,,,X,,,,,,,,,,,,EA,,,,,2022-04-25,F,600.0,,1000056.0,,,,SAP,1.0,5.0,KG,CA00,,,,,,,,,,,,,,,,CA01PSFD02,,,6.0,,,,,,,,,,,,,,,,,,,,,,,,,,,1,,,,,,,,,,,,,,,,,,10000054.0,10.0,FERT,,,,,,,,,,,,,,,,,,,,,,,,,,,600.0,,,,,,,,,,,,,,,,,EST,,,,,,,,,,,,,,,,,,,,2022-04-25,07:02:08,,,,,,,,,,,,,,,,,,,,,,,,,,,,,,,,,,,,,,,,,,,,,,,,,,,,,,,,,,,,,,,,,,,,,,,,,,,,,,,,,,,,,,,,I,False,2022-04-26 14:35:08.587146+00:00
100,4500000039,10,,V,2022-04-25,Flavored Yogurt,C0000034,C0000034,C003,3000,,,01,5300000043.0,,,3.0,EA,EA,1.0,1.0,1.0,1.0,120.0,1.0,360.0,360.0,,,P1,,,B,X,,,,,,,,,,,,,,,5,X,V,,,,,X,,,,,,,,,,,,EA,,,,,2022-04-25,F,360.0,,1000056.0,,,,SAP,1.0,5.0,KG,CA00,,,,,,,,,,,,,,,,CA01PSFD02,,,6.0,,,,,,,,,,,,,,,,,,,,,,,,,,,1,,,,,,,,,,,,,,,,,,10000055.0,10.0,FERT,,,,,,,,,,,,,,,,,,,,,,,,,,,360.0,,,,,,,,,,,,,,,,,EST,,,,,,,,,,,,,,,,,,,,2022-04-25,07:31:30,,,,,,,,,,,,,,,,,,,,,,,,,,,,,,,,,,,,,,,,,,,,,,,,,,,,,,,,,,,,,,,,,,,,,,,,,,,,,,,,,,,,,,,,I,False,2022-04-26 14:35:08.587146+00:00
100,4500000040,10,,V,2022-04-25,Flavored Yogurt,C0000034,C0000034,C003,3000,,,01,5300000043.0,,,4.0,EA,EA,1.0,1.0,1.0,1.0,120.0,1.0,480.0,480.0,,,P1,,,B,X,,,,,,,,,,,,,,,5,X,V,,,,,X,,,,,,,,,,,,EA,,,,,2022-04-25,F,480.0,,1000056.0,,,,SAP,1.0,5.0,KG,CA00,,,,,,,,,,,,,,,,CA01PSFD02,,,6.0,,,,,,,,,,,,,,,,,,,,,,,,,,,1,,,,,,,,,,,,,,,,,,10000056.0,10.0,FERT,,,,,,,,,,,,,,,,,,,,,,,,,,,480.0,,,,,,,,,,,,,,,,,EST,,,,,,,,,,,,,,,,,,,,2022-04-25,07:36:26,,,,,,,,,,,,,,,,,,,,,,,,,,,,,,,,,,,,,,,,,,,,,,,,,,,,,,,,,,,,,,,,,,,,,,,,,,,,,,,,,,,,,,,,I,False,2022-04-26 14:35:08.587146+00:00
100,4500000041,10,,V,2022-04-25,White Meat,C0000039,C0000039,C003,3000,,,01,5300000044.0,,,3.0,LB,LB,1.0,1.0,1.0,1.0,105.0,1.0,315.0,315.0,,,P1,,,B,X,,,,,,,,,,,,,,,5,X,V,,,,,X,,,,,,,,,,,,LB,,,,,2022-04-25,F,315.0,,1000056.0,,,,SAP,1.0,5.0,KG,CA00,,,,,,,,,,,,,,,,CA01PSFD07,,,6.0,,,,,,,,,,,,,,,,,,,,,,,,,,,1,,,,,,,,,,,,,,,,,,10000057.0,10.0,FERT,,,,,,,,,,,,,,,,,,,,,,,,,,,315.0,,,,,,,,,,,,,,,,,EST,,,,,,,,,,,,,,,,,,,,2022-04-25,07:56:05,,,,,,,,,,,,,,,,,,,,,,,,,,,,,,,,,,,,,,,,,,,,,,,,,,,,,,,,,,,,,,,,,,,,,,,,,,,,,,,,,,,,,,,,I,False,2022-04-26 14:35:08.587146+00:00
100,4500000042,10,,V,2022-04-25,Red Meat,C0000040,C0000040,C003,3000,,,01,5300000045.0,,,4.0,LB,LB,1.0,1.0,1.0,1.0,100.0,1.0,400.0,400.0,,,P1,,,B,X,,,,,,,,,,,,,,,5,X,V,,,,,X,,,,,,,,,,,,LB,,,,,2022-04-25,F,400.0,,1000056.0,,,,SAP,1.0,5.0,KG,CA00,,,,,,,,,,,,,,,,CA01PSFD08,,,6.0,,,,,,,,,,,,,,,,,,,,,,,,,,,1,,,,,,,,,,,,,,,,,,10000058.0,10.0,FERT,,,,,,,,,,,,,,,,,,,,,,,,,,,400.0,,,,,,,,,,,,,,,,,EST,,,,,,,,,,,,,,,,,,,,2022-04-25,10:15:32,,,,,,,,,,,,,,,,,,,,,,,,,,,,,,,,,,,,,,,,,,,,,,,,,,,,,,,,,,,,,,,,,,,,,,,,,,,,,,,,,,,,,,,,I,False,2022-04-26 14:35:08.587146+00:00
100,4500000043,10,,V,2022-04-25,Cool Hand wash,C0000016,C0000016,C004,4000,,,01,5300000046.0,,,5.0,EA,EA,1.0,1.0,1.0,1.0,120.0,1.0,600.0,600.0,,,V1,,,B,X,,,,,,,,,,,,,,,5,X,V,,,,,X,,,,,,,,,,,,EA,,,,,2022-04-25,F,600.0,,1000057.0,,,,SAP,1.0,,KG,,,,,,,,,,,,,,,,,EU01PGPC01,,,6.0,,,,,,,,,,,,,,,,,,,,,,,,,,,1,,,,,,,,,,,,,,,,,,10000059.0,10.0,FERT,,,,,,,,,,,,,,,,,,,,,,,,,,,600.0,,,,,,,,,,,,,,,,,UTC+1,,,,,,,,,,,,,,,,,,,,2022-04-25,10:23:51,,,,,,,,,,,,,,,,,,,,,,,,,,,,,,,,,,,,,,,,,,,,,,,,,,,,,,,,,,,,,,,,,,,,,,,,,,,,,,,,,,,,,,,,I,False,2022-04-26 14:35:08.587146+00:00
100,4500000044,10,,V,2022-04-25,Cool Hand wash,C0000016,C0000016,C004,4000,,,01,5300000046.0,,,4.0,EA,EA,1.0,1.0,1.0,1.0,120.0,1.0,480.0,480.0,,,V1,,,B,X,,,,,,,,,,,,,,,5,X,V,,,,,X,,,,,,,,,,,,EA,,,,,2022-04-25,F,480.0,,1000057.0,,,,SAP,1.0,,KG,,,,,,,,,,,,,,,,,EU01PGPC01,,,6.0,,,,,,,,,,,,,,,,,,,,,,,,,,,1,,,,,,,,,,,,,,,,,,10000060.0,10.0,FERT,,,,,,,,,,,,,,,,,,,,,,,,,,,480.0,,,,,,,,,,,,,,,,,UTC+1,,,,,,,,,,,,,,,,,,,,2022-04-25,10:42:30,,,,,,,,,,,,,,,,,,,,,,,,,,,,,,,,,,,,,,,,,,,,,,,,,,,,,,,,,,,,,,,,,,,,,,,,,,,,,,,,,,,,,,,,I,False,2022-04-26 14:35:08.587146+00:00
100,4500000045,10,,V,2022-04-25,Super Saop Bar,C0000017,C0000017,C004,4000,,,01,5300000047.0,,,5.0,EA,EA,1.0,1.0,1.0,1.0,120.0,1.0,600.0,600.0,,,V1,,,B,X,,,,,,,,,,,,,,,5,X,V,,,,,X,,,,,,,,,,,,EA,,,,,2022-04-25,F,600.0,,1000057.0,,,,SAP,1.0,5.0,KG,,,,,,,,,,,,,,,,,EU01PGPC02,,,6.0,,,,,,,,,,,,,,,,,,,,,,,,,,,1,,,,,,,,,,,,,,,,,,10000061.0,10.0,FERT,,,,,,,,,,,,,,,,,,,,,,,,,,,600.0,,,,,,,,,,,,,,,,,UTC+1,,,,,,,,,,,,,,,,,,,,2022-04-25,10:53:43,,,,,,,,,,,,,,,,,,,,,,,,,,,,,,,,,,,,,,,,,,,,,,,,,,,,,,,,,,,,,,,,,,,,,,,,,,,,,,,,,,,,,,,,I,False,2022-04-26 14:35:08.587146+00:00
100,4500000046,10,,V,2022-04-25,Flavored Yogurt,C0000034,C0000034,C004,4000,,,01,5300000048.0,,,5.0,EA,EA,1.0,1.0,1.0,1.0,120.0,1.0,600.0,600.0,,,V1,,,B,X,,,,,,,,,,,,,,,5,X,V,,,,,X,,,,,,,,,,,,EA,,,,,2022-04-25,F,600.0,,1000057.0,,,,SAP,1.0,5.0,KG,,,,,,,,,,,,,,,,,EU01PSFD02,,,6.0,,,,,,,,,,,,,,,,,,,,,,,,,,,1,,,,,,,,,,,,,,,,,,10000062.0,10.0,FERT,,,,,,,,,,,,,,,,,,,,,,,,,,,600.0,,,,,,,,,,,,,,,,,UTC+1,,,,,,,,,,,,,,,,,,,,2022-04-25,11:02:36,,,,,,,,,,,,,,,,,,,,,,,,,,,,,,,,,,,,,,,,,,,,,,,,,,,,,,,,,,,,,,,,,,,,,,,,,,,,,,,,,,,,,,,,I,False,2022-04-26 14:35:08.587146+00:00
100,4500000047,10,,V,2022-04-25,Plant Based Clothes liquid  Detergent 5L,C0000002,C0000002,C005,5000,,,01,5300000049.0,,,5.0,EA,EA,1.0,1.0,1.0,1.0,1.2,1.0,6.0,6.0,,,,,,B,X,,,,,,,,,,,,,,,5,X,V,,,,,X,,,,,,,,,,,,EA,,,,,2022-04-25,F,6.0,,1000058.0,,,,SAP,1.0,5.0,KG,,,,,,,,,,,,,,,,,AP01PGHP02,,,6.0,,,,,,,,,,,,,,,,,,,,,,,,,,,1,,,,,,,,,,,,,,,,,,10000063.0,10.0,FERT,,,,,,,,,,,,,,,,,,,,,,,,,,,6.0,,,,,,,,,,,,,,,,,JAPAN,,,,,,,,,,,,,,,,,,,,2022-04-25,12:11:19,,,,,,,,,,,,,,,,,,,,,,,,,,,,,,,,,,,,,,,,,,,,,,,,,,,,,,,,,,,,,,,,,,,,,,,,,,,,,,,,,,,,,,,,I,False,2022-04-26 14:35:08.587146+00:00
100,4500000048,10,,V,2022-04-25,Cool Hand wash,C0000016,C0000016,C005,5000,,,01,5300000050.0,,,5.0,EA,EA,1.0,1.0,1.0,1.0,1.2,1.0,6.0,6.0,,,V1,,,B,X,,,,,,,,,,,,,,,5,X,V,,,,,X,,,,,,,,,,,,EA,,,,,2022-04-25,F,6.0,,1000058.0,,,,SAP,1.0,,KG,,,,,,,,,,,,,,,,,AP01PGPC01,,,6.0,,,,,,,,,,,,,,,,,,,,,,,,,,,1,,,,,,,,,,,,,,,,,,10000064.0,10.0,FERT,,,,,,,,,,,,,,,,,,,,,,,,,,,6.0,,,,,,,,,,,,,,,,,JAPAN,,,,,,,,,,,,,,,,,,,,2022-04-25,12:21:52,,,,,,,,,,,,,,,,,,,,,,,,,,,,,,,,,,,,,,,,,,,,,,,,,,,,,,,,,,,,,,,,,,,,,,,,,,,,,,,,,,,,,,,,I,False,2022-04-26 14:35:08.587146+00:00
100,4500000015,10,L,,2022-02-02,Linux Gaming laptop,C0000077,C0000077,C001,1000,,,01,5300000016.0,,,10.0,EA,EA,1.0,1.0,1.0,1.0,300.0,1.0,3000.0,3000.0,,,I1,,,C,X,,,,,,,,,,,,,,,0,C,V,,,,,X,,,,,,,,,,,,EA,,,,,2022-02-01,F,3000.0,,,,,,SAP,,5.0,KG,CA0000000,,,,,,,,,,,,,,,,US01ELHC10,,,6.0,,,,,,,,,,,X,,,,,,,,,,,,,,,,1,,,,,,,,,,,,,,,,,,,,FERT,,,,,,,,,,,,,,,,,,,,,,,,,,,3000.0,,,,,,,,,,,,,,,,,PST,,,,,,,,,,,,,,,,,,,,2022-02-02,07:11:56,,,,,,,,,,,,,,,,,,,,,,,,,,,,,,,,,,,,,,,,,,,,,,,,,,,,,,,,,,,,,,,,,,,,,,,,,,,,,,,,,,,,,,,,I,False,2022-04-21 14:46:56.561898+00:00
100,4500000016,10,L,,2022-02-02,Linux Gaming laptop,C0000077,C0000077,C001,1000,,,01,5300000016.0,,,5.0,EA,EA,1.0,1.0,1.0,1.0,300.0,1.0,1500.0,1500.0,,,I0,,,C,X,,,,,,,,,,,,,,,0,C,V,,,,,X,,,,,,,,,,,,EA,,,,,2022-02-02,F,1500.0,,,,,,SAP,,5.0,KG,CA0000000,,,,,,,,,,,,,,,,US01ELHC10,,,6.0,,,,,,,,,,,X,,,,,,,,,,,,,,,,1,,,,,,,,,,,,,,,,,,,,FERT,,,,,,,,,,,,,,,,,,,,,,,,,,,1500.0,,,,,,,,,,,,,,,,,PST,,,,,,,,,,,,,,,,,,,,2022-02-02,11:14:24,,,,,,,,,,,,,,,,,,,,,,,,,,,,,,,,,,,,,,,,,,,,,,,,,,,,,,,,,,,,,,,,,,,,,,,,,,,,,,,,,,,,,,,,I,False,2022-04-21 14:46:56.561898+00:00
100,4500000017,10,,,2022-02-02,Linux Gaming laptop,C0000077,C0000077,C001,1000,,,01,5300000016.0,,,5.0,EA,EA,1.0,1.0,1.0,1.0,300.0,1.0,1500.0,1500.0,,,I0,,,C,X,,,,,,,,,,,,,,,0,C,V,,,,,X,,,,,,,,,,,,EA,,,,,2022-02-02,F,1500.0,,,,,,SAP,,5.0,KG,CA0000000,,,,,,,,,,,,,,,,US01ELHC10,,,6.0,,,,,,,,,,,,,,,,,,,,,,,,,,,1,,,,,,,,,,,,,,,,,,,,FERT,,,,,,,,,,,,,,,,,,,,,,,,,,,1500.0,,,,,,,,,,,,,,,,,PST,,,,,,,,,,,,,,,,,,,,2022-02-02,11:44:18,,,,,,,,,,,,,,,,,,,,,,,,,,,,,,,,,,,,,,,,,,,,,,,,,,,,,,,,,,,,,,,,,,,,,,,,,,,,,,,,,,,,,,,,I,False,2022-04-21 14:46:56.561898+00:00
100,4500000020,10,,,2022-03-18,Linux Gaming laptop,C0000077,C0000077,C001,1000,,,01,5300000021.0,,,5.0,EA,EA,1.0,1.0,1.0,1.0,100.0,1.0,500.0,500.0,,,,,,B,X,,,1.0,,,,,,,,,,,,0,K,V,,,,,X,,,,,,,,,,,,EA,,,,,2022-03-18,F,500.0,,,,,,SAP,1.0,5.0,KG,CA0000000,,,,,,,,,,,,,,,,US01ELHC10,,,6.0,,,,,,,,,,,,,,,,,,,,,,,,,,,1,,,,,,,,,,,,,,,,,,10000022.0,10.0,FERT,,,,,,,,,,,,,,,,,,,,,,,,,,,500.0,,,,,,,,,,,,,,,,,PST,,,,,,,,,,,,,,,,,,,,2022-03-18,12:12:47,,,,,,,,,,,,,,,,,,,,,,,,,,,,,,,,,,,,,,,,,,,,,,,,,,,,,,,,,,,,,,,,,,,,,,,,,,,,,,,,,,,,,,,,I,False,2022-04-21 14:46:56.561898+00:00
100,4500000000,10,,V,2022-01-17,Synthetic Dish washing gel 5 L,C0000003,C0000003,C001,1000,,,01,5300000000.0,,,1.0,EA,EA,1.0,1.0,1.0,1.0,5.0,1.0,5.0,5.0,,,,,,B,X,,,,,,,,,,,,,,,5,X,V,,,X,,X,,,,,,,,,,,,EA,,,,,2022-01-17,F,5.0,,1000025.0,,,,SAP,1.0,,KG,CA0000000,,,,,,,,,,,,,,,,US01PGHP03,,,6.0,,,,,,,,,,,,,,,,,,,,,,,,,,,1,,,,,,,,,,,,,,,,,,10000000.0,10.0,FERT,,,,,,,,,,,,,,,,,,,,,,,,,,,5.0,,,,,,,,,,,,,,,,,PST,,,,,,,,,,,,,,,,,,,,2022-01-17,17:28:02,,,,,,,,,,,,,,,,,,,,,,,,,,,,,,,,,,,,,,,,,,,,,,,,,,,,,,,,,,,,,,,,,,,,,,,,,,,,,,,,,,,,,,,,I,False,2022-04-21 14:46:56.561898+00:00
100,4500000001,10,,V,2022-01-18,Synthetic Dish washing gel 5 L,C0000003,C0000003,C001,1000,,,01,5300000000.0,,,5.0,EA,EA,1.0,1.0,1.0,1.0,10.0,1.0,50.0,50.0,,,,,,B,X,,,,,,,,,,,,,,,5,X,V,,,,,X,,,,,,,,,,,,EA,,,,,2022-01-17,F,50.0,,1000025.0,,,,SAP,1.0,,KG,CA0000000,,,,,,,,,,,,,,,,US01PGHP03,,,6.0,,,,,,,,,,,,,,,,,,,,,,,,,,,1,,,,,,,,,,,,,,,,,,10000001.0,10.0,FERT,,,,,,,,,,,,,,,,,,,,,,,,,,,50.0,,,,,,,,,,,,,,,,,PST,,,,,,,,,,,,,,,,,,,,2022-01-17,17:44:45,,,,,,,,,,,,,,,,,,,,,,,,,,,,,,,,,,,,,,,,,,,,,,,,,,,,,,,,,,,,,,,,,,,,,,,,,,,,,,,,,,,,,,,,I,False,2022-04-21 14:46:56.561898+00:00
100,4500000002,10,,V,2022-01-23,Synthetic Dish washing gel 5 L,C0000003,C0000003,C001,1000,,,01,5300000000.0,,,3.0,EA,EA,1.0,1.0,1.0,1.0,5.0,1.0,15.0,15.0,,,,,,B,X,,,,,,,,,,,,,,,5,X,V,,,,,X,,,,,,,,,,,,EA,,,,,2022-01-23,F,15.0,,1000025.0,,,,SAP,1.0,,KG,CA0000000,,,,,,,,,,,,,,,,US01PGHP03,,,6.0,,,,,,,,,,,,,,,,,,,,,,,,,,,1,,,,,,,,,,,,,,,,,,10000002.0,10.0,FERT,,,,,,,,,,,,,,,,,,,,,,,,,,,15.0,,,,,,,,,,,,,,,,,PST,,,,,,,,,,,,,,,,,,,,2022-01-23,14:42:48,,,,,,,,,,,,,,,,,,,,,,,,,,,,,,,,,,,,,,,,,,,,,,,,,,,,,,,,,,,,,,,,,,,,,,,,,,,,,,,,,,,,,,,,I,False,2022-04-21 14:46:56.561898+00:00
100,4500000003,10,,V,2022-01-23,Plain non flavored Yogurt,C0000033,C0000033,C001,1000,,,01,5300000001.0,,,3.0,EA,EA,1.0,1.0,1.0,1.0,50.0,1.0,150.0,150.0,,,I1,,,B,X,,,,,,,,,,,,,,,5,X,V,,,,,X,,,,,,,,,,,,EA,,,,,2022-01-23,F,150.0,,1000025.0,,,,SAP,1.0,5.0,KG,CA0000000,,,,,,,,,,,,,,,,US01PSFD01,,,6.0,,,,,,,,,,,,,,,,,,,,,,,,,,,1,,,,,,,,,,,,,,,,,,10000003.0,10.0,FERT,,,,,,,,,,,,,,,,,,,,,,,,,,,150.0,,,,,,,,,,,,,,,,,PST,,,,,,,,,,,,,,,,,,,,2022-01-23,15:39:24,,,,,,,,,,,,,,,,,,,,,,,,,,,,,,,,,,,,,,,,,,,,,,,,,,,,,,,,,,,,,,,,,,,,,,,,,,,,,,,,,,,,,,,,I,False,2022-04-21 14:46:56.561898+00:00
100,4500000004,10,,V,2022-01-23,Linux Laptop,C0000076,C0000076,C001,1000,,,01,5300000002.0,,,3.0,EA,EA,1.0,1.0,1.0,1.0,400.0,1.0,1200.0,1200.0,,,,,,B,X,,,,,,,,,,,,,,,5,X,V,,,,,X,,,,,,,,,,,,EA,,,,,2022-01-23,F,1200.0,,1000025.0,,,,SAP,1.0,5.0,KG,CA0000000,,,,,,,,,,,,,,,,US01ELHC09,,,6.0,,,,,,,,,,,,,,,,,,,,,,,,,,,1,,,,,,,,,,,,,,,,,,10000004.0,10.0,FERT,,,,,,,,,,,,,,,,,,,,,,,,,,,1200.0,,,,,,,,,,,,,,,,,PST,,,,,,,,,,,,,,,,,,,,2022-01-23,16:30:41,,,,,,,,,,,,,,,,,,,,,,,,,,,,,,,,,,,,,,,,,,,,,,,,,,,,,,,,,,,,,,,,,,,,,,,,,,,,,,,,,,,,,,,,I,False,2022-04-21 14:46:56.561898+00:00
100,4500000005,10,,V,2022-01-24,Linux Laptop,C0000076,C0000076,C001,1000,,,01,5300000002.0,,,1.0,EA,EA,1.0,1.0,1.0,1.0,100.0,1.0,100.0,100.0,,,,,,B,X,,,,,,,,,,,,,,,5,X,V,,,,,X,,,,,,,,,,,,EA,,,,,2022-01-24,F,100.0,,1000025.0,,,,SAP,1.0,5.0,KG,CA0000000,,,,,,,,,,,,,,,,US01ELHC09,,,6.0,,,,,,,,,,,,,,,,,,,,,,,,,,,1,,,,,,,,,,,,,,,,,,10000005.0,10.0,FERT,,,,,,,,,,,,,,,,,,,,,,,,,,,100.0,,,,,,,,,,,,,,,,,PST,,,,,,,,,,,,,,,,,,,,2022-01-24,16:26:35,,,,,,,,,,,,,,,,,,,,,,,,,,,,,,,,,,,,,,,,,,,,,,,,,,,,,,,,,,,,,,,,,,,,,,,,,,,,,,,,,,,,,,,,I,False,2022-04-21 14:46:56.561898+00:00
100,4500000018,10,,V,2022-02-24,Linux Laptop,C0000076,C0000076,C001,1000,,,01,5300000002.0,,,5.0,EA,EA,1.0,1.0,1.0,1.0,100.0,1.0,500.0,500.0,,,I1,,,B,X,,,,,,,,,,,,,,,5,X,V,,,,,X,,,,,,,,,,,,EA,,,,,2022-02-23,F,500.0,,1000025.0,,,,SAP,1.0,5.0,KG,CA0000000,,,,,,,,,,,,,,,,US01ELHC09,,,6.0,,,,,,,,,,,,,,,,,,,,,,,,,,,1,,,,,,,,,,,,,,,,,,10000020.0,10.0,FERT,,,,,,,,,,,,,,,,,,,,,,,,,,,500.0,,,,,,,,,,,,,,,,,PST,,,,,,,,,,,,,,,,,,,,2022-02-24,02:50:17,,,,,,,,,,,,,,,,,,,,,,,,,,,,,,,,,,,,,,,,,,,,,,,,,,,,,,,,,,,,,,,,,,,,,,,,,,,,,,,,,,,,,,,,I,False,2022-04-21 14:46:56.561898+00:00
100,4500000006,10,,V,2022-01-25,Synthetic Clothes liquid  Detergent  5 L,C0000001,C0000001,C003,3000,,,01,5300000003.0,,,10.0,EA,EA,1.0,1.0,1.0,1.0,30.0,1.0,300.0,300.0,,,P1,,,B,X,,,,,,,,,,,,,,,5,X,V,,,,,X,,,,,,,,,,,,EA,,,,,2022-01-25,F,300.0,,1000035.0,,,,SAP,1.0,5.0,KG,CA00,,,,,,,,,,,,,,,,CA01PGHP01,,,6.0,,,,,,,,,,,,,,,,,,,,,,,,,,,1,,,,,,,,,,,,,,,,,,10000006.0,10.0,FERT,,,,,,,,,,,,,,,,,,,,,,,,,,,300.0,,,,,,,,,,,,,,,,,EST,,,,,,,,,,,,,,,,,,,,2022-01-25,13:37:06,,,,,,,,,,,,,,,,,,,,,,,,,,,,,,,,,,,,,,,,,,,,,,,,,,,,,,,,,,,,,,,,,,,,,,,,,,,,,,,,,,,,,,,,I,False,2022-04-21 14:46:56.561898+00:00
100,4500000007,10,,V,2022-01-26,Plain non flavored Yogurt,C0000033,C0000033,C003,3000,,,01,5300000004.0,,,10.0,EA,EA,1.0,1.0,1.0,1.0,10.0,1.0,100.0,100.0,,,P1,,,B,X,,,,,,,,,,,,,,,5,X,V,,,,,X,,,,,,,,,,,,EA,,,,,2022-01-26,F,100.0,,1000033.0,,,,SAP,1.0,5.0,KG,CA00,,,,,,,,,,,,,,,,CA01PSFD01,,,6.0,,,,,,,,,,,,,,,,,,,,,,,,,,,1,,,,,,,,,,,,,,,,,,10000008.0,10.0,FERT,,,,,,,,,,,,,,,,,,,,,,,,,,,100.0,,,,,,,,,,,,,,,,,EST,,,,,,,,,,,,,,,,,,,,2022-01-26,19:14:18,,,,,,,,,,,,,,,,,,,,,,,,,,,,,,,,,,,,,,,,,,,,,,,,,,,,,,,,,,,,,,,,,,,,,,,,,,,,,,,,,,,,,,,,I,False,2022-04-21 14:46:56.561898+00:00
100,4500000008,10,,V,2022-01-26,Windows Slimline Desktop,C0000069,C0000069,C003,3000,,,01,5300000005.0,,,12.0,EA,EA,1.0,1.0,1.0,1.0,100.0,1.0,1200.0,1200.0,,,P1,,,B,X,,,,,,,,,,,,,,,5,X,V,,,,,X,,,,,,,,,,,,EA,,,,,2022-01-26,F,1200.0,,1000033.0,,,,SAP,1.0,5.0,KG,CA00,,,,,,,,,,,,,,,,CA01ELHC02,,,6.0,,,,,,,,,,,,,,,,,,,,,,,,,,,1,,,,,,,,,,,,,,,,,,10000009.0,10.0,FERT,,,,,,,,,,,,,,,,,,,,,,,,,,,1200.0,,,,,,,,,,,,,,,,,EST,,,,,,,,,,,,,,,,,,,,2022-01-26,19:39:27,,,,,,,,,,,,,,,,,,,,,,,,,,,,,,,,,,,,,,,,,,,,,,,,,,,,,,,,,,,,,,,,,,,,,,,,,,,,,,,,,,,,,,,,I,False,2022-04-21 14:46:56.561898+00:00
100,4500000009,10,,V,2022-01-31,Synthetic Clothes liquid  Detergent  5 L,C0000001,C0000001,C004,4000,,,01,5300000010.0,,,10.0,EA,EA,1.0,1.0,1.0,1.0,30.0,1.0,300.0,300.0,,,V1,,,B,X,,,,,,,,,,,,,,,5,X,V,,,,,X,,,,,,,,,,,,EA,,,,,2022-01-31,F,300.0,,1000038.0,,,,SAP,1.0,5.0,KG,,,,,,,,,,,,,,,,,EU01PGHP01,,,6.0,,,,,,,,,,,,,,,,,,,,,,,,,,,1,,,,,,,,,,,,,,,,,,10000010.0,10.0,FERT,,,,,,,,,,,,,,,,,,,,,,,,,,,300.0,,,,,,,,,,,,,,,,,UTC+1,,,,,,,,,,,,,,,,,,,,2022-01-31,21:58:03,,,,,,,,,,,,,,,,,,,,,,,,,,,,,,,,,,,,,,,,,,,,,,,,,,,,,,,,,,,,,,,,,,,,,,,,,,,,,,,,,,,,,,,,I,False,2022-04-21 14:46:56.561898+00:00
100,4500000010,10,,V,2022-01-31,Plain non flavored Yogurt,C0000033,C0000033,C004,4000,,,01,5300000011.0,,,10.0,EA,EA,1.0,1.0,1.0,1.0,10.0,1.0,100.0,100.0,,,V1,,,B,X,,,,,,,,,,,,,,,5,X,V,,,,,X,,,,,,,,,,,,EA,,,,,2022-01-31,F,100.0,,1000038.0,,,,SAP,1.0,5.0,KG,,,,,,,,,,,,,,,,,EU01PSFD01,,,6.0,,,,,,,,,,,,,,,,,,,,,,,,,,,1,,,,,,,,,,,,,,,,,,10000011.0,10.0,FERT,,,,,,,,,,,,,,,,,,,,,,,,,,,100.0,,,,,,,,,,,,,,,,,UTC+1,,,,,,,,,,,,,,,,,,,,2022-01-31,21:59:32,,,,,,,,,,,,,,,,,,,,,,,,,,,,,,,,,,,,,,,,,,,,,,,,,,,,,,,,,,,,,,,,,,,,,,,,,,,,,,,,,,,,,,,,I,False,2022-04-21 14:46:56.561898+00:00
100,4500000011,10,,V,2022-01-31,Windows Slimline Desktop,C0000069,C0000069,C004,4000,,,01,5300000012.0,,,15.0,EA,EA,1.0,1.0,1.0,1.0,145.0,1.0,2175.0,2175.0,,,V1,,,B,X,,,,,,,,,,,,,,,5,X,V,,,,,X,,,,,,,,,,,,EA,,,,,2022-01-31,F,2175.0,,1000038.0,,,,SAP,1.0,5.0,KG,,,,,,,,,,,,,,,,,EU01ELHC02,,,6.0,,,,,,,,,,,,,,,,,,,,,,,,,,,1,,,,,,,,,,,,,,,,,,10000012.0,10.0,FERT,,,,,,,,,,,,,,,,,,,,,,,,,,,2175.0,,,,,,,,,,,,,,,,,UTC+1,,,,,,,,,,,,,,,,,,,,2022-01-31,22:00:14,,,,,,,,,,,,,,,,,,,,,,,,,,,,,,,,,,,,,,,,,,,,,,,,,,,,,,,,,,,,,,,,,,,,,,,,,,,,,,,,,,,,,,,,I,False,2022-04-21 14:46:56.561898+00:00
100,4500000012,10,,V,2022-02-01,Synthetic Clothes liquid  Detergent  5 L,C0000001,C0000001,C005,5000,,,01,5300000013.0,,,10.0,EA,EA,1.0,1.0,1.0,1.0,0.3,1.0,3.0,3.0,,,V1,,,B,X,,,,,,,,,,,,,,,5,X,V,,,,,X,,,,,,,,,,,,EA,,,,,2022-02-01,F,3.0,,1000040.0,,,,SAP,1.0,5.0,KG,,,,,,,,,,,,,,,,,AP01PGHP01,,,6.0,,,,,,,,,,,,,,,,,,,,,,,,,,,1,,,,,,,,,,,,,,,,,,10000013.0,10.0,FERT,,,,,,,,,,,,,,,,,,,,,,,,,,,3.0,,,,,,,,,,,,,,,,,JAPAN,,,,,,,,,,,,,,,,,,,,2022-02-01,11:51:25,,,,,,,,,,,,,,,,,,,,,,,,,,,,,,,,,,,,,,,,,,,,,,,,,,,,,,,,,,,,,,,,,,,,,,,,,,,,,,,,,,,,,,,,I,False,2022-04-21 14:46:56.561898+00:00
100,4500000013,10,,V,2022-02-01,Plain non flavored Yogurt,C0000033,C0000033,C005,5000,,,01,5300000014.0,,,10.0,EA,EA,1.0,1.0,1.0,1.0,0.1,1.0,1.0,1.0,,,V1,,,B,X,,,,,,,,,,,,,,,5,X,V,,,,,X,,,,,,,,,,,,EA,,,,,2022-02-01,F,1.0,,1000040.0,,,,SAP,1.0,5.0,KG,,,,,,,,,,,,,,,,,AP01PSFD01,,,6.0,,,,,,,,,,,,,,,,,,,,,,,,,,,1,,,,,,,,,,,,,,,,,,10000014.0,10.0,FERT,,,,,,,,,,,,,,,,,,,,,,,,,,,1.0,,,,,,,,,,,,,,,,,JAPAN,,,,,,,,,,,,,,,,,,,,2022-02-01,11:52:45,,,,,,,,,,,,,,,,,,,,,,,,,,,,,,,,,,,,,,,,,,,,,,,,,,,,,,,,,,,,,,,,,,,,,,,,,,,,,,,,,,,,,,,,I,False,2022-04-21 14:46:56.561898+00:00
100,4500000014,30,,V,2022-02-01,Windows Slimline Desktop,C0000069,C0000069,C005,5000,,,01,5300000015.0,,,10.0,EA,EA,1.0,1.0,1.0,1.0,2.0,1.0,20.0,20.0,,,V1,,,B,X,,,,,,,,,,,,,,,5,X,V,,,,,X,,,,,,,,,,,,EA,,,,,2022-02-01,F,20.0,,1000040.0,,,,SAP,1.0,5.0,KG,,,,,,,,,,,,,,,,,AP01ELHC02,,,6.0,,,,,,,,,,,,,,,,,,,,,,,,,,,1,,,,,,,,,,,,,,,,,,10000015.0,10.0,FERT,,,,,,,,,,,,,,,,,,,,,,,,,,,20.0,,,,,,,,,,,,,,,,,JAPAN,,,,,,,,,,,,,,,,,,,,2022-02-01,11:54:29,,,,,,,,,,,,,,,,,,,,,,,,,,,,,,,,,,,,,,,,,,,,,,,,,,,,,,,,,,,,,,,,,,,,,,,,,,,,,,,,,,,,,,,,I,False,2022-04-21 14:46:56.561898+00:00
100,4500000019,10,,V,2022-03-15,Plant Based Clothes liquid  Detergent 5L,C0000002,C0000002,C001,1000,,,01,5300000020.0,,,5.0,EA,EA,1.0,1.0,1.0,1.0,50.0,1.0,250.0,250.0,,,I1,,,B,X,,,,,,,,,,,,,,,5,X,V,,,,,X,,,,,,,,,,,,EA,,,,,2022-03-14,F,250.0,,1000054.0,,,,SAP,1.0,5.0,KG,CA0000000,,,,,,,,,,,,,,,,US01PGHP02,,,6.0,,,,,,,,,,,,,,,,,,,,,,,,,,,1,,,,,,,,,,,,,,,,,,10000021.0,10.0,FERT,,,,,,,,,,,,,,,,,,,,,,,,,,,250.0,,,,,,,,,,,,,,,,,PST,,,,,,,,,,,,,,,,,,,,2022-03-15,06:00:38,,,,,,,,,,,,,,,,,,,,,,,,,,,,,,,,,,,,,,,,,,,,,,,,,,,,,,,,,,,,,,,,,,,,,,,,,,,,,,,,,,,,,,,,I,False,2022-04-21 14:46:56.561898+00:00
100,4500000022,10,,V,2022-03-18,Plant Based Clothes liquid  Detergent 5L,C0000002,C0000002,C001,1000,,,01,5300000020.0,,,5.0,EA,EA,1.0,1.0,1.0,1.0,50.0,1.0,250.0,250.0,,,I1,,,B,X,,,,,,,,,,,,,,,5,X,V,,,,,X,,,,,,,,,,,,EA,,,,,2022-03-18,F,250.0,,1000054.0,,,,SAP,1.0,5.0,KG,CA0000000,,,,,,,,,,,,,,,,US01PGHP02,,,6.0,,,,,,,,,,,,,,,,,,,,,,,,,,,1,,,,,,,,,,,,,,,,,,10000025.0,10.0,FERT,,,,,,,,,,,,,,,,,,,,,,,,,,,250.0,,,,,,,,,,,,,,,,,PST,,,,,,,,,,,,,,,,,,,,2022-03-18,13:36:53,,,,,,,,,,,,,,,,,,,,,,,,,,,,,,,,,,,,,,,,,,,,,,,,,,,,,,,,,,,,,,,,,,,,,,,,,,,,,,,,,,,,,,,,I,False,2022-04-21 14:46:56.561898+00:00
100,4500000021,10,,V,2022-03-18,Synthetic Clothes liquid  Detergent  5 L,C0000001,C0000001,C001,1000,,,01,5300000022.0,,,5.0,EA,EA,1.0,1.0,1.0,1.0,45.0,1.0,225.0,225.0,,,I1,,,B,X,,,,,,,,,,,,,,,5,X,V,,,,,X,,X,,,,,,,,,,EA,,,,,2022-03-18,F,225.0,,1000054.0,,,,SAP,1.0,5.0,KG,CA0000000,,,,,,,,,,,,,,,,US01PGHP01,,,6.0,,,,,,,,,,,,,,,,,,,,,,,,,,,1,,,,,,,,,,,,,,,,,,10000024.0,10.0,FERT,,,,,,,,,,,,,,,,,,,,,,,,,,,225.0,,,,,,,,,,,,,,,,,PST,,,,,,,,,,,,,,,,,,,,2022-03-18,13:25:05,,,,,,,,,,,,,,,,,,,,,,,,,,,,,,,,,,,,,,,,,,,,,,,,,,,,,,,,,,,,,,,,,,,,,,,,,,,,,,,,,,,,,,,,I,False,2022-04-21 14:46:56.561898+00:00
100,4500000023,10,,,2022-03-18,Plant Based Dish washing gel 5L,C0000004,C0000004,C001,1000,,,01,5300000023.0,,,5.0,EA,EA,1.0,1.0,1.0,1.0,100.0,1.0,500.0,500.0,,,I1,,,B,X,,,,,,,,,,,,,,,5,X,V,,,X,,X,,,,,,,,,,,,EA,,,,,2022-03-18,F,500.0,,,23160.0,,,SAP,1.0,,KG,CA0000000,,,,,,,,,,,,,,,,US01PGHP04,,,6.0,,,,,,,,,,,,,,,,,,,,,,,,,,,1,,,,,,,,,,,,,,,,,,10000028.0,10.0,FERT,,,,,,,,,,,,,,,,,,,,,,,,,,,500.0,,,,,,,,,,,,,,,,,PST,,,,,,,,,,,,,,,,,,,,2022-03-18,14:11:45,,,,,,,,,,,,,,,,,,,,,,,,,,,,,,,,,,,,,,,,,,,,,,,,,,,,,,,,,,,,,,,,,,,,,,,,,,,,,,,,,,,,,,,,I,False,2022-04-21 14:46:56.561898+00:00
100,4500000024,10,,V,2022-03-18,Plant Based Dish washing gel 5L,C0000004,C0000004,C001,1000,,,01,5300000023.0,,,5.0,EA,EA,1.0,1.0,1.0,1.0,100.0,1.0,500.0,500.0,,,I1,,,B,X,,,,,,,,,,,,,,,5,X,V,,,X,,X,,,,,,,,,,,,EA,,,,,2022-03-18,F,500.0,,1000054.0,,,,SAP,1.0,,KG,CA0000000,,,,,,,,,,,,,,,,US01PGHP04,,,6.0,,,,,,,,,,,,,,,,,,,,,,,,,,,1,,,,,,,,,,,,,,,,,,10000029.0,10.0,FERT,,,,,,,,,,,,,,,,,,,,,,,,,,,500.0,,,,,,,,,,,,,,,,,PST,,,,,,,,,,,,,,,,,,,,2022-03-18,14:29:12,,,,,,,,,,,,,,,,,,,,,,,,,,,,,,,,,,,,,,,,,,,,,,,,,,,,,,,,,,,,,,,,,,,,,,,,,,,,,,,,,,,,,,,,I,False,2022-04-21 14:46:56.561898+00:00
100,4500000025,10,,V,2022-03-18,Flat LED TV,C0000059,C0000059,C001,1000,,,01,5300000024.0,,,5.0,EA,EA,1.0,1.0,1.0,1.0,300.0,1.0,1500.0,1500.0,,,I1,,,B,X,,,,,,,,,,,,,,,5,X,V,,,,,X,,,,,,,,,,,,EA,,,,,2022-03-18,F,1500.0,,1000054.0,,,,SAP,1.0,5.0,KG,CA0000000,,,,,,,,,,,,,,,,US01ELHE01,,,6.0,,,,,,,,,,,,,,,,,,,,,,,,,,,1,,,,,,,,,,,,,,,,,,10000031.0,10.0,FERT,,,,,,,,,,,,,,,,,,,,,,,,,,,1500.0,,,,,,,,,,,,,,,,,PST,,,,,,,,,,,,,,,,,,,,2022-03-18,15:13:25,,,,,,,,,,,,,,,,,,,,,,,,,,,,,,,,,,,,,,,,,,,,,,,,,,,,,,,,,,,,,,,,,,,,,,,,,,,,,,,,,,,,,,,,I,False,2022-04-21 14:46:56.561898+00:00
100,4500000026,10,,V,2022-03-18,Curved LED TV,C0000060,C0000060,C001,1000,,,01,5300000025.0,,,5.0,EA,EA,1.0,1.0,1.0,1.0,300.0,1.0,1500.0,1500.0,,,I1,,,B,X,,,,,,,,,,,,,,,5,X,V,,,,,X,,,,,,,,,,,,EA,,,,,2022-03-18,F,1500.0,,1000054.0,,,,SAP,1.0,5.0,KG,CA0000000,,,,,,,,,,,,,,,,US01ELHE02,,,6.0,,,,,,,,,,,,,,,,,,,,,,,,,,,1,,,,,,,,,,,,,,,,,,10000033.0,10.0,FERT,,,,,,,,,,,,,,,,,,,,,,,,,,,1500.0,,,,,,,,,,,,,,,,,PST,,,,,,,,,,,,,,,,,,,,2022-03-18,17:00:41,,,,,,,,,,,,,,,,,,,,,,,,,,,,,,,,,,,,,,,,,,,,,,,,,,,,,,,,,,,,,,,,,,,,,,,,,,,,,,,,,,,,,,,,I,False,2022-04-21 14:46:56.561898+00:00
100,4500000027,10,,V,2022-03-19,Windows Tower Desktop,C0000068,C0000068,C001,1000,,,01,5300000026.0,,,5.0,EA,EA,1.0,1.0,1.0,1.0,300.0,1.0,1500.0,1500.0,,,I1,,,B,X,,,,,,,,,,,,,,,5,X,V,,,,,X,,,,,,,,,,,,EA,,,,,2022-03-18,F,1500.0,,1000054.0,,,,SAP,1.0,5.0,KG,CA0000000,,,,,,,,,,,,,,,,US01ELHC01,,,6.0,,,,,,,,,,,,,,,,,,,,,,,,,,,1,,,,,,,,,,,,,,,,,,10000034.0,10.0,FERT,,,,,,,,,,,,,,,,,,,,,,,,,,,1500.0,,,,,,,,,,,,,,,,,PST,,,,,,,,,,,,,,,,,,,,2022-03-19,03:05:11,,,,,,,,,,,,,,,,,,,,,,,,,,,,,,,,,,,,,,,,,,,,,,,,,,,,,,,,,,,,,,,,,,,,,,,,,,,,,,,,,,,,,,,,I,False,2022-04-21 14:46:56.561898+00:00
100,4500000028,10,,V,2022-03-19,Windows Slimline Desktop,C0000069,C0000069,C001,1000,,,01,5300000027.0,,,5.0,EA,EA,1.0,1.0,1.0,1.0,300.0,1.0,1500.0,1500.0,,,I1,,,B,X,,,,,,,,,,,,,,,5,X,V,,,,,X,,,,,,,,,,,,EA,,,,,2022-03-18,F,1500.0,,1000054.0,,,,SAP,1.0,5.0,KG,CA0000000,,,,,,,,,,,,,,,,US01ELHC02,,,6.0,,,,,,,,,,,,,,,,,,,,,,,,,,,1,,,,,,,,,,,,,,,,,,10000035.0,10.0,FERT,,,,,,,,,,,,,,,,,,,,,,,,,,,1500.0,,,,,,,,,,,,,,,,,PST,,,,,,,,,,,,,,,,,,,,2022-03-19,03:27:53,,,,,,,,,,,,,,,,,,,,,,,,,,,,,,,,,,,,,,,,,,,,,,,,,,,,,,,,,,,,,,,,,,,,,,,,,,,,,,,,,,,,,,,,I,False,2022-04-21 14:46:56.561898+00:00
100,4500000029,10,,V,2022-03-19,Windows Nettop Desktop,C0000070,C0000070,C001,1000,,,01,5300000028.0,,,5.0,EA,EA,1.0,1.0,1.0,1.0,300.0,1.0,1500.0,1500.0,,,I1,,,B,X,,,,,,,,,,,,,,,5,X,V,,,,,X,,,,,,,,,,,,EA,,,,,2022-03-18,F,1500.0,,1000054.0,,,,SAP,1.0,5.0,KG,CA0000000,,,,,,,,,,,,,,,,US01ELHC03,,,6.0,,,,,,,,,,,,,,,,,,,,,,,,,,,1,,,,,,,,,,,,,,,,,,10000036.0,10.0,FERT,,,,,,,,,,,,,,,,,,,,,,,,,,,1500.0,,,,,,,,,,,,,,,,,PST,,,,,,,,,,,,,,,,,,,,2022-03-19,03:35:15,,,,,,,,,,,,,,,,,,,,,,,,,,,,,,,,,,,,,,,,,,,,,,,,,,,,,,,,,,,,,,,,,,,,,,,,,,,,,,,,,,,,,,,,I,False,2022-04-21 14:46:56.561898+00:00
50,4500000030,10,,V,2022-04-13,Cool Hand wash,C0000016,C0000016,C001,1000,,,01,5300000032.0,,,5.0,EA,EA,1.0,1.0,1.0,1.0,100.0,1.0,500.0,500.0,,,I1,,,B,X,,,,,,,,,,,,,,,5,X,V,,,,,X,,,,,,,,,,,,EA,,,,,2022-04-12,F,500.0,,1000054.0,,,,SAP,1.0,,KG,CA0000000,,,,,,,,,,,,,,,,US01PGPC01,,,6.0,,,,,,,,,,,,,,,,,,,,,,,,,,,1,,,,,,,,,,,,,,,,,,10000037.0,10.0,FERT,,,,,,,,,,,,,,,,,,,,,,,,,,,500.0,,,,,,,,,,,,,,,,,PST,,,,,,,,,,,,,,,,,,,,2022-04-13,05:49:03,,,,,,,,,,,,,,,,,,,,,,,,,,,,,,,,,,,,,,,,,,,,,,,,,,,,,,,,,,,,,,,,,,,,,,,,,,,,,,,,,,,,,,,,I,False,2022-04-13 05:49:05.803347+00:00
100,4500000030,10,,V,2022-04-13,Cool Hand wash,C0000016,C0000016,C001,1000,,,01,5300000032.0,,,5.0,EA,EA,1.0,1.0,1.0,1.0,100.0,1.0,500.0,500.0,,,I1,,,B,X,,,,,,,,,,,,,,,5,X,V,,,,,X,,,,,,,,,,,,EA,,,,,2022-04-12,F,500.0,,1000054.0,,,,SAP,1.0,,KG,CA0000000,,,,,,,,,,,,,,,,US01PGPC01,,,6.0,,,,,,,,,,,,,,,,,,,,,,,,,,,1,,,,,,,,,,,,,,,,,,10000037.0,10.0,FERT,,,,,,,,,,,,,,,,,,,,,,,,,,,500.0,,,,,,,,,,,,,,,,,PST,,,,,,,,,,,,,,,,,,,,2022-04-13,05:49:03,,,,,,,,,,,,,,,,,,,,,,,,,,,,,,,,,,,,,,,,,,,,,,,,,,,,,,,,,,,,,,,,,,,,,,,,,,,,,,,,,,,,,,,,I,False,2022-04-21 14:46:56.561898+00:00
50,4500000031,10,,V,2022-04-13,Flavored Yogurt,C0000034,C0000034,C001,1000,,,01,5300000033.0,,,10.0,EA,EA,1.0,1.0,1.0,1.0,100.0,1.0,1000.0,1000.0,,,,,,B,X,,,,,,,,,,,,,,,5,X,V,,,,,X,,,,,,,,,,,,EA,,,,,2022-04-12,F,1000.0,,1000054.0,,,,SAP,1.0,5.0,KG,CA0000000,,,,,,,,,,,,,,,,US01PSFD02,,,6.0,,,,,,,,,,,,,,,,,,,,,,,,,,,1,,,,,,,,,,,,,,,,,,10000038.0,10.0,FERT,,,,,,,,,,,,,,,,,,,,,,,,,,,1000.0,,,,,,,,,,,,,,,,,PST,,,,,,,,,,,,,,,,,,,,2022-04-13,06:10:44,,,,,,,,,,,,,,,,,,,,,,,,,,,,,,,,,,,,,,,,,,,,,,,,,,,,,,,,,,,,,,,,,,,,,,,,,,,,,,,,,,,,,,,,I,False,2022-04-13 06:10:46.446096+00:00
100,4500000031,10,,V,2022-04-13,Flavored Yogurt,C0000034,C0000034,C001,1000,,,01,5300000033.0,,,10.0,EA,EA,1.0,1.0,1.0,1.0,100.0,1.0,1000.0,1000.0,,,,,,B,X,,,,,,,,,,,,,,,5,X,V,,,,,X,,,,,,,,,,,,EA,,,,,2022-04-12,F,1000.0,,1000054.0,,,,SAP,1.0,5.0,KG,CA0000000,,,,,,,,,,,,,,,,US01PSFD02,,,6.0,,,,,,,,,,,,,,,,,,,,,,,,,,,1,,,,,,,,,,,,,,,,,,10000038.0,10.0,FERT,,,,,,,,,,,,,,,,,,,,,,,,,,,1000.0,,,,,,,,,,,,,,,,,PST,,,,,,,,,,,,,,,,,,,,2022-04-13,06:10:44,,,,,,,,,,,,,,,,,,,,,,,,,,,,,,,,,,,,,,,,,,,,,,,,,,,,,,,,,,,,,,,,,,,,,,,,,,,,,,,,,,,,,,,,I,False,2022-04-21 14:46:56.561898+00:00
50,4500000032,10,,V,2022-04-13,Pure Fresh Juice,C0000044,C0000044,C001,1000,,,01,5300000034.0,,,6.0,EA,EA,1.0,1.0,1.0,1.0,100.0,1.0,600.0,600.0,,,,,,B,X,,,,,,,,,,,,,,,5,X,V,,,,,X,,,,,,,,,,,,EA,,,,,2022-04-12,F,600.0,,1000054.0,,,,SAP,1.0,5.0,KG,CA0000000,,,,,,,,,,,,,,,,US01PSBV01,,,6.0,,,,,,,,,,,,,,,,,,,,,,,,,,,1,,,,,,,,,,,,,,,,,,10000039.0,10.0,FERT,,,,,,,,,,,,,,,,,,,,,,,,,,,600.0,,,,,,,,,,,,,,,,,PST,,,,,,,,,,,,,,,,,,,,2022-04-13,06:25:11,,,,,,,,,,,,,,,,,,,,,,,,,,,,,,,,,,,,,,,,,,,,,,,,,,,,,,,,,,,,,,,,,,,,,,,,,,,,,,,,,,,,,,,,I,False,2022-04-13 06:25:13.155225+00:00
100,4500000032,10,,V,2022-04-13,Pure Fresh Juice,C0000044,C0000044,C001,1000,,,01,5300000034.0,,,6.0,EA,EA,1.0,1.0,1.0,1.0,100.0,1.0,600.0,600.0,,,,,,B,X,,,,,,,,,,,,,,,5,X,V,,,,,X,,,,,,,,,,,,EA,,,,,2022-04-12,F,600.0,,1000054.0,,,,SAP,1.0,5.0,KG,CA0000000,,,,,,,,,,,,,,,,US01PSBV01,,,6.0,,,,,,,,,,,,,,,,,,,,,,,,,,,1,,,,,,,,,,,,,,,,,,10000039.0,10.0,FERT,,,,,,,,,,,,,,,,,,,,,,,,,,,600.0,,,,,,,,,,,,,,,,,PST,,,,,,,,,,,,,,,,,,,,2022-04-13,06:25:11,,,,,,,,,,,,,,,,,,,,,,,,,,,,,,,,,,,,,,,,,,,,,,,,,,,,,,,,,,,,,,,,,,,,,,,,,,,,,,,,,,,,,,,,I,False,2022-04-21 14:46:56.561898+00:00
50,4500000033,10,,V,2022-04-13,Plant Based Clothes liquid  Detergent 5L,C0000002,C0000002,C004,4000,,,01,5300000036.0,,,5.0,EA,EA,1.0,1.0,1.0,1.0,100.0,1.0,500.0,500.0,,,V1,,,B,X,,,,,,,,,,,,,,,5,X,V,,,,,X,,,,,,,,,,,,EA,,,,,2022-04-13,F,500.0,,1000057.0,,,,SAP,1.0,5.0,KG,,,,,,,,,,,,,,,,,EU01PGHP02,,,6.0,,,,,,,,,,,,,,,,,,,,,,,,,,,1,,,,,,,,,,,,,,,,,,10000042.0,10.0,FERT,,,,,,,,,,,,,,,,,,,,,,,,,,,500.0,,,,,,,,,,,,,,,,,UTC+1,,,,,,,,,,,,,,,,,,,,2022-04-13,08:09:37,,,,,,,,,,,,,,,,,,,,,,,,,,,,,,,,,,,,,,,,,,,,,,,,,,,,,,,,,,,,,,,,,,,,,,,,,,,,,,,,,,,,,,,,I,False,2022-04-13 08:09:38.515125+00:00
100,4500000033,10,,V,2022-04-13,Plant Based Clothes liquid  Detergent 5L,C0000002,C0000002,C004,4000,,,01,5300000036.0,,,5.0,EA,EA,1.0,1.0,1.0,1.0,100.0,1.0,500.0,500.0,,,V1,,,B,X,,,,,,,,,,,,,,,5,X,V,,,,,X,,,,,,,,,,,,EA,,,,,2022-04-13,F,500.0,,1000057.0,,,,SAP,1.0,5.0,KG,,,,,,,,,,,,,,,,,EU01PGHP02,,,6.0,,,,,,,,,,,,,,,,,,,,,,,,,,,1,,,,,,,,,,,,,,,,,,10000042.0,10.0,FERT,,,,,,,,,,,,,,,,,,,,,,,,,,,500.0,,,,,,,,,,,,,,,,,UTC+1,,,,,,,,,,,,,,,,,,,,2022-04-13,08:09:37,,,,,,,,,,,,,,,,,,,,,,,,,,,,,,,,,,,,,,,,,,,,,,,,,,,,,,,,,,,,,,,,,,,,,,,,,,,,,,,,,,,,,,,,I,False,2022-04-21 14:46:56.561898+00:00
50,4500000006,10,,V,2022-01-25,Synthetic Clothes liquid  Detergent  5 L,C0000001,C0000001,C003,3000,,,01,5300000003.0,,,10.0,EA,EA,1.0,1.0,1.0,1.0,30.0,1.0,300.0,300.0,,,P1,,,B,X,,,,,,,,,,,,,,,5,X,V,,,,,X,,,,,,,,,,,,EA,,,,,2022-01-25,F,300.0,,1000035.0,,,,SAP,1.0,5.0,KG,CA00,,,,,,,,,,,,,,,,CA01PGHP01,,,6.0,,,,,,,,,,,,,,,,,,,,,,,,,,,1,,,,,,,,,,,,,,,,,,10000006.0,10.0,FERT,,,,,,,,,,,,,,,,,,,,,,,,,,,300.0,,,,,,,,,,,,,,,,,EST,,,,,,,,,,,,,,,,,,,,2022-01-25,13:37:06,,,,,,,,,,,,,,,,,,,,,,,,,,,,,,,,,,,,,,,,,,,,,,,,,,,,,,,,,,,,,,,,,,,,,,,,,,,,,,,,,,,,,,,,L,False,2022-01-31 20:42:02.329876+00:00
50,4500000007,10,,V,2022-01-26,Plain non flavored Yogurt,C0000033,C0000033,C003,3000,,,01,5300000004.0,,,10.0,EA,EA,1.0,1.0,1.0,1.0,10.0,1.0,100.0,100.0,,,P1,,,B,X,,,,,,,,,,,,,,,5,X,V,,,,,X,,,,,,,,,,,,EA,,,,,2022-01-26,F,100.0,,1000033.0,,,,SAP,1.0,5.0,KG,CA00,,,,,,,,,,,,,,,,CA01PSFD01,,,6.0,,,,,,,,,,,,,,,,,,,,,,,,,,,1,,,,,,,,,,,,,,,,,,10000008.0,10.0,FERT,,,,,,,,,,,,,,,,,,,,,,,,,,,100.0,,,,,,,,,,,,,,,,,EST,,,,,,,,,,,,,,,,,,,,2022-01-26,19:14:18,,,,,,,,,,,,,,,,,,,,,,,,,,,,,,,,,,,,,,,,,,,,,,,,,,,,,,,,,,,,,,,,,,,,,,,,,,,,,,,,,,,,,,,,L,False,2022-01-31 20:42:02.329876+00:00
50,4500000008,10,,V,2022-01-26,Windows Slimline Desktop,C0000069,C0000069,C003,3000,,,01,5300000005.0,,,12.0,EA,EA,1.0,1.0,1.0,1.0,100.0,1.0,1200.0,1200.0,,,P1,,,B,X,,,,,,,,,,,,,,,5,X,V,,,,,X,,,,,,,,,,,,EA,,,,,2022-01-26,F,1200.0,,1000033.0,,,,SAP,1.0,5.0,KG,CA00,,,,,,,,,,,,,,,,CA01ELHC02,,,6.0,,,,,,,,,,,,,,,,,,,,,,,,,,,1,,,,,,,,,,,,,,,,,,10000009.0,10.0,FERT,,,,,,,,,,,,,,,,,,,,,,,,,,,1200.0,,,,,,,,,,,,,,,,,EST,,,,,,,,,,,,,,,,,,,,2022-01-26,19:39:27,,,,,,,,,,,,,,,,,,,,,,,,,,,,,,,,,,,,,,,,,,,,,,,,,,,,,,,,,,,,,,,,,,,,,,,,,,,,,,,,,,,,,,,,L,False,2022-01-31 20:42:02.329876+00:00
50,4500000009,10,,V,2022-01-31,Synthetic Clothes liquid  Detergent  5 L,C0000001,C0000001,C004,4000,,,01,5300000010.0,,,10.0,EA,EA,1.0,1.0,1.0,1.0,30.0,1.0,300.0,300.0,,,V1,,,B,X,,,,,,,,,,,,,,,5,X,V,,,,,X,,,,,,,,,,,,EA,,,,,2022-01-31,F,300.0,,1000038.0,,,,SAP,1.0,5.0,KG,,,,,,,,,,,,,,,,,EU01PGHP01,,,6.0,,,,,,,,,,,,,,,,,,,,,,,,,,,1,,,,,,,,,,,,,,,,,,10000010.0,10.0,FERT,,,,,,,,,,,,,,,,,,,,,,,,,,,300.0,,,,,,,,,,,,,,,,,UTC+1,,,,,,,,,,,,,,,,,,,,2022-01-31,21:58:03,,,,,,,,,,,,,,,,,,,,,,,,,,,,,,,,,,,,,,,,,,,,,,,,,,,,,,,,,,,,,,,,,,,,,,,,,,,,,,,,,,,,,,,,I,False,2022-01-31 21:58:05.588830+00:00
50,4500000010,10,,V,2022-01-31,Plain non flavored Yogurt,C0000033,C0000033,C004,4000,,,01,5300000011.0,,,10.0,EA,EA,1.0,1.0,1.0,1.0,10.0,1.0,100.0,100.0,,,V1,,,B,X,,,,,,,,,,,,,,,5,X,V,,,,,X,,,,,,,,,,,,EA,,,,,2022-01-31,F,100.0,,1000038.0,,,,SAP,1.0,5.0,KG,,,,,,,,,,,,,,,,,EU01PSFD01,,,6.0,,,,,,,,,,,,,,,,,,,,,,,,,,,1,,,,,,,,,,,,,,,,,,10000011.0,10.0,FERT,,,,,,,,,,,,,,,,,,,,,,,,,,,100.0,,,,,,,,,,,,,,,,,UTC+1,,,,,,,,,,,,,,,,,,,,2022-01-31,21:59:32,,,,,,,,,,,,,,,,,,,,,,,,,,,,,,,,,,,,,,,,,,,,,,,,,,,,,,,,,,,,,,,,,,,,,,,,,,,,,,,,,,,,,,,,I,False,2022-01-31 21:59:33.155065+00:00
50,4500000011,10,,V,2022-01-31,Windows Slimline Desktop,C0000069,C0000069,C004,4000,,,01,5300000012.0,,,15.0,EA,EA,1.0,1.0,1.0,1.0,145.0,1.0,2175.0,2175.0,,,V1,,,B,X,,,,,,,,,,,,,,,5,X,V,,,,,X,,,,,,,,,,,,EA,,,,,2022-01-31,F,2175.0,,1000038.0,,,,SAP,1.0,5.0,KG,,,,,,,,,,,,,,,,,EU01ELHC02,,,6.0,,,,,,,,,,,,,,,,,,,,,,,,,,,1,,,,,,,,,,,,,,,,,,10000012.0,10.0,FERT,,,,,,,,,,,,,,,,,,,,,,,,,,,2175.0,,,,,,,,,,,,,,,,,UTC+1,,,,,,,,,,,,,,,,,,,,2022-01-31,22:00:14,,,,,,,,,,,,,,,,,,,,,,,,,,,,,,,,,,,,,,,,,,,,,,,,,,,,,,,,,,,,,,,,,,,,,,,,,,,,,,,,,,,,,,,,I,False,2022-01-31 22:00:16.296709+00:00
50,4500000012,10,,V,2022-02-01,Synthetic Clothes liquid  Detergent  5 L,C0000001,C0000001,C005,5000,,,01,5300000013.0,,,10.0,EA,EA,1.0,1.0,1.0,1.0,0.3,1.0,3.0,3.0,,,V1,,,B,X,,,,,,,,,,,,,,,5,X,V,,,,,X,,,,,,,,,,,,EA,,,,,2022-02-01,F,3.0,,1000040.0,,,,SAP,1.0,5.0,KG,,,,,,,,,,,,,,,,,AP01PGHP01,,,6.0,,,,,,,,,,,,,,,,,,,,,,,,,,,1,,,,,,,,,,,,,,,,,,10000013.0,10.0,FERT,,,,,,,,,,,,,,,,,,,,,,,,,,,3.0,,,,,,,,,,,,,,,,,JAPAN,,,,,,,,,,,,,,,,,,,,2022-02-01,11:51:25,,,,,,,,,,,,,,,,,,,,,,,,,,,,,,,,,,,,,,,,,,,,,,,,,,,,,,,,,,,,,,,,,,,,,,,,,,,,,,,,,,,,,,,,I,False,2022-02-01 11:51:27.908849+00:00
50,4500000013,10,,V,2022-02-01,Plain non flavored Yogurt,C0000033,C0000033,C005,5000,,,01,5300000014.0,,,10.0,EA,EA,1.0,1.0,1.0,1.0,0.1,1.0,1.0,1.0,,,V1,,,B,X,,,,,,,,,,,,,,,5,X,V,,,,,X,,,,,,,,,,,,EA,,,,,2022-02-01,F,1.0,,1000040.0,,,,SAP,1.0,5.0,KG,,,,,,,,,,,,,,,,,AP01PSFD01,,,6.0,,,,,,,,,,,,,,,,,,,,,,,,,,,1,,,,,,,,,,,,,,,,,,10000014.0,10.0,FERT,,,,,,,,,,,,,,,,,,,,,,,,,,,1.0,,,,,,,,,,,,,,,,,JAPAN,,,,,,,,,,,,,,,,,,,,2022-02-01,11:52:45,,,,,,,,,,,,,,,,,,,,,,,,,,,,,,,,,,,,,,,,,,,,,,,,,,,,,,,,,,,,,,,,,,,,,,,,,,,,,,,,,,,,,,,,I,False,2022-02-01 11:52:47.426484+00:00
50,4500000014,30,,V,2022-02-01,Windows Slimline Desktop,C0000069,C0000069,C005,5000,,,01,5300000015.0,,,10.0,EA,EA,1.0,1.0,1.0,1.0,2.0,1.0,20.0,20.0,,,V1,,,B,X,,,,,,,,,,,,,,,5,X,V,,,,,X,,,,,,,,,,,,EA,,,,,2022-02-01,F,20.0,,1000040.0,,,,SAP,1.0,5.0,KG,,,,,,,,,,,,,,,,,AP01ELHC02,,,6.0,,,,,,,,,,,,,,,,,,,,,,,,,,,1,,,,,,,,,,,,,,,,,,10000015.0,10.0,FERT,,,,,,,,,,,,,,,,,,,,,,,,,,,20.0,,,,,,,,,,,,,,,,,JAPAN,,,,,,,,,,,,,,,,,,,,2022-02-01,11:54:29,,,,,,,,,,,,,,,,,,,,,,,,,,,,,,,,,,,,,,,,,,,,,,,,,,,,,,,,,,,,,,,,,,,,,,,,,,,,,,,,,,,,,,,,I,False,2022-02-01 11:54:31.751273+00:00
50,4500000015,10,,,2022-02-02,Linux Gaming laptop,C0000077,C0000077,C001,1000,,,01,5300000016.0,,,10.0,EA,EA,1.0,1.0,1.0,1.0,300.0,1.0,3000.0,3000.0,,,I1,,,C,X,,,,,,,,,,,,,,,0,C,V,,,X,,X,,,,,,,,,,,,EA,,,,,2022-02-01,F,3000.0,,,,,,SAP,,5.0,KG,CA0000000,,,,,,,,,,,,,,,,US01ELHC10,,,6.0,,,,,,,,,,,,,,,,,,,,,,,,,,,1,,,,,,,,,,,,,,,,,,,,FERT,,,,,,,,,,,,,,,,,,,,,,,,,,,3000.0,,,,,,,,,,,,,,,,,PST,,,,,,,,,,,,,,,,,,,,2022-02-02,07:11:56,,,,,,,,,,,,,,,,,,,,,,,,,,,,,,,,,,,,,,,,,,,,,,,,,,,,,,,,,,,,,,,,,,,,,,,,,,,,,,,,,,,,,,,,I,False,2022-02-02 07:11:57.745098+00:00
50,4500000015,10,,,2022-02-02,Linux Gaming laptop,C0000077,C0000077,C001,1000,,,01,5300000016.0,,,10.0,EA,EA,1.0,1.0,1.0,1.0,300.0,1.0,3000.0,3000.0,,,I1,,,C,X,,,,,,,,,,,,,,,0,C,V,,,,,X,,,,,,,,,,,,EA,,,,,2022-02-01,F,3000.0,,,,,,SAP,,5.0,KG,CA0000000,,,,,,,,,,,,,,,,US01ELHC10,,,6.0,,,,,,,,,,,,,,,,,,,,,,,,,,,1,,,,,,,,,,,,,,,,,,,,FERT,,,,,,,,,,,,,,,,,,,,,,,,,,,3000.0,,,,,,,,,,,,,,,,,PST,,,,,,,,,,,,,,,,,,,,2022-02-02,07:11:56,,,,,,,,,,,,,,,,,,,,,,,,,,,,,,,,,,,,,,,,,,,,,,,,,,,,,,,,,,,,,,,,,,,,,,,,,,,,,,,,,,,,,,,,U,False,2022-02-02 07:18:05.264589+00:00
50,4500000016,10,,,2022-02-02,Linux Gaming laptop,C0000077,C0000077,C001,1000,,,01,5300000016.0,,,5.0,EA,EA,1.0,1.0,1.0,1.0,300.0,1.0,1500.0,1500.0,,,I0,,,C,X,,,,,,,,,,,,,,,0,C,V,,,,,X,,,,,,,,,,,,EA,,,,,2022-02-02,F,1500.0,,,,,,SAP,,5.0,KG,CA0000000,,,,,,,,,,,,,,,,US01ELHC10,,,6.0,,,,,,,,,,,,,,,,,,,,,,,,,,,1,,,,,,,,,,,,,,,,,,,,FERT,,,,,,,,,,,,,,,,,,,,,,,,,,,1500.0,,,,,,,,,,,,,,,,,PST,,,,,,,,,,,,,,,,,,,,2022-02-02,11:14:24,,,,,,,,,,,,,,,,,,,,,,,,,,,,,,,,,,,,,,,,,,,,,,,,,,,,,,,,,,,,,,,,,,,,,,,,,,,,,,,,,,,,,,,,I,False,2022-02-02 11:14:26.838639+00:00
50,4500000017,10,,,2022-02-02,Linux Gaming laptop,C0000077,C0000077,C001,1000,,,01,5300000016.0,,,5.0,EA,EA,1.0,1.0,1.0,1.0,300.0,1.0,1500.0,1500.0,,,I0,,,C,X,,,,,,,,,,,,,,,0,C,V,,,,,X,,,,,,,,,,,,EA,,,,,2022-02-02,F,1500.0,,,,,,SAP,,5.0,KG,CA0000000,,,,,,,,,,,,,,,,US01ELHC10,,,6.0,,,,,,,,,,,,,,,,,,,,,,,,,,,1,,,,,,,,,,,,,,,,,,,,FERT,,,,,,,,,,,,,,,,,,,,,,,,,,,1500.0,,,,,,,,,,,,,,,,,PST,,,,,,,,,,,,,,,,,,,,2022-02-02,11:44:18,,,,,,,,,,,,,,,,,,,,,,,,,,,,,,,,,,,,,,,,,,,,,,,,,,,,,,,,,,,,,,,,,,,,,,,,,,,,,,,,,,,,,,,,I,False,2022-02-02 11:44:20.157654+00:00
50,4500000015,10,L,,2022-02-02,Linux Gaming laptop,C0000077,C0000077,C001,1000,,,01,5300000016.0,,,10.0,EA,EA,1.0,1.0,1.0,1.0,300.0,1.0,3000.0,3000.0,,,I1,,,C,X,,,,,,,,,,,,,,,0,C,V,,,,,X,,,,,,,,,,,,EA,,,,,2022-02-01,F,3000.0,,,,,,SAP,,5.0,KG,CA0000000,,,,,,,,,,,,,,,,US01ELHC10,,,6.0,,,,,,,,,,,X,,,,,,,,,,,,,,,,1,,,,,,,,,,,,,,,,,,,,FERT,,,,,,,,,,,,,,,,,,,,,,,,,,,3000.0,,,,,,,,,,,,,,,,,PST,,,,,,,,,,,,,,,,,,,,2022-02-02,07:11:56,,,,,,,,,,,,,,,,,,,,,,,,,,,,,,,,,,,,,,,,,,,,,,,,,,,,,,,,,,,,,,,,,,,,,,,,,,,,,,,,,,,,,,,,U,False,2022-02-02 16:47:59.249187+00:00
50,4500000016,10,L,,2022-02-02,Linux Gaming laptop,C0000077,C0000077,C001,1000,,,01,5300000016.0,,,5.0,EA,EA,1.0,1.0,1.0,1.0,300.0,1.0,1500.0,1500.0,,,I0,,,C,X,,,,,,,,,,,,,,,0,C,V,,,,,X,,,,,,,,,,,,EA,,,,,2022-02-02,F,1500.0,,,,,,SAP,,5.0,KG,CA0000000,,,,,,,,,,,,,,,,US01ELHC10,,,6.0,,,,,,,,,,,X,,,,,,,,,,,,,,,,1,,,,,,,,,,,,,,,,,,,,FERT,,,,,,,,,,,,,,,,,,,,,,,,,,,1500.0,,,,,,,,,,,,,,,,,PST,,,,,,,,,,,,,,,,,,,,2022-02-02,11:14:24,,,,,,,,,,,,,,,,,,,,,,,,,,,,,,,,,,,,,,,,,,,,,,,,,,,,,,,,,,,,,,,,,,,,,,,,,,,,,,,,,,,,,,,,U,False,2022-02-02 15:36:23.539480+00:00
50,4500000020,10,,,2022-03-18,Linux Gaming laptop,C0000077,C0000077,C001,1000,,,01,5300000021.0,,,5.0,EA,EA,1.0,1.0,1.0,1.0,100.0,1.0,500.0,500.0,,,,,,B,X,,,1.0,,,,,,,,,,,,0,K,V,,,X,,X,,,,,,,,,,,,EA,,,,,2022-03-18,F,500.0,,,,,,SAP,1.0,5.0,KG,CA0000000,,,,,,,,,,,,,,,,US01ELHC10,,,6.0,,,,,,,,,,,,,,,,,,,,,,,,,,,1,,,,,,,,,,,,,,,,,,10000022.0,10.0,FERT,,,,,,,,,,,,,,,,,,,,,,,,,,,500.0,,,,,,,,,,,,,,,,,PST,,,,,,,,,,,,,,,,,,,,2022-03-18,12:12:47,,,,,,,,,,,,,,,,,,,,,,,,,,,,,,,,,,,,,,,,,,,,,,,,,,,,,,,,,,,,,,,,,,,,,,,,,,,,,,,,,,,,,,,,I,False,2022-03-18 12:12:49.342064+00:00
50,4500000020,10,,,2022-03-18,Linux Gaming laptop,C0000077,C0000077,C001,1000,,,01,5300000021.0,,,5.0,EA,EA,1.0,1.0,1.0,1.0,100.0,1.0,500.0,500.0,,,,,,B,X,,,1.0,,,,,,,,,,,,0,K,V,,,,,X,,,,,,,,,,,,EA,,,,,2022-03-18,F,500.0,,,,,,SAP,1.0,5.0,KG,CA0000000,,,,,,,,,,,,,,,,US01ELHC10,,,6.0,,,,,,,,,,,,,,,,,,,,,,,,,,,1,,,,,,,,,,,,,,,,,,10000022.0,10.0,FERT,,,,,,,,,,,,,,,,,,,,,,,,,,,500.0,,,,,,,,,,,,,,,,,PST,,,,,,,,,,,,,,,,,,,,2022-03-18,12:12:47,,,,,,,,,,,,,,,,,,,,,,,,,,,,,,,,,,,,,,,,,,,,,,,,,,,,,,,,,,,,,,,,,,,,,,,,,,,,,,,,,,,,,,,,U,False,2022-03-18 12:13:47.200846+00:00
50,4500000000,10,,V,2022-01-17,Synthetic Dish washing gel 5 L,C0000003,C0000003,C001,1000,,,01,5300000000.0,,,1.0,EA,EA,1.0,1.0,1.0,1.0,5.0,1.0,5.0,5.0,,,,,,B,X,,,,,,,,,,,,,,,5,X,V,,,X,,X,,,,,,,,,,,,EA,,,,,2022-01-17,F,5.0,,1000025.0,,,,SAP,1.0,,KG,CA0000000,,,,,,,,,,,,,,,,US01PGHP03,,,6.0,,,,,,,,,,,,,,,,,,,,,,,,,,,1,,,,,,,,,,,,,,,,,,10000000.0,10.0,FERT,,,,,,,,,,,,,,,,,,,,,,,,,,,5.0,,,,,,,,,,,,,,,,,PST,,,,,,,,,,,,,,,,,,,,2022-01-17,17:28:02,,,,,,,,,,,,,,,,,,,,,,,,,,,,,,,,,,,,,,,,,,,,,,,,,,,,,,,,,,,,,,,,,,,,,,,,,,,,,,,,,,,,,,,,L,False,2022-01-31 20:42:02.329876+00:00
50,4500000001,10,,V,2022-01-18,Synthetic Dish washing gel 5 L,C0000003,C0000003,C001,1000,,,01,5300000000.0,,,5.0,EA,EA,1.0,1.0,1.0,1.0,10.0,1.0,50.0,50.0,,,,,,B,X,,,,,,,,,,,,,,,5,X,V,,,,,X,,,,,,,,,,,,EA,,,,,2022-01-17,F,50.0,,1000025.0,,,,SAP,1.0,,KG,CA0000000,,,,,,,,,,,,,,,,US01PGHP03,,,6.0,,,,,,,,,,,,,,,,,,,,,,,,,,,1,,,,,,,,,,,,,,,,,,10000001.0,10.0,FERT,,,,,,,,,,,,,,,,,,,,,,,,,,,50.0,,,,,,,,,,,,,,,,,PST,,,,,,,,,,,,,,,,,,,,2022-01-17,17:44:45,,,,,,,,,,,,,,,,,,,,,,,,,,,,,,,,,,,,,,,,,,,,,,,,,,,,,,,,,,,,,,,,,,,,,,,,,,,,,,,,,,,,,,,,L,False,2022-01-31 20:42:02.329876+00:00
50,4500000002,10,,V,2022-01-23,Synthetic Dish washing gel 5 L,C0000003,C0000003,C001,1000,,,01,5300000000.0,,,3.0,EA,EA,1.0,1.0,1.0,1.0,5.0,1.0,15.0,15.0,,,,,,B,X,,,,,,,,,,,,,,,5,X,V,,,,,X,,,,,,,,,,,,EA,,,,,2022-01-23,F,15.0,,1000025.0,,,,SAP,1.0,,KG,CA0000000,,,,,,,,,,,,,,,,US01PGHP03,,,6.0,,,,,,,,,,,,,,,,,,,,,,,,,,,1,,,,,,,,,,,,,,,,,,10000002.0,10.0,FERT,,,,,,,,,,,,,,,,,,,,,,,,,,,15.0,,,,,,,,,,,,,,,,,PST,,,,,,,,,,,,,,,,,,,,2022-01-23,14:42:48,,,,,,,,,,,,,,,,,,,,,,,,,,,,,,,,,,,,,,,,,,,,,,,,,,,,,,,,,,,,,,,,,,,,,,,,,,,,,,,,,,,,,,,,L,False,2022-01-31 20:42:02.329876+00:00
50,4500000003,10,,V,2022-01-23,Plain non flavored Yogurt,C0000033,C0000033,C001,1000,,,01,5300000001.0,,,3.0,EA,EA,1.0,1.0,1.0,1.0,50.0,1.0,150.0,150.0,,,I1,,,B,X,,,,,,,,,,,,,,,5,X,V,,,,,X,,,,,,,,,,,,EA,,,,,2022-01-23,F,150.0,,1000025.0,,,,SAP,1.0,5.0,KG,CA0000000,,,,,,,,,,,,,,,,US01PSFD01,,,6.0,,,,,,,,,,,,,,,,,,,,,,,,,,,1,,,,,,,,,,,,,,,,,,10000003.0,10.0,FERT,,,,,,,,,,,,,,,,,,,,,,,,,,,150.0,,,,,,,,,,,,,,,,,PST,,,,,,,,,,,,,,,,,,,,2022-01-23,15:39:24,,,,,,,,,,,,,,,,,,,,,,,,,,,,,,,,,,,,,,,,,,,,,,,,,,,,,,,,,,,,,,,,,,,,,,,,,,,,,,,,,,,,,,,,L,False,2022-01-31 20:42:02.329876+00:00
50,4500000004,10,,V,2022-01-23,Linux Laptop,C0000076,C0000076,C001,1000,,,01,5300000002.0,,,3.0,EA,EA,1.0,1.0,1.0,1.0,400.0,1.0,1200.0,1200.0,,,,,,B,X,,,,,,,,,,,,,,,5,X,V,,,,,X,,,,,,,,,,,,EA,,,,,2022-01-23,F,1200.0,,1000025.0,,,,SAP,1.0,5.0,KG,CA0000000,,,,,,,,,,,,,,,,US01ELHC09,,,6.0,,,,,,,,,,,,,,,,,,,,,,,,,,,1,,,,,,,,,,,,,,,,,,10000004.0,10.0,FERT,,,,,,,,,,,,,,,,,,,,,,,,,,,1200.0,,,,,,,,,,,,,,,,,PST,,,,,,,,,,,,,,,,,,,,2022-01-23,16:30:41,,,,,,,,,,,,,,,,,,,,,,,,,,,,,,,,,,,,,,,,,,,,,,,,,,,,,,,,,,,,,,,,,,,,,,,,,,,,,,,,,,,,,,,,L,False,2022-01-31 20:42:02.329876+00:00
50,4500000005,10,,V,2022-01-24,Linux Laptop,C0000076,C0000076,C001,1000,,,01,5300000002.0,,,1.0,EA,EA,1.0,1.0,1.0,1.0,100.0,1.0,100.0,100.0,,,,,,B,X,,,,,,,,,,,,,,,5,X,V,,,,,X,,,,,,,,,,,,EA,,,,,2022-01-24,F,100.0,,1000025.0,,,,SAP,1.0,5.0,KG,CA0000000,,,,,,,,,,,,,,,,US01ELHC09,,,6.0,,,,,,,,,,,,,,,,,,,,,,,,,,,1,,,,,,,,,,,,,,,,,,10000005.0,10.0,FERT,,,,,,,,,,,,,,,,,,,,,,,,,,,100.0,,,,,,,,,,,,,,,,,PST,,,,,,,,,,,,,,,,,,,,2022-01-24,16:26:35,,,,,,,,,,,,,,,,,,,,,,,,,,,,,,,,,,,,,,,,,,,,,,,,,,,,,,,,,,,,,,,,,,,,,,,,,,,,,,,,,,,,,,,,L,False,2022-01-31 20:42:02.329876+00:00
50,4500000018,10,,V,2022-02-24,Linux Laptop,C0000076,C0000076,C001,1000,,,01,5300000002.0,,,5.0,EA,EA,1.0,1.0,1.0,1.0,100.0,1.0,500.0,500.0,,,I1,,,B,X,,,,,,,,,,,,,,,5,X,V,,,,,X,,,,,,,,,,,,EA,,,,,2022-02-23,F,500.0,,1000025.0,,,,SAP,1.0,5.0,KG,CA0000000,,,,,,,,,,,,,,,,US01ELHC09,,,6.0,,,,,,,,,,,,,,,,,,,,,,,,,,,1,,,,,,,,,,,,,,,,,,10000020.0,10.0,FERT,,,,,,,,,,,,,,,,,,,,,,,,,,,500.0,,,,,,,,,,,,,,,,,PST,,,,,,,,,,,,,,,,,,,,2022-02-24,02:50:17,,,,,,,,,,,,,,,,,,,,,,,,,,,,,,,,,,,,,,,,,,,,,,,,,,,,,,,,,,,,,,,,,,,,,,,,,,,,,,,,,,,,,,,,I,False,2022-02-24 02:50:20.074846+00:00
50,4500000018,10,,V,2022-02-24,Linux Laptop,C0000076,C0000076,C001,1000,,,01,5300000002.0,,,5.0,EA,EA,1.0,1.0,1.0,1.0,100.0,1.0,500.0,500.0,,,I1,,,B,X,,,,,,,,,,,,,,,5,X,V,,,,,X,,,,,,,,,,,,EA,,,,,2022-02-23,F,500.0,,1000025.0,,,,SAP,1.0,5.0,KG,CA0000000,,,,,,,,,,,,,,,,US01ELHC09,,,6.0,,,,,,,,,,,,,,,,,,,,,,,,,,,1,,,,,,,,,,,,,,,,,,10000020.0,10.0,FERT,,,,,,,,,,,,,,,,,,,,,,,,,,,500.0,,,,,,,,,,,,,,,,,PST,,,,,,,,,,,,,,,,,,,,2022-02-24,02:50:17,,,,,,,,,,,,,,,,,,,,,,,,,,,,,,,,,,,,,,,,,,,,,,,,,,,,,,,,,,,,,,,,,,,,,,,,,,,,,,,,,,,,,,,,U,False,2022-02-24 03:06:23.232167+00:00
50,4500000021,10,,V,2022-03-18,Synthetic Clothes liquid  Detergent  5 L,C0000001,C0000001,C001,1000,,,01,5300000022.0,,,5.0,EA,EA,1.0,1.0,1.0,1.0,45.0,1.0,225.0,225.0,,,I1,,,B,X,,,,,,,,,,,,,,,5,X,V,,,,,X,,X,,,,,,,,,,EA,,,,,2022-03-18,F,225.0,,1000054.0,,,,SAP,1.0,5.0,KG,CA0000000,,,,,,,,,,,,,,,,US01PGHP01,,,6.0,,,,,,,,,,,,,,,,,,,,,,,,,,,1,,,,,,,,,,,,,,,,,,10000024.0,10.0,FERT,,,,,,,,,,,,,,,,,,,,,,,,,,,225.0,,,,,,,,,,,,,,,,,PST,,,,,,,,,,,,,,,,,,,,2022-03-18,13:25:05,,,,,,,,,,,,,,,,,,,,,,,,,,,,,,,,,,,,,,,,,,,,,,,,,,,,,,,,,,,,,,,,,,,,,,,,,,,,,,,,,,,,,,,,I,False,2022-03-18 13:25:06.321506+00:00
50,4500000022,10,,V,2022-03-18,Plant Based Clothes liquid  Detergent 5L,C0000002,C0000002,C001,1000,,,01,5300000020.0,,,5.0,EA,EA,1.0,1.0,1.0,1.0,50.0,1.0,250.0,250.0,,,I1,,,B,X,,,,,,,,,,,,,,,5,X,V,,,,,X,,,,,,,,,,,,EA,,,,,2022-03-18,F,250.0,,1000054.0,,,,SAP,1.0,5.0,KG,CA0000000,,,,,,,,,,,,,,,,US01PGHP02,,,6.0,,,,,,,,,,,,,,,,,,,,,,,,,,,1,,,,,,,,,,,,,,,,,,10000025.0,10.0,FERT,,,,,,,,,,,,,,,,,,,,,,,,,,,250.0,,,,,,,,,,,,,,,,,PST,,,,,,,,,,,,,,,,,,,,2022-03-18,13:36:53,,,,,,,,,,,,,,,,,,,,,,,,,,,,,,,,,,,,,,,,,,,,,,,,,,,,,,,,,,,,,,,,,,,,,,,,,,,,,,,,,,,,,,,,I,False,2022-03-18 13:36:54.952845+00:00
50,4500000019,10,,V,2022-03-15,Plant Based Clothes liquid  Detergent 5L,C0000002,C0000002,C001,1000,,,01,5300000020.0,,,5.0,EA,EA,1.0,1.0,1.0,1.0,50.0,1.0,250.0,250.0,,,I1,,,B,X,,,,,,,,,,,,,,,5,X,V,,,,,X,,,,,,,,,,,,EA,,,,,2022-03-14,F,250.0,,1000054.0,,,,SAP,1.0,5.0,KG,CA0000000,,,,,,,,,,,,,,,,US01PGHP02,,,6.0,,,,,,,,,,,,,,,,,,,,,,,,,,,1,,,,,,,,,,,,,,,,,,10000021.0,10.0,FERT,,,,,,,,,,,,,,,,,,,,,,,,,,,250.0,,,,,,,,,,,,,,,,,PST,,,,,,,,,,,,,,,,,,,,2022-03-15,06:00:38,,,,,,,,,,,,,,,,,,,,,,,,,,,,,,,,,,,,,,,,,,,,,,,,,,,,,,,,,,,,,,,,,,,,,,,,,,,,,,,,,,,,,,,,I,False,2022-03-17 18:12:55.607884+00:00
50,4500000023,10,,,2022-03-18,Plant Based Dish washing gel 5L,C0000004,C0000004,C001,1000,,,01,5300000023.0,,,5.0,EA,EA,1.0,1.0,1.0,1.0,100.0,1.0,500.0,500.0,,,I1,,,B,X,,,,,,,,,,,,,,,5,X,V,,,X,,X,,,,,,,,,,,,EA,,,,,2022-03-18,F,500.0,,,23160.0,,,SAP,1.0,,KG,CA0000000,,,,,,,,,,,,,,,,US01PGHP04,,,6.0,,,,,,,,,,,,,,,,,,,,,,,,,,,1,,,,,,,,,,,,,,,,,,10000028.0,10.0,FERT,,,,,,,,,,,,,,,,,,,,,,,,,,,500.0,,,,,,,,,,,,,,,,,PST,,,,,,,,,,,,,,,,,,,,2022-03-18,14:11:45,,,,,,,,,,,,,,,,,,,,,,,,,,,,,,,,,,,,,,,,,,,,,,,,,,,,,,,,,,,,,,,,,,,,,,,,,,,,,,,,,,,,,,,,I,False,2022-03-18 14:11:47.247220+00:00
50,4500000024,10,,V,2022-03-18,Plant Based Dish washing gel 5L,C0000004,C0000004,C001,1000,,,01,5300000023.0,,,5.0,EA,EA,1.0,1.0,1.0,1.0,100.0,1.0,500.0,500.0,,,I1,,,B,X,,,,,,,,,,,,,,,5,X,V,,,X,,X,,,,,,,,,,,,EA,,,,,2022-03-18,F,500.0,,1000054.0,,,,SAP,1.0,,KG,CA0000000,,,,,,,,,,,,,,,,US01PGHP04,,,6.0,,,,,,,,,,,,,,,,,,,,,,,,,,,1,,,,,,,,,,,,,,,,,,10000029.0,10.0,FERT,,,,,,,,,,,,,,,,,,,,,,,,,,,500.0,,,,,,,,,,,,,,,,,PST,,,,,,,,,,,,,,,,,,,,2022-03-18,14:29:12,,,,,,,,,,,,,,,,,,,,,,,,,,,,,,,,,,,,,,,,,,,,,,,,,,,,,,,,,,,,,,,,,,,,,,,,,,,,,,,,,,,,,,,,I,False,2022-03-18 14:29:13.857015+00:00
50,4500000025,10,,V,2022-03-18,Flat LED TV,C0000059,C0000059,C001,1000,,,01,5300000024.0,,,5.0,EA,EA,1.0,1.0,1.0,1.0,300.0,1.0,1500.0,1500.0,,,I1,,,B,X,,,,,,,,,,,,,,,5,X,V,,,,,X,,,,,,,,,,,,EA,,,,,2022-03-18,F,1500.0,,1000054.0,,,,SAP,1.0,5.0,KG,CA0000000,,,,,,,,,,,,,,,,US01ELHE01,,,6.0,,,,,,,,,,,,,,,,,,,,,,,,,,,1,,,,,,,,,,,,,,,,,,10000031.0,10.0,FERT,,,,,,,,,,,,,,,,,,,,,,,,,,,1500.0,,,,,,,,,,,,,,,,,PST,,,,,,,,,,,,,,,,,,,,2022-03-18,15:13:25,,,,,,,,,,,,,,,,,,,,,,,,,,,,,,,,,,,,,,,,,,,,,,,,,,,,,,,,,,,,,,,,,,,,,,,,,,,,,,,,,,,,,,,,I,False,2022-03-18 15:13:27.269029+00:00
50,4500000026,10,,V,2022-03-18,Curved LED TV,C0000060,C0000060,C001,1000,,,01,5300000025.0,,,5.0,EA,EA,1.0,1.0,1.0,1.0,300.0,1.0,1500.0,1500.0,,,I1,,,B,X,,,,,,,,,,,,,,,5,X,V,,,,,X,,,,,,,,,,,,EA,,,,,2022-03-18,F,1500.0,,1000054.0,,,,SAP,1.0,5.0,KG,CA0000000,,,,,,,,,,,,,,,,US01ELHE02,,,6.0,,,,,,,,,,,,,,,,,,,,,,,,,,,1,,,,,,,,,,,,,,,,,,10000033.0,10.0,FERT,,,,,,,,,,,,,,,,,,,,,,,,,,,1500.0,,,,,,,,,,,,,,,,,PST,,,,,,,,,,,,,,,,,,,,2022-03-18,17:00:41,,,,,,,,,,,,,,,,,,,,,,,,,,,,,,,,,,,,,,,,,,,,,,,,,,,,,,,,,,,,,,,,,,,,,,,,,,,,,,,,,,,,,,,,I,False,2022-03-18 17:00:43.582007+00:00
50,4500000027,10,,V,2022-03-19,Windows Tower Desktop,C0000068,C0000068,C001,1000,,,01,5300000026.0,,,5.0,EA,EA,1.0,1.0,1.0,1.0,300.0,1.0,1500.0,1500.0,,,I1,,,B,X,,,,,,,,,,,,,,,5,X,V,,,,,X,,,,,,,,,,,,EA,,,,,2022-03-18,F,1500.0,,1000054.0,,,,SAP,1.0,5.0,KG,CA0000000,,,,,,,,,,,,,,,,US01ELHC01,,,6.0,,,,,,,,,,,,,,,,,,,,,,,,,,,1,,,,,,,,,,,,,,,,,,10000034.0,10.0,FERT,,,,,,,,,,,,,,,,,,,,,,,,,,,1500.0,,,,,,,,,,,,,,,,,PST,,,,,,,,,,,,,,,,,,,,2022-03-19,03:05:11,,,,,,,,,,,,,,,,,,,,,,,,,,,,,,,,,,,,,,,,,,,,,,,,,,,,,,,,,,,,,,,,,,,,,,,,,,,,,,,,,,,,,,,,I,False,2022-03-19 03:05:13.091750+00:00
50,4500000028,10,,V,2022-03-19,Windows Slimline Desktop,C0000069,C0000069,C001,1000,,,01,5300000027.0,,,5.0,EA,EA,1.0,1.0,1.0,1.0,300.0,1.0,1500.0,1500.0,,,I1,,,B,X,,,,,,,,,,,,,,,5,X,V,,,,,X,,,,,,,,,,,,EA,,,,,2022-03-18,F,1500.0,,1000054.0,,,,SAP,1.0,5.0,KG,CA0000000,,,,,,,,,,,,,,,,US01ELHC02,,,6.0,,,,,,,,,,,,,,,,,,,,,,,,,,,1,,,,,,,,,,,,,,,,,,10000035.0,10.0,FERT,,,,,,,,,,,,,,,,,,,,,,,,,,,1500.0,,,,,,,,,,,,,,,,,PST,,,,,,,,,,,,,,,,,,,,2022-03-19,03:27:53,,,,,,,,,,,,,,,,,,,,,,,,,,,,,,,,,,,,,,,,,,,,,,,,,,,,,,,,,,,,,,,,,,,,,,,,,,,,,,,,,,,,,,,,I,False,2022-03-19 03:27:56.010106+00:00
50,4500000029,10,,V,2022-03-19,Windows Nettop Desktop,C0000070,C0000070,C001,1000,,,01,5300000028.0,,,5.0,EA,EA,1.0,1.0,1.0,1.0,300.0,1.0,1500.0,1500.0,,,I1,,,B,X,,,,,,,,,,,,,,,5,X,V,,,,,X,,,,,,,,,,,,EA,,,,,2022-03-18,F,1500.0,,1000054.0,,,,SAP,1.0,5.0,KG,CA0000000,,,,,,,,,,,,,,,,US01ELHC03,,,6.0,,,,,,,,,,,,,,,,,,,,,,,,,,,1,,,,,,,,,,,,,,,,,,10000036.0,10.0,FERT,,,,,,,,,,,,,,,,,,,,,,,,,,,1500.0,,,,,,,,,,,,,,,,,PST,,,,,,,,,,,,,,,,,,,,2022-03-19,03:35:15,,,,,,,,,,,,,,,,,,,,,,,,,,,,,,,,,,,,,,,,,,,,,,,,,,,,,,,,,,,,,,,,,,,,,,,,,,,,,,,,,,,,,,,,I,False,2022-03-19 03:35:17.423631+00:00
250,4500004203,10,,,2022-03-08,Sunscreen,000000002099771486,000000002099771486,EU01,2000,2001.0,,MISC,5300000121.0,,,1.0,L,L,1.0,1.0,1.0,1.0,600.0,1.0,600.0,600.0,,,V0,,,B,X,,,,,,,,,,,,,,,0,,,,,X,,X,X,,,,,,,,,,,L,V2,,,,2022-03-07,F,588.0,,,,,,SAP,9.0,1.0,KG,,,,,,,,,,4.0,,,,,,,,,,,,,CFR,Cost and Freight,,,,,,,,,,,,,,,,,,,,,,,1,,,,,,,,,,,,,,,,,,,,FERT,,,,,,,,,,,,,,,,,,,,,,,,,,,600.0,,,,,,,,,,,,,,,,,CET,,,,,,,,,,,,,,,,,,,,2022-03-08,07:50:42,,,,,,,,,,,,,,,,,,,,,,,,,,,,,,,,,,,,,,,,,,,,,,,,,,,,,,,,,,,,,,,,,,,,,,,,,,,,,,,,,,,,,,,,I,False,2022-03-08 07:50:44.315147+00:00
250,4500069422,10,,,2022-04-06, wie geht es dir,1028118297C,1028118297C,EU01,2000,2002.0,,SAUCE,5300001893.0,,,10.0,EA,EA,1.0,1.0,1.0,1.0,10.0,1.0,100.0,100.0,,,,,,C,X,,,,,,,,,,,,,,,0,,,,,X,,X,X,,,,,,,,,,,EA,,,,,2022-04-06,F,98.0,,,,,,SAP,,1.0,KG,,,,,,,,,,,,,,,,,,,,1.1,,,,,,,,,,,,,,,,,,,,,,,,,,,1,,,,,,,,,,,,,,,,,,,,FERT,,,,,,,,,,,,,,,,,,,,,,,,,,,100.0,,,,,,,,,,,,,,,,,CET,,,,,,,,,,,,,,,,,,,,2022-04-06,08:29:51,,,,,,,,,,,,,,,,,,,,,,,,,,,,,,,,,,,,,,,,,,,,,,,,,,,,,,,,,,,,,,,,,,,,,,,,,,,,,,,,,,,,,,,,I,False,2022-04-06 08:29:52.547591+00:00
250,4500069424,10,,,2022-04-06, wie geht es dir,1028118297C,1028118297C,EU01,2000,2002.0,,SAUCE,5300001893.0,,,10.0,EA,EA,1.0,1.0,1.0,1.0,10.0,1.0,100.0,100.0,,,,,,C,X,,,,,,,,,,,,,,,0,,,,,X,,X,X,,,,,,,,,,,EA,,,,,2022-04-06,F,98.0,,,,,,SAP,,1.0,KG,,,,,,,,,,,,,,,,,,,,1.1,,,,,,,,,,,,,,,,,,,,,,,,,,,1,,,,,,,,,,,,,,,,,,,,FERT,,,,,,,,,,,,,,,,,,,,,,,,,,,100.0,,,,,,,,,,,,,,,,,CET,,,,,,,,,,,,,,,,,,,,2022-04-06,10:21:20,,,,,,,,,,,,,,,,,,,,,,,,,,,,,,,,,,,,,,,,,,,,,,,,,,,,,,,,,,,,,,,,,,,,,,,,,,,,,,,,,,,,,,,,I,False,2022-04-06 10:21:21.504362+00:00
250,4500069423,10,,,2022-04-06,Barbq sauce 1KG,1028118297C,1028118297C,EU01,2000,2002.0,,SAUCE,5300001894.0,,,10.0,EA,EA,1.0,1.0,1.0,1.0,100.0,1.0,1000.0,1000.0,,,,,,C,X,,,,,,,,,,,,,,,0,,,,,X,,X,X,,,,,,,,,,,EA,,,,,2022-04-06,F,980.0,,,,,,SAP,,1.0,KG,,,,,,,,,,,,,,,,,,,,1.1,,,,,,,,,,,,,,,,,,,,,,,,,,,1,,,,,,,,,,,,,,,,,,,,FERT,,,,,,,,,,,,,,,,,,,,,,,,,,,1000.0,,,,,,,,,,,,,,,,,CET,,,,,,,,,,,,,,,,,,,,2022-04-06,10:19:21,,,,,,,,,,,,,,,,,,,,,,,,,,,,,,,,,,,,,,,,,,,,,,,,,,,,,,,,,,,,,,,,,,,,,,,,,,,,,,,,,,,,,,,,I,False,2022-04-06 10:19:23.772970+00:00
250,4500069425,10,,,2022-04-13, wie geht es dir,1028118297R,1028118297R,EU01,2000,,,SAUCE,5300001895.0,,,10.0,EA,EA,1.0,1.0,1.0,1.0,10.0,1.0,100.0,100.0,,,,,,C,X,,,,,,,,,,,,,,,0,,,,,X,,X,X,,,,,,,,,,,EA,,,,,2022-04-13,F,100.0,,,,,,SAP,,1.0,KG,,,,,,,,,,,,,,,,,,,,1.1,,,,,,,,,,,,,,,,,,,,,,,,,,,1,,,,,,,,,,,,,,,,,,,,FERT,,,,,,,,,,,,,,,,,,,,,,,,,,,100.0,,,,,,,,,,,,,,,,,CET,,,,,,,,,,,,,,,,,,,,2022-04-13,07:21:42,,,,,,,,,,,,,,,,,,,,,,,,,,,,,,,,,,,,,,,,,,,,,,,,,,,,,,,,,,,,,,,,,,,,,,,,,,,,,,,,,,,,,,,,I,False,2022-04-13 07:21:43.624141+00:00
250,4500069427,10,,,2022-04-13, wie geht es dir,1028118297R,1028118297R,EU01,2000,,,SAUCE,5300001895.0,,,10.0,EA,EA,1.0,1.0,1.0,1.0,10.0,1.0,100.0,100.0,,,,,,C,X,,,,,,,,,,,,,,,0,,,,,X,,X,X,,,,,,,,,,,EA,,,,,2022-04-13,F,100.0,,,,,,SAP,,1.0,KG,,,,,,,,,,,,,,,,,,,,1.1,,,,,,,,,,,,,,,,,,,,,,,,,,,1,,,,,,,,,,,,,,,,,,,,FERT,,,,,,,,,,,,,,,,,,,,,,,,,,,100.0,,,,,,,,,,,,,,,,,CET,,,,,,,,,,,,,,,,,,,,2022-04-13,07:50:41,,,,,,,,,,,,,,,,,,,,,,,,,,,,,,,,,,,,,,,,,,,,,,,,,,,,,,,,,,,,,,,,,,,,,,,,,,,,,,,,,,,,,,,,I,False,2022-04-13 07:50:43.535136+00:00
250,4500069426,10,,,2022-04-13,Barbq sauce 2G,1028118297R,1028118297R,USA1,1000,,,SAUCE,5300001896.0,,,10.0,EA,EA,1.0,1.0,1.0,1.0,10.0,1.0,100.0,100.0,,,,,,C,X,,,,,,,,,,,,,,,0,,,,,X,,X,X,,,,,,,,,,,EA,,,,,2022-04-13,F,98.0,,,,,,SAP,,1.0,KG,,,,,,,,,,,,,,,,,,,,1.1,,,,,,,,,,,,,,,,,,,,,,,,,,,1,,,,,,,,,,,,,,,,,,,,FERT,,,,,,,,,,,,,,,,,,,,,,,,,,,100.0,,,,,,,,,,,,,,,,,EST,,,,,,,,,,,,,,,,,,,,2022-04-13,07:24:36,,,,,,,,,,,,,,,,,,,,,,,,,,,,,,,,,,,,,,,,,,,,,,,,,,,,,,,,,,,,,,,,,,,,,,,,,,,,,,,,,,,,,,,,I,False,2022-04-13 07:24:38.065156+00:00
250,4500000018,10,,,2022-01-24,Barbq sauce 1KG,1028118297C,1028118297C,USA1,1000,,,SAUCE,5300000003.0,,,2.0,EA,EA,1.0,1.0,1.0,1.0,10.0,1.0,20.0,20.0,,,,,,B,X,,,,,,,,,,,,,,,0,,,,,X,,X,,,,,,,,,,,,EA,,,,,2022-01-24,F,20.0,,,,,,SAP,1.0,1.0,KG,,,,,,,,,,,,,,,,,,,,1.1,,,,,,,,,,,,,,,,,,,,,,,,,,,1,,,,,,,,,,,,,,,,,,,,FERT,,,,,,,,,,,,,,,,,,,,,,,,,,,20.0,,,,,,,,,,,,,,,,,EST,,,,,,,,,,,,,,,,,,,,2022-01-24,16:33:08,,,,,,,,,,,,,,,,,,,,,,,,,,,,,,,,,,,,,,,,,,,,,,,,,,,,,,,,,,,,,,,,,,,,,,,,,,,,,,,,,,,,,,,,L,False,2022-01-31 20:42:02.329876+00:00
250,4500000018,10,,,2022-02-25,Barbq sauce 1KG,1028118297C,1028118297C,USA1,1000,,,SAUCE,5300000003.0,,,2.0,EA,EA,1.0,1.0,1.0,1.0,10.0,1.0,20.0,20.0,,,,,,B,X,,,,,,,,,,,,,,,0,,,,,X,,X,,,,,,,,,,,,EA,V1,,,,2022-01-24,F,20.0,,,,,,SAP,1.0,1.0,KG,,,,,,,,,,,,,,,,,,,,1.1,,,,,,,,,,,,,,,,,,,,,,,,,,,1,,,,,,,,,,,,,,,,,,,,FERT,,,,,,,,,,,,,,,,,,,,,,,,,,,20.0,,,,,,,,,,,,,,,,,EST,,,,,,,,,,,,,,,,,,,,2022-01-24,16:33:08,,,,,,,,,,,,,,,,,,,,,,,,,,,,,,,,,,,,,,,,,,,,,,,,,,,,,,,,,,,,,,,,,,,,,,,,,,,,,,,,,,,,,,,,U,False,2022-02-25 11:09:11.798588+00:00
250,4500000018,10,L,,2022-02-25,Barbq sauce 1KG,1028118297C,1028118297C,USA1,1000,,,SAUCE,5300000003.0,,,2.0,EA,EA,1.0,1.0,1.0,1.0,10.0,1.0,20.0,20.0,,,,,,B,X,,,,,,,,,,,,,,,0,,,,,X,,X,,,,,,,,,,,,EA,V1,,,,2022-01-24,F,20.0,,,,,,SAP,1.0,1.0,KG,,,,,,,,,,,,,,,,,,,,1.1,,,,,,,,,,,X,,,,,,,,,,,,,,,,1,,,,,,,,,,,,,,,,,,,,FERT,,,,,,,,,,,,,,,,,,,,,,,,,,,20.0,,,,,,,,,,,,,,,,,EST,,,,,,,,,,,,,,,,,,,,2022-01-24,16:33:08,,,,,,,,,,,,,,,,,,,,,,,,,,,,,,,,,,,,,,,,,,,,,,,,,,,,,,,,,,,,,,,,,,,,,,,,,,,,,,,,,,,,,,,,U,False,2022-02-25 11:13:44.250079+00:00
250,4500000033,10,,,2022-02-01,Barbq sauce 1KG,1028118297C,1028118297C,USA1,1000,1001.0,,SAUCE,5300000020.0,,,100.0,EA,EA,1.0,1.0,1.0,1.0,50.0,1.0,5000.0,5000.0,,,I0,,,C,X,,,,,,,,,,,,,,,0,,,,,X,,X,X,,,,,,,,,,,EA,,,,,2022-01-20,F,4900.0,,,,,,SAP,,1.0,KG,,,,,,,,,,,,,,,,,,,,1.1,,,,,,,,,,,,,,,,,,,,,,,,,,,1,,,,,,,,,,,,,,,,,,,,FERT,,,,,,,,,,,,,,,,,,,,,,,,,,,5000.0,,,,,,,,,,,,,,,,,EST,,,,,,,,,,,,,,,,,,,,2022-02-01,13:52:38,,,,,,,,,,,,,,,,,,,,,,,,,,,,,,,,,,,,,,,,,,,,,,,,,,,,,,,,,,,,,,,,,,,,,,,,,,,,,,,,,,,,,,,,I,False,2022-02-01 13:52:40.714931+00:00
250,4500000038,10,,,2022-02-02,Barbq sauce 1KG,1028118297C,1028118297C,USA1,1000,1001.0,,SAUCE,5300000020.0,,,100.0,EA,EA,1.0,1.0,1.0,1.0,50.0,1.0,5000.0,5000.0,,,I0,,,C,X,,,,,,,,,,,,,,,0,,,,,X,,X,X,,,,,,,,,,,EA,,,,,2022-01-20,F,4900.0,,,,,,SAP,,1.0,KG,,,,,,,,,,,,,,,,,,,,1.1,,,,,,,,,,,,,,,,,,,,,,,,,,,1,,,,,,,,,,,,,,,,,,,,FERT,,,,,,,,,,,,,,,,,,,,,,,,,,,5000.0,,,,,,,,,,,,,,,,,EST,,,,,,,,,,,,,,,,,,,,2022-02-02,08:28:19,,,,,,,,,,,,,,,,,,,,,,,,,,,,,,,,,,,,,,,,,,,,,,,,,,,,,,,,,,,,,,,,,,,,,,,,,,,,,,,,,,,,,,,,I,False,2022-02-02 08:28:21.711969+00:00
250,4500000038,10,,,2022-02-02,Barbq sauce 1KG,1028118297C,1028118297C,USA1,1000,1001.0,,SAUCE,5300000020.0,,,100.0,EA,EA,1.0,1.0,1.0,1.0,50.0,1.0,5000.0,5000.0,,,I0,,,C,X,,,,,,,,,,,,,,,0,,,,,X,,X,X,,,,,,,,,,,EA,,,,,2022-01-20,F,4900.0,,,,,,SAP,,1.0,KG,,,,,,,,,,1.0,,,,,,,,,,1.1,,,,,,,,,,,,,,,,,,,,,,,,,,,1,,,,,,,,,,,,,,,,,,,,FERT,,,,,,,,,,,,,,,,,,,,,,,,,,,5000.0,,,,,,,,,,,,,,,,,EST,,,,,,,,,,,,,,,,,,,,2022-02-02,08:28:19,,,,,,,,,,,,,,,,,,,,,,,,,,,,,,,,,,,,,,,,,,,,,,,,,,,,,,,,,,,,,,,,,,,,,,,,,,,,,,,,,,,,,,,,U,False,2022-02-02 09:00:15.401783+00:00
250,4500000033,10,,,2022-02-04,Barbq sauce 1KG,1028118297C,1028118297C,USA1,1000,1001.0,,SAUCE,5300000020.0,,,100.0,EA,EA,1.0,1.0,1.0,1.0,50.0,1.0,5000.0,5000.0,,,I0,,,C,X,,,,,,,,,,,,,,,0,,,,,X,,X,X,,,,,,,,,,,EA,,,,,2022-01-20,F,4900.0,,,,,,SAP,,1.0,KG,,,,,,,,,,4.0,,,,,,,,,,1.1,,,,,,,,,,,,,,,,,,,,,,,,,,,1,,,,,,,,,,,,,,,,,,,,FERT,,,,,,,,,,,,,,,,,,,,,,,,,,,5000.0,,,,,,,,,,,,,,,,,EST,,,,,,,,,,,,,,,,,,,,2022-02-01,13:52:38,,,,,,,,,,,,,,,,,,,,,,,,,,,,,,,,,,,,,,,,,,,,,,,,,,,,,,,,,,,,,,,,,,,,,,,,,,,,,,,,,,,,,,,,U,False,2022-02-04 07:41:02.032044+00:00
250,4500000033,10,,,2022-02-25,Barbq sauce 1KG,1028118297C,1028118297C,USA1,1000,1001.0,,SAUCE,5300000020.0,,,100.0,EA,EA,1.0,1.0,1.0,1.0,50.0,1.0,5000.0,5000.0,,,I0,,,C,X,,,,,,,,,,,,,,,0,,,,,X,,X,X,,,,,,,,,,,EA,V1,,,,2022-01-20,F,4900.0,,,,,,SAP,,1.0,KG,,,,,,,,,,4.0,,,,,,,,,,1.1,,,,,,,,,,,,,,,,,,,,,,,,,,,1,,,,,,,,,,,,,,,,,,,,FERT,,,,,,,,,,,,,,,,,,,,,,,,,,,5000.0,,,,,,,,,,,,,,,,,EST,,,,,,,,,,,,,,,,,,,,2022-02-01,13:52:38,,,,,,,,,,,,,,,,,,,,,,,,,,,,,,,,,,,,,,,,,,,,,,,,,,,,,,,,,,,,,,,,,,,,,,,,,,,,,,,,,,,,,,,,U,False,2022-02-25 11:09:12.252220+00:00
250,4500000038,10,,,2022-02-25,Barbq sauce 1KG,1028118297C,1028118297C,USA1,1000,1001.0,,SAUCE,5300000020.0,,,100.0,EA,EA,1.0,1.0,1.0,1.0,50.0,1.0,5000.0,5000.0,,,I0,,,C,X,,,,,,,,,,,,,,,0,,,,,X,,X,X,,,,,,,,,,,EA,V1,,,,2022-01-20,F,4900.0,,,,,,SAP,,1.0,KG,,,,,,,,,,1.0,,,,,,,,,,1.1,,,,,,,,,,,,,,,,,,,,,,,,,,,1,,,,,,,,,,,,,,,,,,,,FERT,,,,,,,,,,,,,,,,,,,,,,,,,,,5000.0,,,,,,,,,,,,,,,,,EST,,,,,,,,,,,,,,,,,,,,2022-02-02,08:28:19,,,,,,,,,,,,,,,,,,,,,,,,,,,,,,,,,,,,,,,,,,,,,,,,,,,,,,,,,,,,,,,,,,,,,,,,,,,,,,,,,,,,,,,,U,False,2022-02-25 11:09:12.707280+00:00
250,4500000033,10,L,,2022-02-25,Barbq sauce 1KG,1028118297C,1028118297C,USA1,1000,1001.0,,SAUCE,5300000020.0,,,100.0,EA,EA,1.0,1.0,1.0,1.0,50.0,1.0,5000.0,5000.0,,,I0,,,C,X,,,,,,,,,,,,,,,0,,,,,X,,X,X,,,,,,,,,,,EA,V1,,,,2022-01-20,F,4900.0,,,,,,SAP,,1.0,KG,,,,,,,,,,4.0,,,,,,,,,,1.1,,,,,,,,,,,X,,,,,,,,,,,,,,,,1,,,,,,,,,,,,,,,,,,,,FERT,,,,,,,,,,,,,,,,,,,,,,,,,,,5000.0,,,,,,,,,,,,,,,,,EST,,,,,,,,,,,,,,,,,,,,2022-02-01,13:52:38,,,,,,,,,,,,,,,,,,,,,,,,,,,,,,,,,,,,,,,,,,,,,,,,,,,,,,,,,,,,,,,,,,,,,,,,,,,,,,,,,,,,,,,,U,False,2022-02-25 11:13:44.250079+00:00
250,4500000038,10,L,,2022-02-25,Barbq sauce 1KG,1028118297C,1028118297C,USA1,1000,1001.0,,SAUCE,5300000020.0,,,100.0,EA,EA,1.0,1.0,1.0,1.0,50.0,1.0,5000.0,5000.0,,,I0,,,C,X,,,,,,,,,,,,,,,0,,,,,X,,X,X,,,,,,,,,,,EA,V1,,,,2022-01-20,F,4900.0,,,,,,SAP,,1.0,KG,,,,,,,,,,1.0,,,,,,,,,,1.1,,,,,,,,,,,X,,,,,,,,,,,,,,,,1,,,,,,,,,,,,,,,,,,,,FERT,,,,,,,,,,,,,,,,,,,,,,,,,,,5000.0,,,,,,,,,,,,,,,,,EST,,,,,,,,,,,,,,,,,,,,2022-02-02,08:28:19,,,,,,,,,,,,,,,,,,,,,,,,,,,,,,,,,,,,,,,,,,,,,,,,,,,,,,,,,,,,,,,,,,,,,,,,,,,,,,,,,,,,,,,,U,False,2022-02-25 11:13:44.250079+00:00
250,4500000031,10,,,2022-02-01,Barbq sauce 1KG,1028118297C,1028118297C,USA1,1000,,,SAUCE,,,,10.0,EA,EA,1.0,1.0,1.0,1.0,,1.0,,,,,,,,,X,,,,,,,,,,,,,,,0,,,,,X,,,,,,,,,,,,,,EA,,,,,,F,,,,,,,SAP,,1.0,KG,,,,,,,,,,,,,,,,,,,,1.1,,,,,,,,,,,,,,,,,,,,,,,,,,,1,,,,,,,,,,,,,,,,,,,,FERT,,,,,,,,,,,,,,,,,,,,,,,,,,,,,,,,,,,,,,,,,,,,EST,,,,,,1.0,,,,,,,,,,,,,,2022-02-01,12:03:08,,,,,,,,,,,,,,,,,,,,,,,,,,,,,,,,,,,,,,,,,,,,,,,,,,,,,,,,,,,,,,,,,,,,,,,,,,,,,,,,,,,,,,,,I,False,2022-02-01 12:03:10.008250+00:00
250,4500000031,10,,,2022-02-25,Barbq sauce 1KG,1028118297C,1028118297C,USA1,1000,,,SAUCE,,,,10.0,EA,EA,1.0,1.0,1.0,1.0,,1.0,,,,,,,,,X,,,,,,,,,,,,,,,0,,,,,X,,,,,,,,,,,,,,EA,V1,,,,,F,,,,,,,SAP,,1.0,KG,,,,,,,,,,,,,,,,,,,,1.1,,,,,,,,,,,,,,,,,,,,,,,,,,,1,,,,,,,,,,,,,,,,,,,,FERT,,,,,,,,,,,,,,,,,,,,,,,,,,,,,,,,,,,,,,,,,,,,EST,,,,,,1.0,,,,,,,,,,,,,,2022-02-01,12:03:08,,,,,,,,,,,,,,,,,,,,,,,,,,,,,,,,,,,,,,,,,,,,,,,,,,,,,,,,,,,,,,,,,,,,,,,,,,,,,,,,,,,,,,,,U,False,2022-02-25 11:09:12.252220+00:00
250,4500000031,10,L,,2022-02-25,Barbq sauce 1KG,1028118297C,1028118297C,USA1,1000,,,SAUCE,,,,10.0,EA,EA,1.0,1.0,1.0,1.0,,1.0,,,,,,,,,X,,,,,,,,,,,,,,,0,,,,,X,,,,,,,,,,,,,,EA,V1,,,,,F,,,,,,,SAP,,1.0,KG,,,,,,,,,,,,,,,,,,,,1.1,,,,,,,,,,,X,,,,,,,,,,,,,,,,1,,,,,,,,,,,,,,,,,,,,FERT,,,,,,,,,,,,,,,,,,,,,,,,,,,,,,,,,,,,,,,,,,,,EST,,,,,,1.0,,,,,,,,,,,,,,2022-02-01,12:03:08,,,,,,,,,,,,,,,,,,,,,,,,,,,,,,,,,,,,,,,,,,,,,,,,,,,,,,,,,,,,,,,,,,,,,,,,,,,,,,,,,,,,,,,,U,False,2022-02-25 11:13:44.250079+00:00
250,4500000004,10,,,2022-01-21,Barbq sauce,1028118297C,1028118297C,EU01,2000,,,SAUCE,5300000003.0,,,10.0,EA,EA,1.0,1.0,1.0,1.0,10.0,1.0,100.0,100.0,,,,,,B,X,,,,,,,,,,,,,,,0,,,,,X,,X,,,,,,,,,,,,EA,,,,,2022-01-21,F,100.0,,,,,,SAP,2.0,1.0,KG,,,,,,,,,,,,,,,,,,,,1.0,,,,,,,,,,,,,,,,,,,,,,,,,,,1,,,,,,,,,,,,,,,,,,,,FERT,,,,,,,,,,,,,,,,,,,,,,,,,,,100.0,,,,,,,,,,,,,,,,,EST,,,,,,,,,,,,,,,,,,,,2022-01-21,09:12:24,,,,,,,,,,,,,,,,,,,,,,,,,,,,,,,,,,,,,,,,,,,,,,,,,,,,,,,,,,,,,,,,,,,,,,,,,,,,,,,,,,,,,,,,L,False,2022-01-31 20:42:02.329876+00:00
250,4500000004,10,,,2022-02-25,Barbq sauce,1028118297C,1028118297C,EU01,2000,,,SAUCE,5300000003.0,,,10.0,EA,EA,1.0,1.0,1.0,1.0,10.0,1.0,100.0,100.0,,,,,,B,X,,,,,,,,,,,,,,,0,,,,,X,,X,,,,,,,,,,,,EA,V1,,,,2022-01-21,F,100.0,,,,,,SAP,2.0,1.0,KG,,,,,,,,,,,,,,,,,,,,1.0,,,,,,,,,,,,,,,,,,,,,,,,,,,1,,,,,,,,,,,,,,,,,,,,FERT,,,,,,,,,,,,,,,,,,,,,,,,,,,100.0,,,,,,,,,,,,,,,,,EST,,,,,,,,,,,,,,,,,,,,2022-01-21,09:12:24,,,,,,,,,,,,,,,,,,,,,,,,,,,,,,,,,,,,,,,,,,,,,,,,,,,,,,,,,,,,,,,,,,,,,,,,,,,,,,,,,,,,,,,,U,False,2022-02-25 11:09:10.788204+00:00
250,4500000004,10,L,,2022-02-25,Barbq sauce,1028118297C,1028118297C,EU01,2000,,,SAUCE,5300000003.0,,,10.0,EA,EA,1.0,1.0,1.0,1.0,10.0,1.0,100.0,100.0,,,,,,B,X,,,,,,,,,,,,,,,0,,,,,X,,X,,,,,,,,,,,,EA,V1,,,,2022-01-21,F,100.0,,,,,,SAP,2.0,1.0,KG,,,,,,,,,,,,,,,,,,,,1.0,,,,,,,,,,,X,,,,,,,,,,,,,,,,1,,,,,,,,,,,,,,,,,,,,FERT,,,,,,,,,,,,,,,,,,,,,,,,,,,100.0,,,,,,,,,,,,,,,,,EST,,,,,,,,,,,,,,,,,,,,2022-01-21,09:12:24,,,,,,,,,,,,,,,,,,,,,,,,,,,,,,,,,,,,,,,,,,,,,,,,,,,,,,,,,,,,,,,,,,,,,,,,,,,,,,,,,,,,,,,,U,False,2022-02-25 11:13:44.250079+00:00
250,4500001089,10,,,2022-02-15,BBQ sauce,000000001028118297,000000001028118297,USA1,1000,1001.0,,SAUCE,5300000076.0,,,27.0,KG,KG,1.0,1.0,1.0,1.0,100.0,1.0,2700.0,2700.0,,,I0,,,C,X,,,,,,,,,,,,,,,3,,,,,X,,X,X,,,,,,,,,,,KG,,,,,2022-02-15,F,2646.0,,,,,,SAP,,10.0,KG,,,,,,,,,,4.0,,,,,,,,,,,,,,,,,,,,,,,,,,,,,,,,,,,,,1,,,,,,,,,,,,,,,,,,,,FERT,,,,,,,,,,,,,,,,,,,,,,,,,,,2700.0,,,,,,,,,,,,,,,,,EST,,,,,,,,,,,,,,,,,,,,2022-02-15,12:24:17,,,,,,,,,,,,,,,,,,,,,,,,,,,,,,,,,,,,,,,,,,,,,,,,,,,,,,,,,,,,,,,,,,,,,,,,,,,,,,,,,,,,,,,,I,False,2022-02-15 12:24:19.095519+00:00
250,4500001090,10,,,2022-02-16,BBQ sauce,000000001028118297,000000001028118297,USA1,1000,1001.0,,SAUCE,5300000076.0,,,27.0,KG,KG,1.0,1.0,1.0,1.0,100.0,1.0,2700.0,2700.0,,,I0,,,C,X,,,,,,,,,,,,,,,3,,,,,X,,X,X,,,,,,,,,,,KG,,,,,2022-02-16,F,2646.0,,,,,,SAP,,10.0,KG,,,,,,,,,,4.0,,,,,,,,,,,,,,,,,,,,,,,,,,,,,,,,,,,,,1,,,,,,,,,,,,,,,,,,,,FERT,,,,,,,,,,,,,,,,,,,,,,,,,,,2700.0,,,,,,,,,,,,,,,,,EST,,,,,,,,,,,,,,,,,,,,2022-02-16,12:16:35,,,,,,,,,,,,,,,,,,,,,,,,,,,,,,,,,,,,,,,,,,,,,,,,,,,,,,,,,,,,,,,,,,,,,,,,,,,,,,,,,,,,,,,,I,False,2022-02-16 12:16:37.985045+00:00
250,4500001089,10,,,2022-02-25,BBQ sauce,000000001028118297,000000001028118297,USA1,1000,1001.0,,SAUCE,5300000076.0,,,27.0,KG,KG,1.0,1.0,1.0,1.0,100.0,1.0,2700.0,2700.0,,,I0,,,C,X,,,,,,,,,,,,,,,3,,,,,X,,X,X,,,,,,,,,,,KG,V2,,,,2022-02-15,F,2646.0,,,,,,SAP,,10.0,KG,,,,,,,,,,4.0,,,,,,,,,,,,,,,,,,,,,,,,,,,,,,,,,,,,,1,,,,,,,,,,,,,,,,,,,,FERT,,,,,,,,,,,,,,,,,,,,,,,,,,,2700.0,,,,,,,,,,,,,,,,,EST,,,,,,,,,,,,,,,,,,,,2022-02-15,12:24:17,,,,,,,,,,,,,,,,,,,,,,,,,,,,,,,,,,,,,,,,,,,,,,,,,,,,,,,,,,,,,,,,,,,,,,,,,,,,,,,,,,,,,,,,U,False,2022-02-25 11:11:16.105496+00:00
250,4500001090,10,,,2022-02-25,BBQ sauce,000000001028118297,000000001028118297,USA1,1000,1001.0,,SAUCE,5300000076.0,,,27.0,KG,KG,1.0,1.0,1.0,1.0,100.0,1.0,2700.0,2700.0,,,I0,,,C,X,,,,,,,,,,,,,,,3,,,,,X,,X,X,,,,,,,,,,,KG,V2,,,,2022-02-16,F,2646.0,,,,,,SAP,,10.0,KG,,,,,,,,,,4.0,,,,,,,,,,,,,,,,,,,,,,,,,,,,,,,,,,,,,1,,,,,,,,,,,,,,,,,,,,FERT,,,,,,,,,,,,,,,,,,,,,,,,,,,2700.0,,,,,,,,,,,,,,,,,EST,,,,,,,,,,,,,,,,,,,,2022-02-16,12:16:35,,,,,,,,,,,,,,,,,,,,,,,,,,,,,,,,,,,,,,,,,,,,,,,,,,,,,,,,,,,,,,,,,,,,,,,,,,,,,,,,,,,,,,,,U,False,2022-02-25 11:11:16.105496+00:00
250,4500000046,10,,,2022-02-02,Test Fert SC,TEST F1,TEST F1,EU01,2000,2001.0,,SNACK,5300000026.0,,,50.0,KG,KG,1.0,1.0,1.0,1.0,100.0,1.0,5000.0,5000.0,,,V0,,,C,X,,,,,,,,,,,,,,,3,,,,,X,,X,X,,,,,,,,,,,KG,,,,,2022-02-28,F,4900.0,,,,,,SAP,,,,,,,,,,,,,,,,,,,,,,,,,,,,,,,,,,,,,,,,,,,,,,,,,,1,,,,,,,,,,,,,,,,,,,,FERT,,,,,,,,,,,,,,,,,,,,,,,,,,,5000.0,,,,,,,,,,,,,,,,,EST,,,,,,,,,,,,,,,,,,,,2022-02-02,09:28:19,,,,,,,,,,,,,,,,,,,,,,,,,,,,,,,,,,,,,,,,,,,,,,,,,,,,,,,,,,,,,,,,,,,,,,,,,,,,,,,,,,,,,,,,I,False,2022-02-02 09:28:19.660259+00:00
250,4500000046,10,,,2022-02-25,Test Fert SC,TEST F1,TEST F1,EU01,2000,2001.0,,SNACK,5300000026.0,,,50.0,KG,KG,1.0,1.0,1.0,1.0,100.0,1.0,5000.0,5000.0,,,V0,,,C,X,,,,,,,,,,,,,,,3,,,,,X,,X,X,,,,,,,,,,,KG,V1,,,,2022-02-28,F,4900.0,,,,,,SAP,,,,,,,,,,,,,,,,,,,,,,,,,,,,,,,,,,,,,,,,,,,,,,,,,,1,,,,,,,,,,,,,,,,,,,,FERT,,,,,,,,,,,,,,,,,,,,,,,,,,,5000.0,,,,,,,,,,,,,,,,,EST,,,,,,,,,,,,,,,,,,,,2022-02-02,09:28:19,,,,,,,,,,,,,,,,,,,,,,,,,,,,,,,,,,,,,,,,,,,,,,,,,,,,,,,,,,,,,,,,,,,,,,,,,,,,,,,,,,,,,,,,U,False,2022-02-25 11:09:13.181906+00:00
250,4500000046,10,L,,2022-02-25,Test Fert SC,TEST F1,TEST F1,EU01,2000,2001.0,,SNACK,5300000026.0,,,50.0,KG,KG,1.0,1.0,1.0,1.0,100.0,1.0,5000.0,5000.0,,,V0,,,C,X,,,,,,,,,,,,,,,3,,,,,X,,X,X,,,,,,,,,,,KG,V1,,,,2022-02-28,F,4900.0,,,,,,SAP,,,,,,,,,,,,,,,,,,,,,,,,,,,,,,,,,,X,,,,,,,,,,,,,,,,1,,,,,,,,,,,,,,,,,,,,FERT,,,,,,,,,,,,,,,,,,,,,,,,,,,5000.0,,,,,,,,,,,,,,,,,EST,,,,,,,,,,,,,,,,,,,,2022-02-02,09:28:19,,,,,,,,,,,,,,,,,,,,,,,,,,,,,,,,,,,,,,,,,,,,,,,,,,,,,,,,,,,,,,,,,,,,,,,,,,,,,,,,,,,,,,,,U,False,2022-02-25 11:13:44.250079+00:00
250,4500000022,10,,,2022-01-25,Test Fert SC,TEST F1,TEST F1,EU01,2000,2001.0,,SNACK,5300000010.0,,,1.0,KG,KG,1.0,1.0,1.0,1.0,10.0,1.0,10.0,10.0,,,V0,,,B,X,,,,,,,,,,,,,X,,3,,,,,X,,X,X,,,,,,,,,,,KG,V1,,,,2022-01-25,F,9.8,,,,,,SAP,10.0,,,,,,,,,,,,4.0,,,,,,,,,,,,,,,,,,,,,,,,,,,,,,,,,,,,,1,,,,,,,,,,,,,,,,,,10000005.0,10.0,FERT,,,,,,,,,,,,,,,,,,,,,,,,,,,10.0,,,,,,,,,,,,,,,,,EST,,,,,,,,,,,,,,,,,,,,2022-01-25,12:36:27,,,,,,,,,,,,,,,,,,,,,,,,,,,,,,,,,,,,,,,,,,,,,,,,,,,,,,,,,,,,,,,,,,,,,,,,,,,,,,,,,,,,,,,,L,False,2022-01-31 20:42:02.329876+00:00
250,4500000045,10,,,2022-02-02,Test Fert SC,TEST F1,TEST F1,EU01,2000,2001.0,,SNACK,5300000010.0,,,40.0,KG,KG,1.0,1.0,1.0,1.0,10.0,1.0,400.0,400.0,,,V0,,,B,X,,,,,,,,,,,,,,,3,,,,,X,,X,X,,,,,,,,,,,KG,V1,,,,2022-02-27,F,392.0,,,,,,SAP,10.0,,,,,,,,,,,,4.0,,,,,,,,,,,,,,,,,,,,,,,,,,,,,,,,,,,,,1,,,,,,,,,,,,,,,,,,,,FERT,,,,,,,,,,,,,,,,,,,,,,,,,,,400.0,,,,,,,,,,,,,,,,,EST,,,,,,,,,,,,,,,,,,,,2022-02-02,09:28:19,,,,,,,,,,,,,,,,,,,,,,,,,,,,,,,,,,,,,,,,,,,,,,,,,,,,,,,,,,,,,,,,,,,,,,,,,,,,,,,,,,,,,,,,I,False,2022-02-02 09:28:19.660259+00:00
250,4500000022,10,L,,2022-02-25,Test Fert SC,TEST F1,TEST F1,EU01,2000,2001.0,,SNACK,5300000010.0,,,1.0,KG,KG,1.0,1.0,1.0,1.0,10.0,1.0,10.0,10.0,,,V0,,,B,X,,,,,,,,,,,,,X,,3,,,,,X,,X,X,,,,,,,,,,,KG,V1,,,,2022-01-25,F,9.8,,,,,,SAP,10.0,,,,,,,,,,,,4.0,,,,,,,,,,,,,,,,,,,,,,,,,,,,,,,,,,,,,1,,,,,,,,,,,,,,,,,,10000005.0,10.0,FERT,,,,,,,,,,,,,,,,,,,,,,,,,,,10.0,,,,,,,,,,,,,,,,,EST,,,,,,,,,,,,,,,,,,,,2022-01-25,12:36:27,,,,,,,,,,,,,,,,,,,,,,,,,,,,,,,,,,,,,,,,,,,,,,,,,,,,,,,,,,,,,,,,,,,,,,,,,,,,,,,,,,,,,,,,U,False,2022-02-25 11:13:44.250079+00:00
250,4500000045,10,L,,2022-02-25,Test Fert SC,TEST F1,TEST F1,EU01,2000,2001.0,,SNACK,5300000010.0,,,40.0,KG,KG,1.0,1.0,1.0,1.0,10.0,1.0,400.0,400.0,,,V0,,,B,X,,,,,,,,,,,,,,,3,,,,,X,,X,X,,,,,,,,,,,KG,V1,,,,2022-02-27,F,392.0,,,,,,SAP,10.0,,,,,,,,,,,,4.0,,,,,,,,,,,,,,,,,,,,,X,,,,,,,,,,,,,,,,1,,,,,,,,,,,,,,,,,,,,FERT,,,,,,,,,,,,,,,,,,,,,,,,,,,400.0,,,,,,,,,,,,,,,,,EST,,,,,,,,,,,,,,,,,,,,2022-02-02,09:28:19,,,,,,,,,,,,,,,,,,,,,,,,,,,,,,,,,,,,,,,,,,,,,,,,,,,,,,,,,,,,,,,,,,,,,,,,,,,,,,,,,,,,,,,,U,False,2022-02-25 11:13:44.250079+00:00
250,4500000063,10,,,2022-02-03,Test Finished Subcontracting,TEST F_SUB,TEST F_SUB,USA1,1000,1001.0,,GRAINS,5300000008.0,,,40.0,KG,KG,1.0,1.0,1.0,1.0,100.0,1.0,4000.0,4000.0,,,I0,,,C,X,,,5.0,,,,,,,,,,,,0,,,,,X,,X,X,,,,,,,,,,,KG,,,,,2022-02-03,F,3920.0,,,,,,SAP,,,,,,,,,,,,,4.0,,,,,,,,,,,,,,,,,,,,,,,,,,,,,,,,,,,,,1,,,,,,,,,,,,,,,,,,,,FERT,,,,,,,,,,,,,,,,,,,,,,,,,,,4000.0,,,,,,,,,,,,,,,,,EST,,,,,,,,,,,,,,,,,,,,2022-02-03,12:52:40,,,,,,,,,,,,,,,,,,,,,,,,,,,,,,,,,,,,,,,,,,,,,,,,,,,,,,,,,,,,,,,,,,,,,,,,,,,,,,,,,,,,,,,,I,False,2022-02-03 12:52:43.341306+00:00
250,4500000063,10,,,2022-02-25,Test Finished Subcontracting,TEST F_SUB,TEST F_SUB,USA1,1000,1001.0,,GRAINS,5300000008.0,,,40.0,KG,KG,1.0,1.0,1.0,1.0,100.0,1.0,4000.0,4000.0,,,I0,,,C,X,,,5.0,,,,,,,,,,,,0,,,,,X,,X,X,,,,,,,,,,,KG,V1,,,,2022-02-03,F,3920.0,,,,,,SAP,,,,,,,,,,,,,4.0,,,,,,,,,,,,,,,,,,,,,,,,,,,,,,,,,,,,,1,,,,,,,,,,,,,,,,,,,,FERT,,,,,,,,,,,,,,,,,,,,,,,,,,,4000.0,,,,,,,,,,,,,,,,,EST,,,,,,,,,,,,,,,,,,,,2022-02-03,12:52:40,,,,,,,,,,,,,,,,,,,,,,,,,,,,,,,,,,,,,,,,,,,,,,,,,,,,,,,,,,,,,,,,,,,,,,,,,,,,,,,,,,,,,,,,U,False,2022-02-25 11:09:14.037574+00:00
250,4500000042,10,,,2022-02-02,Test Finished Subcontracting,TEST F_SUB,TEST F_SUB,USA1,1000,1001.0,,GRAINS,5300000024.0,,,50.0,KG,KG,1.0,1.0,1.0,1.0,50.0,1.0,2500.0,2500.0,,,I0,,,C,X,,,,,,,,,,,,,,,3,,,,,X,,X,X,,,,,,,,,,,KG,,,,,2022-02-23,F,2450.0,,,,,,SAP,,,,,,,,,,,,,,,,,,,,,,,,,,,,,,,,,,,,,,,,,,,,,,,,,,1,,,,,,,,,,,,,,,,,,,,FERT,,,,,,,,,,,,,,,,,,,,,,,,,,,2500.0,,,,,,,,,,,,,,,,,EST,,,,,,,,,,,,,,,,,,,,2022-02-02,09:28:18,,,,,,,,,,,,,,,,,,,,,,,,,,,,,,,,,,,,,,,,,,,,,,,,,,,,,,,,,,,,,,,,,,,,,,,,,,,,,,,,,,,,,,,,I,False,2022-02-02 09:28:19.660259+00:00
250,4500000042,10,,,2022-02-25,Test Finished Subcontracting,TEST F_SUB,TEST F_SUB,USA1,1000,1001.0,,GRAINS,5300000024.0,,,50.0,KG,KG,1.0,1.0,1.0,1.0,50.0,1.0,2500.0,2500.0,,,I0,,,C,X,,,,,,,,,,,,,,,3,,,,,X,,X,X,,,,,,,,,,,KG,V1,,,,2022-02-23,F,2450.0,,,,,,SAP,,,,,,,,,,,,,,,,,,,,,,,,,,,,,,,,,,,,,,,,,,,,,,,,,,1,,,,,,,,,,,,,,,,,,,,FERT,,,,,,,,,,,,,,,,,,,,,,,,,,,2500.0,,,,,,,,,,,,,,,,,EST,,,,,,,,,,,,,,,,,,,,2022-02-02,09:28:18,,,,,,,,,,,,,,,,,,,,,,,,,,,,,,,,,,,,,,,,,,,,,,,,,,,,,,,,,,,,,,,,,,,,,,,,,,,,,,,,,,,,,,,,U,False,2022-02-25 11:09:13.181906+00:00
250,4500000042,10,L,,2022-02-25,Test Finished Subcontracting,TEST F_SUB,TEST F_SUB,USA1,1000,1001.0,,GRAINS,5300000024.0,,,50.0,KG,KG,1.0,1.0,1.0,1.0,50.0,1.0,2500.0,2500.0,,,I0,,,C,X,,,,,,,,,,,,,,,3,,,,,X,,X,X,,,,,,,,,,,KG,V1,,,,2022-02-23,F,2450.0,,,,,,SAP,,,,,,,,,,,,,,,,,,,,,,,,,,,,,,,,,,X,,,,,,,,,,,,,,,,1,,,,,,,,,,,,,,,,,,,,FERT,,,,,,,,,,,,,,,,,,,,,,,,,,,2500.0,,,,,,,,,,,,,,,,,EST,,,,,,,,,,,,,,,,,,,,2022-02-02,09:28:18,,,,,,,,,,,,,,,,,,,,,,,,,,,,,,,,,,,,,,,,,,,,,,,,,,,,,,,,,,,,,,,,,,,,,,,,,,,,,,,,,,,,,,,,U,False,2022-02-25 11:13:44.250079+00:00
250,4500000039,10,,,2022-02-02,Test Material 1,TEST M1,TEST M1,USA1,1000,1001.0,,GRAINS,5300000023.0,,,20.0,KG,KG,1.0,1.0,1.0,1.0,30.0,1.0,600.0,600.0,,2.0,I0,,,C,X,,,,,,,,,,,,,,,0,,,,,X,,X,X,,,,,,,,,,,KG,,,,,2022-02-20,F,588.0,,,,,,SAP,,,,,,,,,,,,,,,,,,,,,,,,,,,,,,,,,,,,,,,,,,,,,,,,,,1,,,,,,,,,,,,,,,,,,,,ROH,,,,,,,,,,,,,,,,,,,,,,,,,,,600.0,,,,,,,,,,,,,,,,,EST,,,,,,,,,,,,,,,,,,,,2022-02-02,09:28:18,,,,,,,,,,,,,,,,,,,,,,,,,,,,,,,,,,,,,,,,,,,,,,,,,,,,,,,,,,,,,,,,,,,,,,,,,,,,,,,,,,,,,,,,I,False,2022-02-02 09:28:19.660259+00:00
250,4500000039,10,,,2022-02-25,Test Material 1,TEST M1,TEST M1,USA1,1000,1001.0,,GRAINS,5300000023.0,,,20.0,KG,KG,1.0,1.0,1.0,1.0,30.0,1.0,600.0,600.0,,2.0,I0,,,C,X,,,,,,,,,,,,,,,0,,,,,X,,X,X,,,,,,,,,,,KG,V1,,,,2022-02-20,F,588.0,,,,,,SAP,,,,,,,,,,,,,,,,,,,,,,,,,,,,,,,,,,,,,,,,,,,,,,,,,,1,,,,,,,,,,,,,,,,,,,,ROH,,,,,,,,,,,,,,,,,,,,,,,,,,,600.0,,,,,,,,,,,,,,,,,EST,,,,,,,,,,,,,,,,,,,,2022-02-02,09:28:18,,,,,,,,,,,,,,,,,,,,,,,,,,,,,,,,,,,,,,,,,,,,,,,,,,,,,,,,,,,,,,,,,,,,,,,,,,,,,,,,,,,,,,,,U,False,2022-02-25 11:09:12.707280+00:00
250,4500000039,10,L,,2022-02-25,Test Material 1,TEST M1,TEST M1,USA1,1000,1001.0,,GRAINS,5300000023.0,,,20.0,KG,KG,1.0,1.0,1.0,1.0,30.0,1.0,600.0,600.0,,2.0,I0,,,C,X,,,,,,,,,,,,,,,0,,,,,X,,X,X,,,,,,,,,,,KG,V1,,,,2022-02-20,F,588.0,,,,,,SAP,,,,,,,,,,,,,,,,,,,,,,,,,,,,,,,,,,X,,,,,,,,,,,,,,,,1,,,,,,,,,,,,,,,,,,,,ROH,,,,,,,,,,,,,,,,,,,,,,,,,,,600.0,,,,,,,,,,,,,,,,,EST,,,,,,,,,,,,,,,,,,,,2022-02-02,09:28:18,,,,,,,,,,,,,,,,,,,,,,,,,,,,,,,,,,,,,,,,,,,,,,,,,,,,,,,,,,,,,,,,,,,,,,,,,,,,,,,,,,,,,,,,U,False,2022-02-25 11:13:44.250079+00:00
250,4500000023,10,,,2022-01-25,Test Finished Subcontracting,TEST F_SUB,TEST F_SUB,USA1,1000,1001.0,,GRAINS,5300000008.0,,,1.0,KG,KG,1.0,1.0,1.0,1.0,100.0,1.0,100.0,100.0,,,I0,,,B,X,,,5.0,,,,,,,,,,X,,3,,,,,X,,X,X,,,,,,,,,,,KG,V1,,,,2022-01-25,F,98.0,,,,,,SAP,10.0,,,,,,,,,,,,4.0,,,,,,,,,,,,,,,,,,,,,,,,,,,,,,,,,,,,,1,,,,,,,,,,,,,,,,,,10000006.0,10.0,FERT,,,,,,,,,,,,,,,,,,,,,,,,,,,100.0,,,,,,,,,,,,,,,,,EST,,,,,,,,,,,,,,,,,,,,2022-01-25,12:54:03,,,,,,,,,,,,,,,,,,,,,,,,,,,,,,,,,,,,,,,,,,,,,,,,,,,,,,,,,,,,,,,,,,,,,,,,,,,,,,,,,,,,,,,,L,False,2022-01-31 20:42:02.329876+00:00
250,4500000034,10,,,2022-02-02,Test Finished Subcontracting,TEST F_SUB,TEST F_SUB,USA1,1000,1001.0,,GRAINS,5300000008.0,,,50.0,KG,KG,1.0,1.0,1.0,1.0,100.0,1.0,5000.0,5000.0,,,I0,,,B,X,,,5.0,,,,,,,,,,,,3,,,,,X,,X,X,,,,,,,,,,,KG,V1,,,,2022-01-20,F,4900.0,,,,,,SAP,10.0,,,,,,,,,,,,4.0,,,,,,,,,,,,,,,,,,,,,,,,,,,,,,,,,,,,,1,,,,,,,,,,,,,,,,,,,,FERT,,,,,,,,,,,,,,,,,,,,,,,,,,,5000.0,,,,,,,,,,,,,,,,,EST,,,,,,,,,,,,,,,,,,,,2022-02-02,07:09:41,,,,,,,,,,,,,,,,,,,,,,,,,,,,,,,,,,,,,,,,,,,,,,,,,,,,,,,,,,,,,,,,,,,,,,,,,,,,,,,,,,,,,,,,I,False,2022-02-02 07:09:43.055643+00:00
250,4500000041,10,,,2022-02-02,Test Finished Subcontracting,TEST F_SUB,TEST F_SUB,USA1,1000,1001.0,,GRAINS,5300000008.0,,,40.0,KG,KG,1.0,1.0,1.0,1.0,100.0,1.0,4000.0,4000.0,,,I0,,,B,X,,,5.0,,,,,,,,,,,,3,,,,,X,,X,X,,,,,,,,,,,KG,V1,,,,2022-02-22,F,3920.0,,,,,,SAP,10.0,,,,,,,,,,,,4.0,,,,,,,,,,,,,,,,,,,,,,,,,,,,,,,,,,,,,1,,,,,,,,,,,,,,,,,,,,FERT,,,,,,,,,,,,,,,,,,,,,,,,,,,4000.0,,,,,,,,,,,,,,,,,EST,,,,,,,,,,,,,,,,,,,,2022-02-02,09:28:18,,,,,,,,,,,,,,,,,,,,,,,,,,,,,,,,,,,,,,,,,,,,,,,,,,,,,,,,,,,,,,,,,,,,,,,,,,,,,,,,,,,,,,,,I,False,2022-02-02 09:28:19.660259+00:00
250,4500000023,10,L,,2022-02-25,Test Finished Subcontracting,TEST F_SUB,TEST F_SUB,USA1,1000,1001.0,,GRAINS,5300000008.0,,,1.0,KG,KG,1.0,1.0,1.0,1.0,100.0,1.0,100.0,100.0,,,I0,,,B,X,,,5.0,,,,,,,,,,X,,3,,,,,X,,X,X,,,,,,,,,,,KG,V1,,,,2022-01-25,F,98.0,,,,,,SAP,10.0,,,,,,,,,,,,4.0,,,,,,,,,,,,,,,,,,,,,,,,,,,,,,,,,,,,,1,,,,,,,,,,,,,,,,,,10000006.0,10.0,FERT,,,,,,,,,,,,,,,,,,,,,,,,,,,100.0,,,,,,,,,,,,,,,,,EST,,,,,,,,,,,,,,,,,,,,2022-01-25,12:54:03,,,,,,,,,,,,,,,,,,,,,,,,,,,,,,,,,,,,,,,,,,,,,,,,,,,,,,,,,,,,,,,,,,,,,,,,,,,,,,,,,,,,,,,,U,False,2022-02-25 11:13:44.250079+00:00
250,4500000034,10,L,,2022-02-25,Test Finished Subcontracting,TEST F_SUB,TEST F_SUB,USA1,1000,1001.0,,GRAINS,5300000008.0,,,50.0,KG,KG,1.0,1.0,1.0,1.0,100.0,1.0,5000.0,5000.0,,,I0,,,B,X,,,5.0,,,,,,,,,,,,3,,,,,X,,X,X,,,,,,,,,,,KG,V1,,,,2022-01-20,F,4900.0,,,,,,SAP,10.0,,,,,,,,,,,,4.0,,,,,,,,,,,,,,,,,,,,,X,,,,,,,,,,,,,,,,1,,,,,,,,,,,,,,,,,,,,FERT,,,,,,,,,,,,,,,,,,,,,,,,,,,5000.0,,,,,,,,,,,,,,,,,EST,,,,,,,,,,,,,,,,,,,,2022-02-02,07:09:41,,,,,,,,,,,,,,,,,,,,,,,,,,,,,,,,,,,,,,,,,,,,,,,,,,,,,,,,,,,,,,,,,,,,,,,,,,,,,,,,,,,,,,,,U,False,2022-02-25 11:13:44.250079+00:00
250,4500000041,10,L,,2022-02-25,Test Finished Subcontracting,TEST F_SUB,TEST F_SUB,USA1,1000,1001.0,,GRAINS,5300000008.0,,,40.0,KG,KG,1.0,1.0,1.0,1.0,100.0,1.0,4000.0,4000.0,,,I0,,,B,X,,,5.0,,,,,,,,,,,,3,,,,,X,,X,X,,,,,,,,,,,KG,V1,,,,2022-02-22,F,3920.0,,,,,,SAP,10.0,,,,,,,,,,,,4.0,,,,,,,,,,,,,,,,,,,,,X,,,,,,,,,,,,,,,,1,,,,,,,,,,,,,,,,,,,,FERT,,,,,,,,,,,,,,,,,,,,,,,,,,,4000.0,,,,,,,,,,,,,,,,,EST,,,,,,,,,,,,,,,,,,,,2022-02-02,09:28:18,,,,,,,,,,,,,,,,,,,,,,,,,,,,,,,,,,,,,,,,,,,,,,,,,,,,,,,,,,,,,,,,,,,,,,,,,,,,,,,,,,,,,,,,U,False,2022-02-25 11:13:44.250079+00:00
250,4500000021,10,,,2022-01-25,Test Material 1,TEST M1,TEST M1,USA1,1000,1001.0,,GRAINS,5300000007.0,,,10.0,KG,KG,1.0,1.0,1.0,1.0,10.0,1.0,100.0,100.0,,2.0,I0,,,B,X,,,,,,,,,,,,,X,,0,,,,,X,,X,X,,,,,,,,,,,KG,V1,,,,2020-01-01,F,98.0,,,,,,SAP,10.0,,,,,,,,,,,,4.0,,,,,,,,,,,,,,,,,,,,,,,,,,,,,,,,,,,,,1,,,,,,,,,,,,,,,,,,,,ROH,,,,,,,,,,,,,,,,,,,,,,,,,,,100.0,,,,,,,,,,,,,,,,,EST,,,,,,,,,,,,,,,,,,,,2022-01-25,09:03:07,,,,,,,,,,,,,,,,,,,,,,,,,,,,,,,,,,,,,,,,,,,,,,,,,,,,,,,,,,,,,,,,,,,,,,,,,,,,,,,,,,,,,,,,L,False,2022-01-31 20:42:02.329876+00:00
250,4500000032,10,,,2022-02-01,Test Material 1,TEST M1,TEST M1,USA1,1000,1001.0,,GRAINS,5300000007.0,,,10.0,KG,KG,1.0,1.0,1.0,1.0,10.0,1.0,100.0,100.0,,2.0,I0,,,B,X,,,,,,,,,,,,,,,0,,,,,X,,X,X,,,,,,,,,,,KG,V1,,,,2022-02-01,F,98.0,,,,,,SAP,10.0,,,,,,,,,,,,4.0,,,,,,,,,,,,,,,,,,,,,,,,,,,,,,,,,,,,,1,,,,,,,,,,,,,,,,,,,,ROH,,,,,,,,,,,,,,,,,,,,,,,,,,,100.0,,,,,,,,,,,,,,,,,EST,,,,,,,,,,,,,,,,,,,,2022-02-01,13:24:28,,,,,,,,,,,,,,,,,,,,,,,,,,,,,,,,,,,,,,,,,,,,,,,,,,,,,,,,,,,,,,,,,,,,,,,,,,,,,,,,,,,,,,,,I,False,2022-02-01 13:24:30.128754+00:00
250,4500000047,10,,,2022-02-02,Test Material 1,TEST M1,TEST M1,USA1,1000,1001.0,,GRAINS,5300000007.0,,,10.0,KG,KG,1.0,1.0,1.0,1.0,10.0,1.0,100.0,100.0,,2.0,I0,,,B,X,,,,,,,,,,,,,,,0,,,,,X,,X,X,,,,,,,,,,,KG,V1,,,,2022-02-19,F,98.0,,,,,,SAP,10.0,,,,,,,,,,,,4.0,,,,,,,,,,,,,,,,,,,,,,,,,,,,,,,,,,,,,1,,,,,,,,,,,,,,,,,,,,ROH,,,,,,,,,,,,,,,,,,,,,,,,,,,100.0,,,,,,,,,,,,,,,,,EST,,,,,,,,,,,,,,,,,,,,2022-02-02,09:41:31,,,,,,,,,,,,,,,,,,,,,,,,,,,,,,,,,,,,,,,,,,,,,,,,,,,,,,,,,,,,,,,,,,,,,,,,,,,,,,,,,,,,,,,,I,False,2022-02-02 09:41:32.620434+00:00
250,4500000050,10,,,2022-02-03,Test Material 1,TEST M1,TEST M1,USA1,1000,1001.0,,GRAINS,5300000007.0,,,10.0,KG,KG,1.0,1.0,1.0,1.0,10.0,1.0,100.0,100.0,,2.0,I0,,,B,X,,,,,,,,,,,,,,,0,,,,,X,,X,X,,,,,,,,,,,KG,V1,,,,2022-02-02,F,98.0,,,,,,SAP,10.0,,,,,,,,,,,,4.0,,,,,,,,,,,,,,,,,,,,,,,,,,,,,,,,,,,,,1,,,,,,,,,,,,,,,,,,,,ROH,,,,,,,,,,,,,,,,,,,,,,,,,,,100.0,,,,,,,,,,,,,,,,,EST,,,,,,,,,,,,,,,,,,,,2022-02-03,06:05:11,,,,,,,,,,,,,,,,,,,,,,,,,,,,,,,,,,,,,,,,,,,,,,,,,,,,,,,,,,,,,,,,,,,,,,,,,,,,,,,,,,,,,,,,I,False,2022-02-03 06:05:13.285431+00:00
250,4500000055,10,,,2022-02-03,Test Material 1,TEST M1,TEST M1,USA1,1000,1001.0,,GRAINS,5300000007.0,,,10.0,KG,KG,1.0,1.0,1.0,1.0,10.0,1.0,100.0,100.0,,2.0,I0,,,B,X,,,,,,,,,,,,,,,0,,,,,X,,X,X,,,,,,,,,,,KG,V1,,,,2022-02-02,F,98.0,,,,,,SAP,10.0,,,,,,,,,,,,4.0,,,,,,,,,,,,,,,,,,,,,,,,,,,,,,,,,,,,,1,,,,,,,,,,,,,,,,,,,,ROH,,,,,,,,,,,,,,,,,,,,,,,,,,,100.0,,,,,,,,,,,,,,,,,EST,,,,,,,,,,,,,,,,,,,,2022-02-03,07:38:54,,,,,,,,,,,,,,,,,,,,,,,,,,,,,,,,,,,,,,,,,,,,,,,,,,,,,,,,,,,,,,,,,,,,,,,,,,,,,,,,,,,,,,,,I,False,2022-02-03 07:38:55.648181+00:00
250,4500000055,10,,,2022-02-03,Test Material 1,TEST M1,TEST M1,USA1,1000,1001.0,,GRAINS,5300000007.0,,,10.0,KG,KG,1.0,1.0,1.0,1.0,10.0,1.0,100.0,100.0,,2.0,I0,,,B,X,,,,,,,,,,,,,X,,0,,,,,X,,X,X,,,,,,,,,,,KG,V1,,,,2022-02-02,F,98.0,,,,,,SAP,10.0,,,,,,,,,,,,4.0,,,,,,,,,,,,,,,,,,,,,,,,,,,,,,,,,,,,,1,,,,,,,,,,,,,,,,,,,,ROH,,,,,,,,,,,,,,,,,,,,,,,,,,,100.0,,,,,,,,,,,,,,,,,EST,,,,,,,,,,,,,,,,,,,,2022-02-03,07:38:54,,,,,,,,,,,,,,,,,,,,,,,,,,,,,,,,,,,,,,,,,,,,,,,,,,,,,,,,,,,,,,,,,,,,,,,,,,,,,,,,,,,,,,,,U,False,2022-02-03 07:51:15.775266+00:00
250,4500000056,10,,,2022-02-03,Test Material 1,TEST M1,TEST M1,USA1,1000,1001.0,,GRAINS,5300000007.0,,,10.0,KG,KG,1.0,1.0,1.0,1.0,10.0,1.0,100.0,100.0,,2.0,I0,,,B,X,,,,,,,,,,,,,,,0,,,,,X,,X,X,,,,,,,,,,,KG,V1,,,,2022-02-02,F,98.0,,,,,,SAP,10.0,,,,,,,,,,,,4.0,,,,,,,,,,,,,,,,,,,,,,,,,,,,,,,,,,,,,1,,,,,,,,,,,,,,,,,,,,ROH,,,,,,,,,,,,,,,,,,,,,,,,,,,100.0,,,,,,,,,,,,,,,,,EST,,,,,,,,,,,,,,,,,,,,2022-02-03,07:53:46,,,,,,,,,,,,,,,,,,,,,,,,,,,,,,,,,,,,,,,,,,,,,,,,,,,,,,,,,,,,,,,,,,,,,,,,,,,,,,,,,,,,,,,,I,False,2022-02-03 07:53:47.136520+00:00
250,4500000056,10,,,2022-02-03,Test Material 1,TEST M1,TEST M1,USA1,1000,1001.0,,GRAINS,5300000007.0,,,10.0,KG,KG,1.0,1.0,1.0,1.0,10.0,1.0,100.0,100.0,,2.0,I0,,,B,X,,,,,,,,,,,,,X,,0,,,,,X,,X,X,,,,,,,,,,,KG,V1,,,,2022-02-02,F,98.0,,,,,,SAP,10.0,,,,,,,,,,,,4.0,,,,,,,,,,,,,,,,,,,,,,,,,,,,,,,,,,,,,1,,,,,,,,,,,,,,,,,,,,ROH,,,,,,,,,,,,,,,,,,,,,,,,,,,100.0,,,,,,,,,,,,,,,,,EST,,,,,,,,,,,,,,,,,,,,2022-02-03,07:53:46,,,,,,,,,,,,,,,,,,,,,,,,,,,,,,,,,,,,,,,,,,,,,,,,,,,,,,,,,,,,,,,,,,,,,,,,,,,,,,,,,,,,,,,,U,False,2022-02-03 07:55:23.586106+00:00
250,4500000057,10,,,2022-02-03,Test Material 1,TEST M1,TEST M1,USA1,1000,1001.0,,GRAINS,5300000007.0,,,10.0,KG,KG,1.0,1.0,1.0,1.0,10.0,1.0,100.0,100.0,,2.0,I0,,,B,X,,,,,,,,,,,,,,,0,,,,,X,,X,X,,,,,,,,,,,KG,V1,,,,2022-02-03,F,98.0,,,,,,SAP,10.0,,,,,,,,,,,,4.0,,,,,,,,,,,,,,,,,,,,,,,,,,,,,,,,,,,,,1,,,,,,,,,,,,,,,,,,,,ROH,,,,,,,,,,,,,,,,,,,,,,,,,,,100.0,,,,,,,,,,,,,,,,,EST,,,,,,,,,,,,,,,,,,,,2022-02-03,08:03:24,,,,,,,,,,,,,,,,,,,,,,,,,,,,,,,,,,,,,,,,,,,,,,,,,,,,,,,,,,,,,,,,,,,,,,,,,,,,,,,,,,,,,,,,I,False,2022-02-03 08:03:26.204094+00:00
250,4500000062,10,,,2022-02-03,Test Material 1,TEST M1,TEST M1,USA1,1000,1001.0,,GRAINS,5300000007.0,,,10.0,KG,KG,1.0,1.0,1.0,1.0,10.0,1.0,100.0,100.0,,2.0,I0,,,B,X,,,,,,,,,,,,,,,0,,,,,X,,X,X,,,,,,,,,,,KG,V1,,,,2022-02-03,F,98.0,,,,,,SAP,10.0,,,,,,,,,,,,4.0,,,,,,,,,,,,,,,,,,,,,,,,,,,,,,,,,,,,,1,,,,,,,,,,,,,,,,,,,,ROH,,,,,,,,,,,,,,,,,,,,,,,,,,,100.0,,,,,,,,,,,,,,,,,EST,,,,,,,,,,,,,,,,,,,,2022-02-03,10:36:44,,,,,,,,,,,,,,,,,,,,,,,,,,,,,,,,,,,,,,,,,,,,,,,,,,,,,,,,,,,,,,,,,,,,,,,,,,,,,,,,,,,,,,,,I,False,2022-02-03 10:36:46.389326+00:00
250,4500000061,10,,,2022-02-03,Test Material 1,TEST M1,TEST M1,USA1,1000,1001.0,,GRAINS,5300000007.0,,,10.0,KG,KG,1.0,1.0,1.0,1.0,10.0,1.0,100.0,100.0,,2.0,I0,,,B,X,,,,,,,,,,,,,,,0,,,,,X,,X,X,,,,,,,,,,,KG,V1,,,,2022-02-03,F,98.0,,,,,,SAP,10.0,,,,,,,,,,,,4.0,,,,,,,,,,,,,,,,,,,,,,,,,,,,,,,,,,,,,1,,,,,,,,,,,,,,,,,,,,ROH,,,,,,,,,,,,,,,,,,,,,,,,,,,100.0,,,,,,,,,,,,,,,,,EST,,,,,,,,,,,,,,,,,,,,2022-02-03,09:32:15,,,,,,,,,,,,,,,,,,,,,,,,,,,,,,,,,,,,,,,,,,,,,,,,,,,,,,,,,,,,,,,,,,,,,,,,,,,,,,,,,,,,,,,,I,False,2022-02-03 09:32:17.698178+00:00
250,4500000057,10,,,2022-02-03,Test Material 1,TEST M1,TEST M1,USA1,1000,1001.0,,GRAINS,5300000007.0,,,10.0,KG,KG,1.0,1.0,1.0,1.0,10.0,1.0,100.0,100.0,,2.0,I0,,,B,X,,,,,,,,,,,,,X,,0,,,,,X,,X,X,,,,,,,,,,,KG,V1,,,,2022-02-03,F,98.0,,,,,,SAP,10.0,,,,,,,,,,,,4.0,,,,,,,,,,,,,,,,,,,,,,,,,,,,,,,,,,,,,1,,,,,,,,,,,,,,,,,,,,ROH,,,,,,,,,,,,,,,,,,,,,,,,,,,100.0,,,,,,,,,,,,,,,,,EST,,,,,,,,,,,,,,,,,,,,2022-02-03,08:03:24,,,,,,,,,,,,,,,,,,,,,,,,,,,,,,,,,,,,,,,,,,,,,,,,,,,,,,,,,,,,,,,,,,,,,,,,,,,,,,,,,,,,,,,,U,False,2022-02-03 08:11:42.132231+00:00
250,4500000058,10,,,2022-02-03,Test Material 1,TEST M1,TEST M1,USA1,1000,1001.0,,GRAINS,5300000007.0,,,10.0,KG,KG,1.0,1.0,1.0,1.0,10.0,1.0,100.0,100.0,,2.0,I0,,,B,X,,,,,,,,,,,,,,,0,,,,,X,,X,X,,,,,,,,,,,KG,V1,,,,2022-02-02,F,98.0,,,,,,SAP,10.0,,,,,,,,,,,,4.0,,,,,,,,,,,,,,,,,,,,,,,,,,,,,,,,,,,,,1,,,,,,,,,,,,,,,,,,,,ROH,,,,,,,,,,,,,,,,,,,,,,,,,,,100.0,,,,,,,,,,,,,,,,,EST,,,,,,,,,,,,,,,,,,,,2022-02-03,08:15:07,,,,,,,,,,,,,,,,,,,,,,,,,,,,,,,,,,,,,,,,,,,,,,,,,,,,,,,,,,,,,,,,,,,,,,,,,,,,,,,,,,,,,,,,I,False,2022-02-03 08:15:08.038275+00:00
250,4500000058,10,,,2022-02-03,Test Material 1,TEST M1,TEST M1,USA1,1000,1001.0,,GRAINS,5300000007.0,,,10.0,KG,KG,1.0,1.0,1.0,1.0,10.0,1.0,100.0,100.0,,2.0,I0,,,B,X,,,,,,,,,,,,,X,,0,,,,,X,,X,X,,,,,,,,,,,KG,V1,,,,2022-02-02,F,98.0,,,,,,SAP,10.0,,,,,,,,,,,,4.0,,,,,,,,,,,,,,,,,,,,,,,,,,,,,,,,,,,,,1,,,,,,,,,,,,,,,,,,,,ROH,,,,,,,,,,,,,,,,,,,,,,,,,,,100.0,,,,,,,,,,,,,,,,,EST,,,,,,,,,,,,,,,,,,,,2022-02-03,08:15:07,,,,,,,,,,,,,,,,,,,,,,,,,,,,,,,,,,,,,,,,,,,,,,,,,,,,,,,,,,,,,,,,,,,,,,,,,,,,,,,,,,,,,,,,U,False,2022-02-03 08:17:27.620527+00:00
250,4500000059,10,,,2022-02-03,Test Material 1,TEST M1,TEST M1,USA1,1000,1001.0,,GRAINS,5300000007.0,,,10.0,KG,KG,1.0,1.0,1.0,1.0,10.0,1.0,100.0,100.0,,2.0,I0,,,B,X,,,,,,,,,,,,,,,0,,,,,X,,X,X,,,,,,,,,,,KG,V1,,,,2022-02-03,F,98.0,,,,,,SAP,10.0,,,,,,,,,,,,4.0,,,,,,,,,,,,,,,,,,,,,,,,,,,,,,,,,,,,,1,,,,,,,,,,,,,,,,,,,,ROH,,,,,,,,,,,,,,,,,,,,,,,,,,,100.0,,,,,,,,,,,,,,,,,EST,,,,,,,,,,,,,,,,,,,,2022-02-03,08:25:43,,,,,,,,,,,,,,,,,,,,,,,,,,,,,,,,,,,,,,,,,,,,,,,,,,,,,,,,,,,,,,,,,,,,,,,,,,,,,,,,,,,,,,,,I,False,2022-02-03 08:25:44.564902+00:00
250,4500000060,10,,,2022-02-03,Test Material 1,TEST M1,TEST M1,USA1,1000,1001.0,,GRAINS,5300000007.0,,,10.0,KG,KG,1.0,1.0,1.0,1.0,10.0,1.0,100.0,100.0,,2.0,I0,,,B,X,,,,,,,,,,,,,,,0,,,,,X,,X,X,,,,,,,,,,,KG,V1,,,,2022-02-03,F,98.0,,,,,,SAP,10.0,,,,,,,,,,,,4.0,,,,,,,,,,,,,,,,,,,,,,,,,,,,,,,,,,,,,1,,,,,,,,,,,,,,,,,,,,ROH,,,,,,,,,,,,,,,,,,,,,,,,,,,100.0,,,,,,,,,,,,,,,,,EST,,,,,,,,,,,,,,,,,,,,2022-02-03,08:27:22,,,,,,,,,,,,,,,,,,,,,,,,,,,,,,,,,,,,,,,,,,,,,,,,,,,,,,,,,,,,,,,,,,,,,,,,,,,,,,,,,,,,,,,,I,False,2022-02-03 08:27:23.274208+00:00
250,4500000059,10,,,2022-02-03,Test Material 1,TEST M1,TEST M1,USA1,1000,1001.0,,GRAINS,5300000007.0,,,10.0,KG,KG,1.0,1.0,1.0,1.0,10.0,1.0,100.0,100.0,,2.0,I0,,,B,X,,,,,,,,,,,,,X,,0,,,,,X,,X,X,,,,,,,,,,,KG,V1,,,,2022-02-03,F,98.0,,,,,,SAP,10.0,,,,,,,,,,,,4.0,,,,,,,,,,,,,,,,,,,,,,,,,,,,,,,,,,,,,1,,,,,,,,,,,,,,,,,,,,ROH,,,,,,,,,,,,,,,,,,,,,,,,,,,100.0,,,,,,,,,,,,,,,,,EST,,,,,,,,,,,,,,,,,,,,2022-02-03,08:25:43,,,,,,,,,,,,,,,,,,,,,,,,,,,,,,,,,,,,,,,,,,,,,,,,,,,,,,,,,,,,,,,,,,,,,,,,,,,,,,,,,,,,,,,,U,False,2022-02-03 08:28:03.853018+00:00
250,4500000064,10,,,2022-02-03,Test Material 1,TEST M1,TEST M1,USA1,1000,1001.0,,GRAINS,5300000007.0,,,10.0,KG,KG,1.0,1.0,1.0,1.0,10.0,1.0,100.0,100.0,,2.0,I0,,,B,X,,,,,,,,,,,,,,,0,,,,,X,,X,X,,,,,,,,,,,KG,V1,,,,2022-02-03,F,98.0,,,,,,SAP,10.0,,,,,,,,,,,,4.0,,,,,,,,,,,,,,,,,,,,,,,,,,,,,,,,,,,,,1,,,,,,,,,,,,,,,,,,,,ROH,,,,,,,,,,,,,,,,,,,,,,,,,,,100.0,,,,,,,,,,,,,,,,,EST,,,,,,,,,,,,,,,,,,,,2022-02-03,13:01:39,,,,,,,,,,,,,,,,,,,,,,,,,,,,,,,,,,,,,,,,,,,,,,,,,,,,,,,,,,,,,,,,,,,,,,,,,,,,,,,,,,,,,,,,I,False,2022-02-03 13:01:40.934606+00:00
250,4500000065,10,,,2022-02-03,Test Material 1,TEST M1,TEST M1,USA1,1000,1001.0,,GRAINS,5300000007.0,,,10.0,KG,KG,1.0,1.0,1.0,1.0,10.0,1.0,100.0,100.0,,2.0,I0,,,B,X,,,,,,,,,,,,,,,0,,,,,X,,X,X,,,,,,,,,,,KG,V1,,,,2022-02-03,F,98.0,,,,,,SAP,10.0,,,,,,,,,,,,4.0,,,,,,,,,,,,,,,,,,,,,,,,,,,,,,,,,,,,,1,,,,,,,,,,,,,,,,,,,,ROH,,,,,,,,,,,,,,,,,,,,,,,,,,,100.0,,,,,,,,,,,,,,,,,EST,,,,,,,,,,,,,,,,,,,,2022-02-03,13:02:12,,,,,,,,,,,,,,,,,,,,,,,,,,,,,,,,,,,,,,,,,,,,,,,,,,,,,,,,,,,,,,,,,,,,,,,,,,,,,,,,,,,,,,,,I,False,2022-02-03 13:02:13.888598+00:00
250,4500000021,10,L,,2022-02-25,Test Material 1,TEST M1,TEST M1,USA1,1000,1001.0,,GRAINS,5300000007.0,,,10.0,KG,KG,1.0,1.0,1.0,1.0,10.0,1.0,100.0,100.0,,2.0,I0,,,B,X,,,,,,,,,,,,,X,,0,,,,,X,,X,X,,,,,,,,,,,KG,V1,,,,2020-01-01,F,98.0,,,,,,SAP,10.0,,,,,,,,,,,,4.0,,,,,,,,,,,,,,,,,,,,,,,,,,,,,,,,,,,,,1,,,,,,,,,,,,,,,,,,,,ROH,,,,,,,,,,,,,,,,,,,,,,,,,,,100.0,,,,,,,,,,,,,,,,,EST,,,,,,,,,,,,,,,,,,,,2022-01-25,09:03:07,,,,,,,,,,,,,,,,,,,,,,,,,,,,,,,,,,,,,,,,,,,,,,,,,,,,,,,,,,,,,,,,,,,,,,,,,,,,,,,,,,,,,,,,U,False,2022-02-25 11:13:44.250079+00:00
250,4500000032,10,L,,2022-02-25,Test Material 1,TEST M1,TEST M1,USA1,1000,1001.0,,GRAINS,5300000007.0,,,10.0,KG,KG,1.0,1.0,1.0,1.0,10.0,1.0,100.0,100.0,,2.0,I0,,,B,X,,,,,,,,,,,,,,,0,,,,,X,,X,X,,,,,,,,,,,KG,V1,,,,2022-02-01,F,98.0,,,,,,SAP,10.0,,,,,,,,,,,,4.0,,,,,,,,,,,,,,,,,,,,,X,,,,,,,,,,,,,,,,1,,,,,,,,,,,,,,,,,,,,ROH,,,,,,,,,,,,,,,,,,,,,,,,,,,100.0,,,,,,,,,,,,,,,,,EST,,,,,,,,,,,,,,,,,,,,2022-02-01,13:24:28,,,,,,,,,,,,,,,,,,,,,,,,,,,,,,,,,,,,,,,,,,,,,,,,,,,,,,,,,,,,,,,,,,,,,,,,,,,,,,,,,,,,,,,,U,False,2022-02-25 11:13:44.250079+00:00
250,4500000047,10,L,,2022-02-25,Test Material 1,TEST M1,TEST M1,USA1,1000,1001.0,,GRAINS,5300000007.0,,,10.0,KG,KG,1.0,1.0,1.0,1.0,10.0,1.0,100.0,100.0,,2.0,I0,,,B,X,,,,,,,,,,,,,,,0,,,,,X,,X,X,,,,,,,,,,,KG,V1,,,,2022-02-19,F,98.0,,,,,,SAP,10.0,,,,,,,,,,,,4.0,,,,,,,,,,,,,,,,,,,,,X,,,,,,,,,,,,,,,,1,,,,,,,,,,,,,,,,,,,,ROH,,,,,,,,,,,,,,,,,,,,,,,,,,,100.0,,,,,,,,,,,,,,,,,EST,,,,,,,,,,,,,,,,,,,,2022-02-02,09:41:31,,,,,,,,,,,,,,,,,,,,,,,,,,,,,,,,,,,,,,,,,,,,,,,,,,,,,,,,,,,,,,,,,,,,,,,,,,,,,,,,,,,,,,,,U,False,2022-02-25 11:13:44.250079+00:00
250,4500000050,10,L,,2022-02-25,Test Material 1,TEST M1,TEST M1,USA1,1000,1001.0,,GRAINS,5300000007.0,,,10.0,KG,KG,1.0,1.0,1.0,1.0,10.0,1.0,100.0,100.0,,2.0,I0,,,B,X,,,,,,,,,,,,,,,0,,,,,X,,X,X,,,,,,,,,,,KG,V1,,,,2022-02-02,F,98.0,,,,,,SAP,10.0,,,,,,,,,,,,4.0,,,,,,,,,,,,,,,,,,,,,X,,,,,,,,,,,,,,,,1,,,,,,,,,,,,,,,,,,,,ROH,,,,,,,,,,,,,,,,,,,,,,,,,,,100.0,,,,,,,,,,,,,,,,,EST,,,,,,,,,,,,,,,,,,,,2022-02-03,06:05:11,,,,,,,,,,,,,,,,,,,,,,,,,,,,,,,,,,,,,,,,,,,,,,,,,,,,,,,,,,,,,,,,,,,,,,,,,,,,,,,,,,,,,,,,U,False,2022-02-25 11:13:44.250079+00:00
250,4500000060,10,L,,2022-02-25,Test Material 1,TEST M1,TEST M1,USA1,1000,1001.0,,GRAINS,5300000007.0,,,10.0,KG,KG,1.0,1.0,1.0,1.0,10.0,1.0,100.0,100.0,,2.0,I0,,,B,X,,,,,,,,,,,,,,,0,,,,,X,,X,X,,,,,,,,,,,KG,V1,,,,2022-02-03,F,98.0,,,,,,SAP,10.0,,,,,,,,,,,,4.0,,,,,,,,,,,,,,,,,,,,,X,,,,,,,,,,,,,,,,1,,,,,,,,,,,,,,,,,,,,ROH,,,,,,,,,,,,,,,,,,,,,,,,,,,100.0,,,,,,,,,,,,,,,,,EST,,,,,,,,,,,,,,,,,,,,2022-02-03,08:27:22,,,,,,,,,,,,,,,,,,,,,,,,,,,,,,,,,,,,,,,,,,,,,,,,,,,,,,,,,,,,,,,,,,,,,,,,,,,,,,,,,,,,,,,,U,False,2022-02-25 11:13:44.250079+00:00
250,4500001194,10,,,2022-02-25,Test Material 1,TEST M1,TEST M1,USA1,1000,1001.0,,GRAINS,5300000007.0,,,10.0,KG,KG,1.0,1.0,1.0,1.0,10.0,1.0,100.0,100.0,,2.0,I0,,,B,X,,,,,,,,,,,,,,,0,,,,,X,,X,X,,,,,,,,,,,KG,V1,,,,2022-02-25,F,98.0,,,,,,SAP,10.0,,,,,,,,,,,,4.0,,,,,,,,,,,,,CFR,Cost and Freight,,,,,,,,,,,,,,,,,,,,,,,1,,,,,,,,,,,,,,,,,,,,ROH,,,,,,,,,,,,,,,,,,,,,,,,,,,100.0,,,,,,,,,,,,,,,,,EST,,,,,,,,,,,,,,,,,,,,2022-02-25,10:15:51,,,,,,,,,,,,,,,,,,,,,,,,,,,,,,,,,,,,,,,,,,,,,,,,,,,,,,,,,,,,,,,,,,,,,,,,,,,,,,,,,,,,,,,,I,False,2022-02-25 10:15:52.239472+00:00
250,4500001194,10,,,2022-02-25,Test Material 1,TEST M1,TEST M1,USA1,1000,1001.0,,GRAINS,5300000007.0,,,10.0,KG,KG,1.0,1.0,1.0,1.0,10.0,1.0,100.0,100.0,,2.0,I0,,,B,X,,,,,,,,,,,,,X,,0,,,,,X,,X,X,,,,,,,,,,,KG,V1,,,,2022-02-25,F,98.0,,,,,,SAP,10.0,,,,,,,,,,,,4.0,,,,,,,,,,,,,CFR,Cost and Freight,,,,,,,,,,,,,,,,,,,,,,,1,,,,,,,,,,,,,,,,,,,,ROH,,,,,,,,,,,,,,,,,,,,,,,,,,,100.0,,,,,,,,,,,,,,,,,EST,,,,,,,,,,,,,,,,,,,,2022-02-25,10:15:51,,,,,,,,,,,,,,,,,,,,,,,,,,,,,,,,,,,,,,,,,,,,,,,,,,,,,,,,,,,,,,,,,,,,,,,,,,,,,,,,,,,,,,,,U,False,2022-02-25 10:17:58.236302+00:00
250,4500001194,10,,,2022-02-25,Test Material 1,TEST M1,TEST M1,USA1,1000,1001.0,,GRAINS,5300000007.0,,,10.0,KG,KG,1.0,1.0,1.0,1.0,10.0,1.0,100.0,100.0,,2.0,I0,,,B,X,,,,,,,,,,,,,X,,0,,,,,X,,X,X,,,,,,,,,,,KG,V2,,,,2022-02-25,F,98.0,,,,,,SAP,10.0,,,,,,,,,,,,4.0,,,,,,,,,,,,,CFR,Cost and Freight,,,,,,,,,,,,,,,,,,,,,,,1,,,,,,,,,,,,,,,,,,,,ROH,,,,,,,,,,,,,,,,,,,,,,,,,,,100.0,,,,,,,,,,,,,,,,,EST,,,,,,,,,,,,,,,,,,,,2022-02-25,10:15:51,,,,,,,,,,,,,,,,,,,,,,,,,,,,,,,,,,,,,,,,,,,,,,,,,,,,,,,,,,,,,,,,,,,,,,,,,,,,,,,,,,,,,,,,U,False,2022-02-25 11:11:16.105496+00:00
250,4500001195,10,,,2022-02-25,Test Material 1,TEST M1,TEST M1,USA1,1000,1001.0,,GRAINS,5300000007.0,,,20.0,KG,KG,1.0,1.0,1.0,1.0,10.0,1.0,200.0,200.0,,2.0,I0,,,B,X,,,,,,,,,,,,,,,0,,,,,X,,X,X,,,,,,,,,,,KG,V1,,,,2022-02-25,F,196.0,,,,,,SAP,10.0,,,,,,,,,,,,4.0,,,,,,,,,,,,,CFR,Cost and Freight,,,,,,,,,,,,,,,,,,,,,,,1,,,,,,,,,,,,,,,,,,,,ROH,,,,,,,,,,,,,,,,,,,,,,,,,,,200.0,,,,,,,,,,,,,,,,,EST,,,,,,,,,,,,,,,,,,,,2022-02-25,11:32:41,,,,,,,,,,,,,,,,,,,,,,,,,,,,,,,,,,,,,,,,,,,,,,,,,,,,,,,,,,,,,,,,,,,,,,,,,,,,,,,,,,,,,,,,I,False,2022-02-25 11:32:42.980134+00:00
250,4500001196,10,,,2022-03-02,Test Material 1,TEST M1,TEST M1,USA1,1000,1001.0,,GRAINS,5300000007.0,,,1.0,KG,KG,1.0,1.0,1.0,1.0,10.0,1.0,10.0,10.0,,2.0,I0,,,B,X,,,,,,,,,,,,,,,0,,,,,X,,X,X,,,,,,,,,,,KG,V1,,,,2022-03-01,F,9.8,,,,,,SAP,10.0,,,,,,,,,,,,4.0,,,,,,,,,,,,,CFR,Cost and Freight,,,,,,,,,,,,,,,,,,,,,,,1,,,,,,,,,,,,,,,,,,,,ROH,,,,,,,,,,,,,,,,,,,,,,,,,,,10.0,,,,,,,,,,,,,,,,,EST,,,,,,,,,,,,,,,,,,,,2022-03-02,06:19:31,,,,,,,,,,,,,,,,,,,,,,,,,,,,,,,,,,,,,,,,,,,,,,,,,,,,,,,,,,,,,,,,,,,,,,,,,,,,,,,,,,,,,,,,I,False,2022-03-02 06:19:33.291597+00:00
250,4500000044,10,,,2022-02-02,Test Material 1,TEST M1,TEST M1,EU01,2000,2001.0,,GRAINS,5300000025.0,,,30.0,KG,KG,1.0,1.0,1.0,1.0,80.0,1.0,2400.0,2400.0,,2.0,V0,,,C,X,,,,,,,,,,,,,,,0,,,,,X,,X,X,,,,,,,,,,,KG,,,,,2022-02-26,F,2352.0,,,,,,SAP,,,,,,,,,,,,,,,,,,,,,,,,,,,,,,,,,,,,,,,,,,,,,,,,,,1,,,,,,,,,,,,,,,,,,,,ROH,,,,,,,,,,,,,,,,,,,,,,,,,,,2400.0,,,,,,,,,,,,,,,,,EST,,,,,,,,,,,,,,,,,,,,2022-02-02,09:28:19,,,,,,,,,,,,,,,,,,,,,,,,,,,,,,,,,,,,,,,,,,,,,,,,,,,,,,,,,,,,,,,,,,,,,,,,,,,,,,,,,,,,,,,,I,False,2022-02-02 09:28:19.660259+00:00
250,4500000044,10,,,2022-02-25,Test Material 1,TEST M1,TEST M1,EU01,2000,2001.0,,GRAINS,5300000025.0,,,30.0,KG,KG,1.0,1.0,1.0,1.0,80.0,1.0,2400.0,2400.0,,2.0,V0,,,C,X,,,,,,,,,,,,,,,0,,,,,X,,X,X,,,,,,,,,,,KG,V1,,,,2022-02-26,F,2352.0,,,,,,SAP,,,,,,,,,,,,,,,,,,,,,,,,,,,,,,,,,,,,,,,,,,,,,,,,,,1,,,,,,,,,,,,,,,,,,,,ROH,,,,,,,,,,,,,,,,,,,,,,,,,,,2400.0,,,,,,,,,,,,,,,,,EST,,,,,,,,,,,,,,,,,,,,2022-02-02,09:28:19,,,,,,,,,,,,,,,,,,,,,,,,,,,,,,,,,,,,,,,,,,,,,,,,,,,,,,,,,,,,,,,,,,,,,,,,,,,,,,,,,,,,,,,,U,False,2022-02-25 11:09:13.181906+00:00
250,4500000044,10,L,,2022-02-25,Test Material 1,TEST M1,TEST M1,EU01,2000,2001.0,,GRAINS,5300000025.0,,,30.0,KG,KG,1.0,1.0,1.0,1.0,80.0,1.0,2400.0,2400.0,,2.0,V0,,,C,X,,,,,,,,,,,,,,,0,,,,,X,,X,X,,,,,,,,,,,KG,V1,,,,2022-02-26,F,2352.0,,,,,,SAP,,,,,,,,,,,,,,,,,,,,,,,,,,,,,,,,,,X,,,,,,,,,,,,,,,,1,,,,,,,,,,,,,,,,,,,,ROH,,,,,,,,,,,,,,,,,,,,,,,,,,,2400.0,,,,,,,,,,,,,,,,,EST,,,,,,,,,,,,,,,,,,,,2022-02-02,09:28:19,,,,,,,,,,,,,,,,,,,,,,,,,,,,,,,,,,,,,,,,,,,,,,,,,,,,,,,,,,,,,,,,,,,,,,,,,,,,,,,,,,,,,,,,U,False,2022-02-25 11:13:44.250079+00:00
250,4500000016,10,,,2022-01-24,Test Material 1,TEST M1,TEST M1,EU01,2000,2001.0,,GRAINS,5300000006.0,,,10.0,KG,KG,1.0,1.0,1.0,1.0,80.0,1.0,800.0,800.0,,2.0,V0,,,B,X,,,,,,,,,,,,,X,,0,,,,,X,,X,X,,,,,,,,,,,KG,V1,,,,2022-01-24,F,784.0,,,,,,SAP,10.0,,,,,,,,,,,,4.0,,,,,,,,,,,,,,,,,,,,,,,,,,,,,,,,,,,,,1,,,,,,,,,,,,,,,,,,,,ROH,,,,,,,,,,,,,,,,,,,,,,,,,,,800.0,,,,,,,,,,,,,,,,,EST,,,,,,,,,,,,,,,,,,,,2022-01-24,13:27:31,,,,,,,,,,,,,,,,,,,,,,,,,,,,,,,,,,,,,,,,,,,,,,,,,,,,,,,,,,,,,,,,,,,,,,,,,,,,,,,,,,,,,,,,L,False,2022-01-31 20:42:02.329876+00:00
250,4500000017,10,,,2022-01-24,Test Material 1,TEST M1,TEST M1,EU01,2000,2001.0,,GRAINS,5300000006.0,,,10.0,KG,KG,1.0,1.0,1.0,1.0,80.0,1.0,800.0,800.0,,2.0,V0,,,B,X,,,,,,,,,,,,,X,,0,,,,,X,,X,X,,,,,,,,,,,KG,V1,,,,2022-01-24,F,784.0,,,,,,SAP,10.0,,,,,,,,,,,,4.0,,,,,,,,,,,,,,,,,,,,,,,,,,,,,,,,,,,,,1,,,,,,,,,,,,,,,,,,,,ROH,,,,,,,,,,,,,,,,,,,,,,,,,,,800.0,,,,,,,,,,,,,,,,,EST,,,,,,,,,,,,,,,,,,,,2022-01-24,14:21:11,,,,,,,,,,,,,,,,,,,,,,,,,,,,,,,,,,,,,,,,,,,,,,,,,,,,,,,,,,,,,,,,,,,,,,,,,,,,,,,,,,,,,,,,L,False,2022-01-31 20:42:02.329876+00:00
250,4500000025,10,,,2022-01-27,Test Material 1,TEST M1,TEST M1,EU01,2000,2001.0,,GRAINS,5300000006.0,,,2.0,KG,KG,1.0,1.0,1.0,1.0,80.0,1.0,160.0,160.0,,,V0,,,,X,,,,,,,,,,,,,X,,0,,,,,X,,X,X,,,,,,,,,,,KG,V1,,,,2022-01-27,F,156.8,,,,,,SAP,10.0,,,,,,,,,,,,,,,,,,,,,,,,,,,,,,,,,,,,,,,,,,,,,,,,,1,,,,,,,,,,,,,,,,,,,,ROH,,,,,,,,,,,,X,,,,,,,,,,,,,,,160.0,,,,,,,,,,,,,,,,,EST,,,,,,,,,,,,,,,,,,,,2022-01-27,10:30:06,,,,,,,,,,,,,,,,,,,,,,,,,,,,,,,,,,,,,,,,,,,,,,,,,,,,,,,,,,,,,,,,,,,,,,,,,,,,,,,,,,,,,,,,L,False,2022-01-31 20:42:02.329876+00:00
250,4500000028,10,,,2022-01-28,Test Material 1,TEST M1,TEST M1,EU01,2000,2001.0,,GRAINS,5300000006.0,,,10.0,KG,KG,1.0,1.0,1.0,1.0,80.0,1.0,800.0,800.0,,2.0,V0,,,B,X,,,,,,,,,,,,,,,0,,,,,X,,X,X,,,,,,,,,,,KG,V1,,,,2022-01-28,F,784.0,,,,,,SAP,10.0,,,,,,,,,,,,4.0,,,,,,,,,,,,,,,,,,,,,,,,,,,,,,,,,,,,,1,,,,,,,,,,,,,,,,,,,,ROH,,,,,,,,,,,,,,,,,,,,,,,,,,,800.0,,,,,,,,,,,,,,,,,EST,,,,,,,,,,,,,,,,,,,,2022-01-28,10:07:02,,,,,,,,,,,,,,,,,,,,,,,,,,,,,,,,,,,,,,,,,,,,,,,,,,,,,,,,,,,,,,,,,,,,,,,,,,,,,,,,,,,,,,,,L,False,2022-01-31 20:42:02.329876+00:00
250,4500000043,10,,,2022-02-02,Test Material 1,TEST M1,TEST M1,EU01,2000,2001.0,,GRAINS,5300000006.0,,,20.0,KG,KG,1.0,1.0,1.0,1.0,80.0,1.0,1600.0,1600.0,,2.0,V0,,,B,X,,,,,,,,,,,,,,,0,,,,,X,,X,X,,,,,,,,,,,KG,V1,,,,2022-02-25,F,1568.0,,,,,,SAP,10.0,,,,,,,,,,,,4.0,,,,,,,,,,,,,,,,,,,,,,,,,,,,,,,,,,,,,1,,,,,,,,,,,,,,,,,,,,ROH,,,,,,,,,,,,,,,,,,,,,,,,,,,1600.0,,,,,,,,,,,,,,,,,EST,,,,,,,,,,,,,,,,,,,,2022-02-02,09:28:18,,,,,,,,,,,,,,,,,,,,,,,,,,,,,,,,,,,,,,,,,,,,,,,,,,,,,,,,,,,,,,,,,,,,,,,,,,,,,,,,,,,,,,,,I,False,2022-02-02 09:28:19.660259+00:00
250,4500000048,10,,,2022-02-02,Test Material 1,TEST M1,TEST M1,EU01,2000,2001.0,,GRAINS,5300000006.0,,,10.0,KG,KG,1.0,1.0,1.0,1.0,80.0,1.0,800.0,800.0,,2.0,V0,,,B,X,,,,,,,,,,,,,,,0,,,,,X,,X,X,,,,,,,,,,,KG,V1,,,,2022-02-24,F,784.0,,,,,,SAP,10.0,,,,,,,,,,,,4.0,,,,,,,,,,,,,,,,,,,,,,,,,,,,,,,,,,,,,1,,,,,,,,,,,,,,,,,,,,ROH,,,,,,,,,,,,,,,,,,,,,,,,,,,800.0,,,,,,,,,,,,,,,,,EST,,,,,,,,,,,,,,,,,,,,2022-02-02,09:41:31,,,,,,,,,,,,,,,,,,,,,,,,,,,,,,,,,,,,,,,,,,,,,,,,,,,,,,,,,,,,,,,,,,,,,,,,,,,,,,,,,,,,,,,,I,False,2022-02-02 09:41:32.620434+00:00
250,4500000066,10,,,2022-02-03,Test Material 1,TEST M1,TEST M1,EU01,2000,2001.0,,GRAINS,5300000006.0,,,20.0,KG,KG,1.0,1.0,1.0,1.0,80.0,1.0,1600.0,1600.0,,2.0,V0,,,B,X,,,,,,,,,,,,,,,0,,,,,X,,X,X,,,,,,,,,,,KG,V1,,,,2022-02-03,F,1568.0,,,,,,SAP,10.0,,,,,,,,,,,,4.0,,,,,,,,,,,,,,,,,,,,,,,,,,,,,,,,,,,,,1,,,,,,,,,,,,,,,,,,,,ROH,,,,,,,,,,,,,,,,,,,,,,,,,,,1600.0,,,,,,,,,,,,,,,,,EST,,,,,,,,,,,,,,,,,,,,2022-02-03,13:02:36,,,,,,,,,,,,,,,,,,,,,,,,,,,,,,,,,,,,,,,,,,,,,,,,,,,,,,,,,,,,,,,,,,,,,,,,,,,,,,,,,,,,,,,,I,False,2022-02-03 13:02:38.211608+00:00
250,4500000016,10,L,,2022-02-25,Test Material 1,TEST M1,TEST M1,EU01,2000,2001.0,,GRAINS,5300000006.0,,,10.0,KG,KG,1.0,1.0,1.0,1.0,80.0,1.0,800.0,800.0,,2.0,V0,,,B,X,,,,,,,,,,,,,X,,0,,,,,X,,X,X,,,,,,,,,,,KG,V1,,,,2022-01-24,F,784.0,,,,,,SAP,10.0,,,,,,,,,,,,4.0,,,,,,,,,,,,,,,,,,,,,,,,,,,,,,,,,,,,,1,,,,,,,,,,,,,,,,,,,,ROH,,,,,,,,,,,,,,,,,,,,,,,,,,,800.0,,,,,,,,,,,,,,,,,EST,,,,,,,,,,,,,,,,,,,,2022-01-24,13:27:31,,,,,,,,,,,,,,,,,,,,,,,,,,,,,,,,,,,,,,,,,,,,,,,,,,,,,,,,,,,,,,,,,,,,,,,,,,,,,,,,,,,,,,,,U,False,2022-02-25 11:13:44.250079+00:00
250,4500000017,10,L,,2022-02-25,Test Material 1,TEST M1,TEST M1,EU01,2000,2001.0,,GRAINS,5300000006.0,,,10.0,KG,KG,1.0,1.0,1.0,1.0,80.0,1.0,800.0,800.0,,2.0,V0,,,B,X,,,,,,,,,,,,,X,,0,,,,,X,,X,X,,,,,,,,,,,KG,V1,,,,2022-01-24,F,784.0,,,,,,SAP,10.0,,,,,,,,,,,,4.0,,,,,,,,,,,,,,,,,,,,,,,,,,,,,,,,,,,,,1,,,,,,,,,,,,,,,,,,,,ROH,,,,,,,,,,,,,,,,,,,,,,,,,,,800.0,,,,,,,,,,,,,,,,,EST,,,,,,,,,,,,,,,,,,,,2022-01-24,14:21:11,,,,,,,,,,,,,,,,,,,,,,,,,,,,,,,,,,,,,,,,,,,,,,,,,,,,,,,,,,,,,,,,,,,,,,,,,,,,,,,,,,,,,,,,U,False,2022-02-25 11:13:44.250079+00:00
250,4500000025,10,L,,2022-02-25,Test Material 1,TEST M1,TEST M1,EU01,2000,2001.0,,GRAINS,5300000006.0,,,2.0,KG,KG,1.0,1.0,1.0,1.0,80.0,1.0,160.0,160.0,,,V0,,,,X,,,,,,,,,,,,,X,,0,,,,,X,,X,X,,,,,,,,,,,KG,V1,,,,2022-01-27,F,156.8,,,,,,SAP,10.0,,,,,,,,,,,,,,,,,,,,,,,,,,,,,,,,,,,,,,,,,,,,,,,,,1,,,,,,,,,,,,,,,,,,,,ROH,,,,,,,,,,,,X,,,,,,,,,,,,,,,160.0,,,,,,,,,,,,,,,,,EST,,,,,,,,,,,,,,,,,,,,2022-01-27,10:30:06,,,,,,,,,,,,,,,,,,,,,,,,,,,,,,,,,,,,,,,,,,,,,,,,,,,,,,,,,,,,,,,,,,,,,,,,,,,,,,,,,,,,,,,,U,False,2022-02-25 11:13:44.250079+00:00
250,4500000028,10,L,,2022-02-25,Test Material 1,TEST M1,TEST M1,EU01,2000,2001.0,,GRAINS,5300000006.0,,,10.0,KG,KG,1.0,1.0,1.0,1.0,80.0,1.0,800.0,800.0,,2.0,V0,,,B,X,,,,,,,,,,,,,,,0,,,,,X,,X,X,,,,,,,,,,,KG,V1,,,,2022-01-28,F,784.0,,,,,,SAP,10.0,,,,,,,,,,,,4.0,,,,,,,,,,,,,,,,,,,,,X,,,,,,,,,,,,,,,,1,,,,,,,,,,,,,,,,,,,,ROH,,,,,,,,,,,,,,,,,,,,,,,,,,,800.0,,,,,,,,,,,,,,,,,EST,,,,,,,,,,,,,,,,,,,,2022-01-28,10:07:02,,,,,,,,,,,,,,,,,,,,,,,,,,,,,,,,,,,,,,,,,,,,,,,,,,,,,,,,,,,,,,,,,,,,,,,,,,,,,,,,,,,,,,,,U,False,2022-02-25 11:13:44.250079+00:00
250,4500000043,10,L,,2022-02-25,Test Material 1,TEST M1,TEST M1,EU01,2000,2001.0,,GRAINS,5300000006.0,,,20.0,KG,KG,1.0,1.0,1.0,1.0,80.0,1.0,1600.0,1600.0,,2.0,V0,,,B,X,,,,,,,,,,,,,,,0,,,,,X,,X,X,,,,,,,,,,,KG,V1,,,,2022-02-25,F,1568.0,,,,,,SAP,10.0,,,,,,,,,,,,4.0,,,,,,,,,,,,,,,,,,,,,X,,,,,,,,,,,,,,,,1,,,,,,,,,,,,,,,,,,,,ROH,,,,,,,,,,,,,,,,,,,,,,,,,,,1600.0,,,,,,,,,,,,,,,,,EST,,,,,,,,,,,,,,,,,,,,2022-02-02,09:28:18,,,,,,,,,,,,,,,,,,,,,,,,,,,,,,,,,,,,,,,,,,,,,,,,,,,,,,,,,,,,,,,,,,,,,,,,,,,,,,,,,,,,,,,,U,False,2022-02-25 11:13:44.250079+00:00
250,4500000048,10,L,,2022-02-25,Test Material 1,TEST M1,TEST M1,EU01,2000,2001.0,,GRAINS,5300000006.0,,,10.0,KG,KG,1.0,1.0,1.0,1.0,80.0,1.0,800.0,800.0,,2.0,V0,,,B,X,,,,,,,,,,,,,,,0,,,,,X,,X,X,,,,,,,,,,,KG,V1,,,,2022-02-24,F,784.0,,,,,,SAP,10.0,,,,,,,,,,,,4.0,,,,,,,,,,,,,,,,,,,,,X,,,,,,,,,,,,,,,,1,,,,,,,,,,,,,,,,,,,,ROH,,,,,,,,,,,,,,,,,,,,,,,,,,,800.0,,,,,,,,,,,,,,,,,EST,,,,,,,,,,,,,,,,,,,,2022-02-02,09:41:31,,,,,,,,,,,,,,,,,,,,,,,,,,,,,,,,,,,,,,,,,,,,,,,,,,,,,,,,,,,,,,,,,,,,,,,,,,,,,,,,,,,,,,,,U,False,2022-02-25 11:13:44.250079+00:00
250,4500038577,10,,,2022-03-21,water,000000006666666719,000000006666666719,USA1,1000,1001.0,,COOKING,5300001890.0,,,3934377.0,L,L,1.0,1.0,1.0,1.0,1.0,1.0,3934377.0,3934377.0,,,I0,,,C,X,,,,,,,,,,,,,,,0,,,,,X,,X,X,,,,,,,,,,,L,V1,,,,2019-09-30,F,3855689.46,,,,,,SAP,10.0,1.0,KG,,,,,,,,,,4.0,,,,,,,,,,,,,CFR,Cost & Freight,,,,,,,,,,,,,,,,,,,,,,,1,,,,,,,,,,,,,,,,,,,,ROH,,,,,,,,,,,,,,,,,,,,,,,,,,,3934377.0,,,,,,,,,,,,,,,,,EST,,,,,,,,,,,,,,,,,,,,2022-03-21,07:12:42,,,,,,,,,,,,,,,,,,,,,,,,,,,,,,,,,,,,,,,,,,,,,,,,,,,,,,,,,,,,,,,,,,,,,,,,,,,,,,,,,,,,,,,,I,False,2022-03-21 07:13:26.305163+00:00
250,4500038578,10,,,2022-03-21,water,000000006666666719,000000006666666719,USA1,1000,1001.0,,COOKING,5300001890.0,,,3131938.0,L,L,1.0,1.0,1.0,1.0,1.0,1.0,3131938.0,3131938.0,,,I0,,,C,X,,,,,,,,,,,,,,,0,,,,,X,,X,X,,,,,,,,,,,L,V1,,,,2019-09-30,F,3069299.24,,,,,,SAP,10.0,1.0,KG,,,,,,,,,,4.0,,,,,,,,,,,,,CFR,Cost & Freight,,,,,,,,,,,,,,,,,,,,,,,1,,,,,,,,,,,,,,,,,,,,ROH,,,,,,,,,,,,,,,,,,,,,,,,,,,3131938.0,,,,,,,,,,,,,,,,,EST,,,,,,,,,,,,,,,,,,,,2022-03-21,07:12:42,,,,,,,,,,,,,,,,,,,,,,,,,,,,,,,,,,,,,,,,,,,,,,,,,,,,,,,,,,,,,,,,,,,,,,,,,,,,,,,,,,,,,,,,I,False,2022-03-21 07:13:26.305163+00:00
250,4500038579,10,,,2022-03-21,water,000000006666666719,000000006666666719,USA1,1000,1001.0,,COOKING,5300001890.0,,,5492495.0,L,L,1.0,1.0,1.0,1.0,1.0,1.0,5492495.0,5492495.0,,,I0,,,C,X,,,,,,,,,,,,,,,0,,,,,X,,X,X,,,,,,,,,,,L,V1,,,,2019-10-31,F,5382645.1,,,,,,SAP,10.0,1.0,KG,,,,,,,,,,4.0,,,,,,,,,,,,,CFR,Cost & Freight,,,,,,,,,,,,,,,,,,,,,,,1,,,,,,,,,,,,,,,,,,,,ROH,,,,,,,,,,,,,,,,,,,,,,,,,,,5492495.0,,,,,,,,,,,,,,,,,EST,,,,,,,,,,,,,,,,,,,,2022-03-21,07:12:42,,,,,,,,,,,,,,,,,,,,,,,,,,,,,,,,,,,,,,,,,,,,,,,,,,,,,,,,,,,,,,,,,,,,,,,,,,,,,,,,,,,,,,,,I,False,2022-03-21 07:13:26.305163+00:00
250,4500038580,10,,,2022-03-21,water,000000006666666719,000000006666666719,USA1,1000,1001.0,,COOKING,5300001890.0,,,5862455.0,L,L,1.0,1.0,1.0,1.0,1.0,1.0,5862455.0,5862455.0,,,I0,,,C,X,,,,,,,,,,,,,,,0,,,,,X,,X,X,,,,,,,,,,,L,V1,,,,2019-10-31,F,5745205.9,,,,,,SAP,10.0,1.0,KG,,,,,,,,,,4.0,,,,,,,,,,,,,CFR,Cost & Freight,,,,,,,,,,,,,,,,,,,,,,,1,,,,,,,,,,,,,,,,,,,,ROH,,,,,,,,,,,,,,,,,,,,,,,,,,,5862455.0,,,,,,,,,,,,,,,,,EST,,,,,,,,,,,,,,,,,,,,2022-03-21,07:12:43,,,,,,,,,,,,,,,,,,,,,,,,,,,,,,,,,,,,,,,,,,,,,,,,,,,,,,,,,,,,,,,,,,,,,,,,,,,,,,,,,,,,,,,,I,False,2022-03-21 07:13:26.305163+00:00
250,4500038581,10,,,2022-03-21,water,000000006666666719,000000006666666719,USA1,1000,1001.0,,COOKING,5300001890.0,,,5680702.0,L,L,1.0,1.0,1.0,1.0,1.0,1.0,5680702.0,5680702.0,,,I0,,,C,X,,,,,,,,,,,,,,,0,,,,,X,,X,X,,,,,,,,,,,L,V1,,,,2019-09-30,F,5567087.96,,,,,,SAP,10.0,1.0,KG,,,,,,,,,,4.0,,,,,,,,,,,,,CFR,Cost & Freight,,,,,,,,,,,,,,,,,,,,,,,1,,,,,,,,,,,,,,,,,,,,ROH,,,,,,,,,,,,,,,,,,,,,,,,,,,5680702.0,,,,,,,,,,,,,,,,,EST,,,,,,,,,,,,,,,,,,,,2022-03-21,07:12:43,,,,,,,,,,,,,,,,,,,,,,,,,,,,,,,,,,,,,,,,,,,,,,,,,,,,,,,,,,,,,,,,,,,,,,,,,,,,,,,,,,,,,,,,I,False,2022-03-21 07:13:26.305163+00:00
250,4500038582,10,,,2022-03-21,water,000000006666666719,000000006666666719,USA1,1000,1001.0,,COOKING,5300001890.0,,,3629580.0,L,L,1.0,1.0,1.0,1.0,1.0,1.0,3629580.0,3629580.0,,,I0,,,C,X,,,,,,,,,,,,,,,0,,,,,X,,X,X,,,,,,,,,,,L,V1,,,,2019-09-30,F,3556988.4,,,,,,SAP,10.0,1.0,KG,,,,,,,,,,4.0,,,,,,,,,,,,,CFR,Cost & Freight,,,,,,,,,,,,,,,,,,,,,,,1,,,,,,,,,,,,,,,,,,,,ROH,,,,,,,,,,,,,,,,,,,,,,,,,,,3629580.0,,,,,,,,,,,,,,,,,EST,,,,,,,,,,,,,,,,,,,,2022-03-21,07:12:43,,,,,,,,,,,,,,,,,,,,,,,,,,,,,,,,,,,,,,,,,,,,,,,,,,,,,,,,,,,,,,,,,,,,,,,,,,,,,,,,,,,,,,,,I,False,2022-03-21 07:13:26.305163+00:00
250,4500038583,10,,,2022-03-21,water,000000006666666719,000000006666666719,USA1,1000,1001.0,,COOKING,5300001890.0,,,4450285.0,L,L,1.0,1.0,1.0,1.0,1.0,1.0,4450285.0,4450285.0,,,I0,,,C,X,,,,,,,,,,,,,,,0,,,,,X,,X,X,,,,,,,,,,,L,V1,,,,2019-09-05,F,4361279.3,,,,,,SAP,10.0,1.0,KG,,,,,,,,,,4.0,,,,,,,,,,,,,CFR,Cost & Freight,,,,,,,,,,,,,,,,,,,,,,,1,,,,,,,,,,,,,,,,,,,,ROH,,,,,,,,,,,,,,,,,,,,,,,,,,,4450285.0,,,,,,,,,,,,,,,,,EST,,,,,,,,,,,,,,,,,,,,2022-03-21,07:12:43,,,,,,,,,,,,,,,,,,,,,,,,,,,,,,,,,,,,,,,,,,,,,,,,,,,,,,,,,,,,,,,,,,,,,,,,,,,,,,,,,,,,,,,,I,False,2022-03-21 07:13:26.305163+00:00
250,4500038584,10,,,2022-03-21,water,000000006666666719,000000006666666719,USA1,1000,1001.0,,COOKING,5300001890.0,,,3146495.0,L,L,1.0,1.0,1.0,1.0,1.0,1.0,3146495.0,3146495.0,,,I0,,,C,X,,,,,,,,,,,,,,,0,,,,,X,,X,X,,,,,,,,,,,L,V1,,,,2019-09-05,F,3083565.1,,,,,,SAP,10.0,1.0,KG,,,,,,,,,,4.0,,,,,,,,,,,,,CFR,Cost & Freight,,,,,,,,,,,,,,,,,,,,,,,1,,,,,,,,,,,,,,,,,,,,ROH,,,,,,,,,,,,,,,,,,,,,,,,,,,3146495.0,,,,,,,,,,,,,,,,,EST,,,,,,,,,,,,,,,,,,,,2022-03-21,07:12:43,,,,,,,,,,,,,,,,,,,,,,,,,,,,,,,,,,,,,,,,,,,,,,,,,,,,,,,,,,,,,,,,,,,,,,,,,,,,,,,,,,,,,,,,I,False,2022-03-21 07:13:26.305163+00:00
250,4500038585,10,,,2022-03-21,water,000000006666666719,000000006666666719,USA1,1000,1001.0,,COOKING,5300001890.0,,,4066659.0,L,L,1.0,1.0,1.0,1.0,1.0,1.0,4066659.0,4066659.0,,,I0,,,C,X,,,,,,,,,,,,,,,0,,,,,X,,X,X,,,,,,,,,,,L,V1,,,,2019-10-31,F,3985325.82,,,,,,SAP,10.0,1.0,KG,,,,,,,,,,4.0,,,,,,,,,,,,,CFR,Cost & Freight,,,,,,,,,,,,,,,,,,,,,,,1,,,,,,,,,,,,,,,,,,,,ROH,,,,,,,,,,,,,,,,,,,,,,,,,,,4066659.0,,,,,,,,,,,,,,,,,EST,,,,,,,,,,,,,,,,,,,,2022-03-21,07:12:43,,,,,,,,,,,,,,,,,,,,,,,,,,,,,,,,,,,,,,,,,,,,,,,,,,,,,,,,,,,,,,,,,,,,,,,,,,,,,,,,,,,,,,,,I,False,2022-03-21 07:13:26.305163+00:00
250,4500038586,10,,,2022-03-21,water,000000006666666719,000000006666666719,USA1,1000,1001.0,,COOKING,5300001890.0,,,3062419.0,L,L,1.0,1.0,1.0,1.0,1.0,1.0,3062419.0,3062419.0,,,I0,,,C,X,,,,,,,,,,,,,,,0,,,,,X,,X,X,,,,,,,,,,,L,V1,,,,2019-10-31,F,3001170.62,,,,,,SAP,10.0,1.0,KG,,,,,,,,,,4.0,,,,,,,,,,,,,CFR,Cost & Freight,,,,,,,,,,,,,,,,,,,,,,,1,,,,,,,,,,,,,,,,,,,,ROH,,,,,,,,,,,,,,,,,,,,,,,,,,,3062419.0,,,,,,,,,,,,,,,,,EST,,,,,,,,,,,,,,,,,,,,2022-03-21,07:12:43,,,,,,,,,,,,,,,,,,,,,,,,,,,,,,,,,,,,,,,,,,,,,,,,,,,,,,,,,,,,,,,,,,,,,,,,,,,,,,,,,,,,,,,,I,False,2022-03-21 07:13:26.305163+00:00
