mandt,vbeln,posnr,pstyv,ernam,erzet,erdat,matnr,matwa,matkl,werks,lgort,charg,lichn,kdmat,prodh,lfimg,meins,vrkme,umvkz,umvkn,ntgew,brgew,gewei,volum,voleh,kztlf,uebtk,uebto,untto,chspl,faksp,mbdat,lgmng,arktx,lgpbe,vbelv,posnv,vbtyv,vgsys,vgbel,vgpos,upflu,uepos,fkrel,ladgr,tragr,komkz,lgnum,lispl,lgtyp,lgpla,bwtex,bwart,bwlvs,kzdlg,bdart,plart,mtart,xchpf,xchar,vgref,posar,bwtar,sumbd,mtvfp,eannr,gsber,vkbur,vkgrp,vtweg,spart,grkor,fmeng,antlf,vbeaf,vbeav,stafo,wavwr,kzwi1,kzwi2,kzwi3,kzwi4,kzwi5,kzwi6,sobkz,aedat,ean11,kvgr1,kvgr2,kvgr3,kvgr4,kvgr5,mvgr1,mvgr2,mvgr3,mvgr4,mvgr5,vpzuo,vgtyp,rfvgtyp,kostl,kokrs,paobjnr,prctr,ps_psp_pnr,aufnr,posnr_pp,kdauf,kdpos,vpmat,vpwrk,prbme,umref,knttp,kzvbr,fipos,fistl,geber,pckpf,bedar_lf,cmpnt,kcmeng,kcbrgew,kcntgew,kcvolum,uecha,cuobj,cuobj_ch,anzsn,serail,kcgewei,kcvoleh,sernr,abrli,abart,abrvw,qplos,qtlos,nachl,magrv,objko,objpo,aeskd,shkzg,prosa,uepvw,empst,abtnr,koqui,stadat,aktnr,knumh_ch,prefe,exart,clint,chmvs,abeln,abelp,lfimg_flo,lgmng_flo,kcmeng_flo,kzumw,kmpmg,aurel,kpein,kmein,netpr,netwr,kowrr,kzbew,mfrgr,chhpv,abfor,abges,mbuhr,wktnr,wktps,j_1bcfop,j_1btaxlw1,j_1btaxlw2,j_1btxsdc,situa,rsnum,rspos,rsart,kannr,kzfme,profl,kcmengvme,kcmengvmef,kzbws,pspnr,eprio,rules,kzbef,mprof,ematn,lgbzo,handle,verurpos,lifexpos,noatp,nopck,rblvs,berid,bestq,umbsq,ummat,umwrk,umlgo,umcha,umbar,umsok,sonum,usonu,akkur,akmng,vkgru,shkzg_um,insmk,kzech,flgwm,berkz,hupos,nowab,konto,kzear,hsdat,vfdat,lfgja,lfbnr,lfpos,grund,fobwa,dlvtp,exbwr,bpmng,exvkw,cmpre_flt,kzpod,lfdez,umrev,podrel,kzuml,fkber,grant_nbr,kzwso,gmcontrol,posting_change,um_ps_psp_pnr,pre_vl_etens,spe_gen_elikz,spe_scrap_ind,spe_auth_number,spe_inspout_guid,spe_follow_up,spe_exp_date_ext,spe_exp_date_int,spe_auth_complet,ormng,spe_atp_tmstmp,spe_orig_sys,spe_lieffz,spe_imwrk,spe_lifexpos2,spe_except_code,spe_keep_qty,spe_alternate,spe_mat_subst,spe_struc,spe_apo_qntyfac,spe_apo_qntydiv,spe_herkl,spe_bxp_date_ext,spe_version,spe_compl_mvt,j_1btaxlw4,j_1btaxlw5,j_1btaxlw3,budget_pd,kbnkz,farr_reltype,sitkz,sgt_rcat,sgt_scat,fsh_season_year,fsh_season,fsh_collection,fsh_theme,fsh_kvgr6,fsh_kvgr7,fsh_kvgr8,fsh_kvgr9,fsh_kvgr10,fsh_vas_rel,fsh_vas_prnt_id,fsh_transaction,fsh_item_group,fsh_item,fsh_rsnum,fsh_rspos,cons_order,wrf_charstc1,wrf_charstc2,wrf_charstc3,operation_flag,is_deleted,recordstamp
250,180000003,10,ELN,GAIKWADPAWAR,11:17:09,2022-01-20,TEST ROH EU,,DRY GOODS,2000.0,,,,,,10.0,EA,EA,1.0,1.0,2000.0,2000.0,G,,,,,,,,,,10.0,Test ROH,,,,,,4500000003.0,10.0,,,,,,,,,,,,101.0,,,,,ROH,,,,,,,,,,,,,,,,,,,,,,,,,,,,,,,,,,,,,,,,,V,,,,,,,,,,,,,,,,,,,,,,,,,,,,,,,,,,,,,,,,,,,,,,,,,,,,,,,,,,,,10.0,10.0,,,,,,,,,,B,,,,,,,,,,,,,,,,,,,,,,,,,,,TEST ROH EU,,GW4AW00F7joUl517kQtbAm,,,,,,,,,,,,,,,,,,A,,,,,,,,,,,,,,,,,,,,,,,,X,,,,,,,C,,,,,,,,,,,,10.0,,,,,,,,,,,,,,,,,,,,,,,,,,,,,,,,,,,,,,,,,,,,,,L,False,2022-01-31 20:42:13.010068+00:00
250,180000683,10,ELN,VISHAKHA,07:52:17,2022-02-04,TEST ROH EU,,DRY GOODS,2000.0,,,,,,10.0,EA,EA,1.0,1.0,2000.0,2000.0,G,,,,,,,,,,10.0,Test ROH,,,,,,4500000003.0,10.0,,,,,,,,,,,,101.0,,,,,ROH,,,,,,,,,,,,,,,,,,,,,,,,,,,,,,,,,,,,,,,,,V,,,,,,,,,,,,,,,,,,,,,,,,,,,,,,,,,,,,,,,,,,,,,,,,,,,,,,,,,,,,10.0,10.0,,,,,,,,,,B,,,,,,,,,,,,,,,,,,,,,,,,,,,TEST ROH EU,,GW4AW00F7joXiUllcBj5Am,,,,,,,,,,,,,,,,,,A,,,,,,,,,,,,,,,,,,,,,,,,X,,,,,,,C,,,,,,,,,,,,10.0,,,,,,,,,,,,,,,,,,,,,,,,,,,,,,,,,,,,,,,,,,,,,,I,False,2022-02-04 07:52:18.181081+00:00
250,180000023,10,ELN,GAIKWADPAWAR,06:47:16,2022-02-03,TEST,,DRY GOODS,1000.0,1001.0,,,,,10.0,G,G,1.0,1.0,2000.0,2000.0,G,,,,,,,,,,10.0,Chips,,,,,,4500000053.0,10.0,,,,1.0,1.0,,,,,,,101.0,,,,,FERT,,,,,,,,,,,,,,,,,,,,,,,,,,,,,,,,,,,,,,,,,V,,,,,,,,,,,,,,,,,,,,,,,,,,,,,,,,,,,,,,,,,,,,,,,,,,,,,,,,,,,,10.0,10.0,,,,,,,,,,B,,,,,,,,,,,,,,,,,,,,,,,,,,,TEST,,GW4AW00F7joXbwFkoRabAm,,,,,,,,,,,,,,,,,,A,,,,,,,,,,,,,,,,,,,,,,,,X,,,,,,,C,,,,,,,,,,,,10.0,,,,,,,,,,,,,,,,,,,,,,,,,,,,,,,,,,,,,,,,,,,,,,I,False,2022-02-03 06:47:28.058818+00:00
250,180000027,10,ELN,VISHAKHA,07:26:53,2022-02-03,TEST,,DRY GOODS,1000.0,,,,,,30.0,G,G,1.0,1.0,6000.0,6000.0,G,,,,,,,,,,30.0,Chips,,,,,,4500000052.0,10.0,,,,1.0,1.0,,,,,,,101.0,,,,,FERT,,,,,,,,,,,,,,,,,,,,,,,,,,,,,,,,,,,,,,,,,V,,,,,,,,,,,,,,,,,,,,,,,,,,,,,,,,,,,,,,,,,,,,,,,,,,,,,,,,,,,,30.0,30.0,,,,,,,,,,B,,,,,,,,,,,,,,,,,,,,,,,,,,,TEST,,GW4AW00F7joXc5KNXmCbAm,,,,,,,,,,,,,,,,,,A,,,,,,,,,,,,,,,,,,,,,,,,X,,,,,,,C,,,,,,,,,,,,30.0,,,,,,,,,,,,,,,,,,,,,,,,,,,,,,,,,,,,,,,,,,,,,,I,False,2022-02-03 07:26:57.086197+00:00
250,180000749,10,ELN,VISHAKHA,07:52:28,2022-02-04,TEST,,DRY GOODS,1000.0,,,,,,10.0,G,G,1.0,1.0,2000.0,2000.0,G,,,,,,,,,,10.0,Chips,,,,,,4500000051.0,10.0,,,,1.0,1.0,,,,,,,101.0,,,,,FERT,,,,,,,,,,,,,,,,,,,,,,,,,,,,,,,,,,,,,,,,,V,,,,,,,,,,,,,,,,,,,,,,,,,,,,,,,,,,,,,,,,,,,,,,,,,,,,,,,,,,,,10.0,10.0,,,,,,,,,,B,,,,,,,,,,,,,,,,,,,,,,,,,,,TEST,,GW4AW00F7joXiUojaNxbAm,,,,,,,,,,,,,,,,,,A,,,,,,,,,,,,,,,,,,,,,,,,X,,,,,,,C,,,,,,,,,,,,10.0,,,,,,,,,,,,,,,,,,,,,,,,,,,,,,,,,,,,,,,,,,,,,,I,False,2022-02-04 07:52:28.657645+00:00
250,180000750,10,ELN,VISHAKHA,07:52:28,2022-02-04,TEST,,DRY GOODS,1000.0,,,,,,30.0,G,G,1.0,1.0,6000.0,6000.0,G,,,,,,,,,,30.0,Chips,,,,,,4500000052.0,10.0,,,,1.0,1.0,,,,,,,101.0,,,,,FERT,,,,,,,,,,,,,,,,,,,,,,,,,,,,,,,,,,,,,,,,,V,,,,,,,,,,,,,,,,,,,,,,,,,,,,,,,,,,,,,,,,,,,,,,,,,,,,,,,,,,,,30.0,30.0,,,,,,,,,,B,,,,,,,,,,,,,,,,,,,,,,,,,,,TEST,,GW4AW00F7joXiUojaN{5Am,,,,,,,,,,,,,,,,,,A,,,,,,,,,,,,,,,,,,,,,,,,X,,,,,,,C,,,,,,,,,,,,30.0,,,,,,,,,,,,,,,,,,,,,,,,,,,,,,,,,,,,,,,,,,,,,,I,False,2022-02-04 07:52:29.115059+00:00
250,180000751,10,ELN,VISHAKHA,07:52:28,2022-02-04,TEST,,DRY GOODS,1000.0,1001.0,,,,,10.0,G,G,1.0,1.0,2000.0,2000.0,G,,,,,,,,,,10.0,Chips,,,,,,4500000053.0,10.0,,,,1.0,1.0,,,,,,,101.0,,,,,FERT,,,,,,,,,,,,,,,,,,,,,,,,,,,,,,,,,,,,,,,,,V,,,,,,,,,,,,,,,,,,,,,,,,,,,,,,,,,,,,,,,,,,,,,,,,,,,,,,,,,,,,10.0,10.0,,,,,,,,,,B,,,,,,,,,,,,,,,,,,,,,,,,,,,TEST,,GW4AW00F7joXiUojaO0bAm,,,,,,,,,,,,,,,,,,A,,,,,,,,,,,,,,,,,,,,,,,,X,,,,,,,C,,,,,,,,,,,,10.0,,,,,,,,,,,,,,,,,,,,,,,,,,,,,,,,,,,,,,,,,,,,,,I,False,2022-02-04 07:52:29.115059+00:00
250,180000752,10,ELN,VISHAKHA,07:52:28,2022-02-04,TEST,,DRY GOODS,1000.0,1001.0,,,,,30.0,G,G,1.0,1.0,6000.0,6000.0,G,,,,,,,,,,30.0,Chips,,,,,,4500000054.0,10.0,,,,1.0,1.0,,,,,,,101.0,,,,,FERT,,,,,,,,,,,,,,,,,,,,,,,,,,,,,,,,,,,,,,,,,V,,,,,,,,,,,,,,,,,,,,,,,,,,,,,,,,,,,,,,,,,,,,,,,,,,,,,,,,,,,,30.0,30.0,,,,,,,,,,B,,,,,,,,,,,,,,,,,,,,,,,,,,,TEST,,GW4AW00F7joXiUpJg8tbAm,,,,,,,,,,,,,,,,,,A,,,,,,,,,,,,,,,,,,,,,,,,X,,,,,,,C,,,,,,,,,,,,30.0,,,,,,,,,,,,,,,,,,,,,,,,,,,,,,,,,,,,,,,,,,,,,,I,False,2022-02-04 07:52:29.115059+00:00
250,180000005,10,ELN,SIBASISM,15:31:54,2022-01-21,TEST CPG,,DRY GOODS,1000.0,1001.0,,,,,6.0,EA,EA,1.0,1.0,54.0,60.0,KG,,,,,,,,,,6.0,Test CPG,,,,,,4500000007.0,10.0,,,,1.0,1.0,,,,,,,101.0,,,,,ROH,,,,,,,,,,,,,,,,,,,,,,,,,,,,,,,,,,,,,,,,,V,,,,,,,,,,,,,,,,,,,,,,,,,,,,,,,,,,,,,,,,,,,,,,,,,,,,,,,,,,,,6.0,6.0,,,,,,,,,,B,,,,,,,,,,,,,,,,,,,,,,,,,,,TEST CPG,,GW4AW00F7joUsUXTTv1bAm,,,,,,,,,,,,,,,,,,A,,,,,,,,,,,,,,,,,,,,,,,,X,,,,,,,C,,,,,,,,,,,,6.0,,,,,,,,,,,,,,,,,,,,,,,,,,,,,,,,,,,,,,,,,,,,,,L,False,2022-01-31 20:42:13.010068+00:00
250,180000006,10,ELN,DEMANDI,19:21:58,2022-01-21,TEST CPG,,DRY GOODS,1000.0,,,,,,10.0,EA,EA,1.0,1.0,90.0,100.0,KG,,,,,,,,,,10.0,Test CPG,,,,,,4500000008.0,10.0,,,,1.0,1.0,,,,,,,101.0,,,,,ROH,,,,,,,,,,,,,,,,,,,,,,,,,,,,,,,,,,,,,,,,,V,,,,,,,,,,,,,,,,,,,,,,,,,,,,,,,,,,,,,,,,,,,,,,,,,,,,,,,,,,,,10.0,10.0,,,,,,,,,,B,,,,,,,,,,,,,,,,,,,,,,,,,,,TEST CPG,,GW4AW00F7joUtUpc16}bAm,,,,,,,,,,,,,,,,,,A,,,,,,,,,,,,,,,,,,,,,,,,X,,,,,,,C,,,,,,,,,,,,10.0,,,,,,,,,,,,,,,,,,,,,,,,,,,,,,,,,,,,,,,,,,,,,,L,False,2022-01-31 20:42:13.010068+00:00
250,180000644,10,ELN,VISHAKHA,07:52:11,2022-02-04,TEST CPG,,DRY GOODS,1000.0,,,,,,10.0,EA,EA,1.0,1.0,90.0,100.0,KG,,,,,,,,,,10.0,Test CPG,,,,,,4500000008.0,10.0,,,,1.0,1.0,,,,,,,101.0,,,,,ROH,,,,,,,,,,,,,,,,,,,,,,,,,,,,,,,,,,,,,,,,,V,,,,,,,,,,,,,,,,,,,,,,,,,,,,,,,,,,,,,,,,,,,,,,,,,,,,,,,,,,,,10.0,10.0,,,,,,,,,,B,,,,,,,,,,,,,,,,,,,,,,,,,,,TEST CPG,,GW4AW00F7joXiUjykhcbAm,,,,,,,,,,,,,,,,,,A,,,,,,,,,,,,,,,,,,,,,,,,X,,,,,,,C,,,,,,,,,,,,10.0,,,,,,,,,,,,,,,,,,,,,,,,,,,,,,,,,,,,,,,,,,,,,,I,False,2022-02-04 07:52:12.218527+00:00
250,180000645,10,ELN,VISHAKHA,07:52:12,2022-02-04,TEST CPG,,DRY GOODS,1000.0,,,,,,10.0,EA,EA,1.0,1.0,90.0,100.0,KG,,,,,,,,,,10.0,Test CPG,,,,,,4500000009.0,10.0,,,,1.0,1.0,,,,,,,101.0,,,,,ROH,,,,,,,,,,,,,,,,,,,,,,,,,,,,,,,,,,,,,,,,,V,,,,,,,,,,,,,,,,,,,,,,,,,,,,,,,,,,,,,,,,,,,,,,,,,,,,,,,,,,,,10.0,10.0,,,,,,,,,,B,,,,,,,,,,,,,,,,,,,,,,,,,,,TEST CPG,,GW4AW00F7joXiUjykhf5Am,,,,,,,,,,,,,,,,,,A,,,,,,,,,,,,,,,,,,,,,,,,X,,,,,,,C,,,,,,,,,,,,10.0,,,,,,,,,,,,,,,,,,,,,,,,,,,,,,,,,,,,,,,,,,,,,,I,False,2022-02-04 07:52:12.218527+00:00
250,180000736,10,ELN,VISHAKHA,07:52:26,2022-02-04,TEST CPG,,DRY GOODS,1000.0,1001.0,,,,,10.0,EA,EA,1.0,1.0,90.0,100.0,KG,,,,,,,,,,10.0,Test CPG,,,,,,4500000007.0,10.0,,,,1.0,1.0,,,,,,,101.0,,,,,ROH,,,,,,,,,,,,,,,,,,,,,,,,,,,,,,,,,,,,,,,,,V,,,,,,,,,,,,,,,,,,,,,,,,,,,,,,,,,,,,,,,,,,,,,,,,,,,,,,,,,,,,10.0,10.0,,,,,,,,,,B,,,,,,,,,,,,,,,,,,,,,,,,,,,TEST CPG,,GW4AW00F7joXiUo7NJubAm,,,,,,,,,,,,,,,,,,A,,,,,,,,,,,,,,,,,,,,,,,,X,,,,,,,C,,,,,,,,,,,,10.0,,,,,,,,,,,,,,,,,,,,,,,,,,,,,,,,,,,,,,,,,,,,,,I,False,2022-02-04 07:52:26.984965+00:00
250,180000737,10,ELN,VISHAKHA,07:52:26,2022-02-04,TEST CPG,,DRY GOODS,1000.0,1001.0,,,,,6.0,EA,EA,1.0,1.0,54.0,60.0,KG,,,,,,,,,,6.0,Test CPG,,,,,,4500000010.0,10.0,,,,1.0,1.0,,,,,,,101.0,,,,,ROH,,,,,,,,,,,,,,,,,,,,,,,,,,,,,,,,,,,,,,,,,V,,,,,,,,,,,,,,,,,,,,,,,,,,,,,,,,,,,,,,,,,,,,,,,,,,,,,,,,,,,,6.0,6.0,,,,,,,,,,B,,,,,,,,,,,,,,,,,,,,,,,,,,,TEST CPG,,GW4AW00F7joXiUo7NJx5Am,,,,,,,,,,,,,,,,,,A,,,,,,,,,,,,,,,,,,,,,,,,X,,,,,,,C,,,,,,,,,,,,6.0,,,,,,,,,,,,,,,,,,,,,,,,,,,,,,,,,,,,,,,,,,,,,,I,False,2022-02-04 07:52:26.984965+00:00
250,180000016,10,ELN,GAIKWADPAWAR,12:53:43,2022-01-27,TEST ROH,,DRY GOODS,1000.0,1001.0,,,,,10.0,G,G,1.0,1.0,2000.0,2000.0,G,,,,,,,,,,10.0,Test ROH,,,,,,4500000026.0,10.0,,,,1.0,1.0,,,,,,,101.0,,,,,ROH,,,,,,,,,,,,,,,,,,,,,,,,,,,,,,,,,,,,,,,,,V,,,,,,,,,,,,,,,,,,,,,,,,,,,,,,,,,,,,,,,,,,,,,,,,,,,,,,,,,,,,10.0,10.0,,,,,,,,,,B,,,,,,,,,,,,,,,,,,,,,,,,,,,TEST ROH,,GW4AW00F7joVxWJxrr}bAm,,,,,,,,,,,,,,,,,,A,,,,,,,,,,,,,,,,,,,,,,,,X,,,,,,,C,,,,,,,,,,,,10.0,,,,,,,,,,,,,,,,,,,,,,,,,,,,,,,,,,,,,,,,,,,,,,L,False,2022-01-31 20:42:13.010068+00:00
250,180000740,10,ELN,VISHAKHA,07:52:27,2022-02-04,TEST ROH,,DRY GOODS,1000.0,1001.0,,,,,10.0,G,G,1.0,1.0,2000.0,2000.0,G,,,,,,,,,,10.0,Test ROH,,,,,,4500000026.0,10.0,,,,1.0,1.0,,,,,,,101.0,,,,,ROH,,,,,,,,,,,,,,,,,,,,,,,,,,,,,,,,,,,,,,,,,V,,,,,,,,,,,,,,,,,,,,,,,,,,,,,,,,,,,,,,,,,,,,,,,,,,,,,,,,,,,,10.0,10.0,,,,,,,,,,B,,,,,,,,,,,,,,,,,,,,,,,,,,,TEST ROH,,GW4AW00F7joXiUojaNZ5Am,,,,,,,,,,,,,,,,,,A,,,,,,,,,,,,,,,,,,,,,,,,X,,,,,,,C,,,,,,,,,,,,10.0,,,,,,,,,,,,,,,,,,,,,,,,,,,,,,,,,,,,,,,,,,,,,,I,False,2022-02-04 07:52:27.398803+00:00
250,180000018,10,ELN,SHOBHITSAURA,09:00:24,2022-02-02,1028118297C,,SAUCE,1000.0,1001.0,,,,,100.0,EA,EA,1.0,1.0,100.0,110.0,KG,,,,,,,,,,100.0,Barbq sauce 1KG,,,,,,4500000038.0,10.0,,,,1.0,1.0,,,,,,,101.0,,,,,FERT,,,,,,,,,,,,,,,,,,,,,,,,,,,,,,,,,,,,,,,,,V,,,,,,,,,,,,,,,,,,,,,,,,,,,,,,,,,,,,,,,,,,,,,,,,,,,,,,,,,,,,100.0,100.0,,,,,,,,,,B,,,,,,,,,,,,,,,,,,,,,,,,,,,1028118297C,,GW4AW00F7joXWD7TUjhbAm,,,,,,,,,,,,,,,,,,A,,,,,,,,,,,,,,,,,,,,,,,,X,,,,,,,C,,,,,,,,,,,,100.0,,,,,,,,,,,,,,,,,,,,,,,,,,,,,,,,,,,,,,,,,,,,,,I,False,2022-02-02 09:01:03.701772+00:00
250,180000738,10,ELN,VISHAKHA,07:52:26,2022-02-04,1028118297C,,SAUCE,1000.0,1001.0,,,,,100.0,EA,EA,1.0,1.0,100.0,110.0,KG,,,,,,,,,,100.0,Barbq sauce 1KG,,,,,,4500000033.0,10.0,,,,1.0,1.0,,,,,,,101.0,,,,,FERT,,,,,,,,,,,,,,,,,,,,,,,,,,,,,,,,,,,,,,,,,V,,,,,,,,,,,,,,,,,,,,,,,,,,,,,,,,,,,,,,,,,,,,,,,,,,,,,,,,,,,,100.0,100.0,,,,,,,,,,B,,,,,,,,,,,,,,,,,,,,,,,,,,,1028118297C,,GW4AW00F7joXiUo7NJzbAm,,,,,,,,,,,,,,,,,,A,,,,,,,,,,,,,,,,,,,,,,,,X,,,,,,,C,,,,,,,,,,,,100.0,,,,,,,,,,,,,,,,,,,,,,,,,,,,,,,,,,,,,,,,,,,,,,I,False,2022-02-04 07:52:26.984965+00:00
250,180000739,10,ELN,VISHAKHA,07:52:26,2022-02-04,1028118297C,,SAUCE,1000.0,1001.0,,,,,100.0,EA,EA,1.0,1.0,100.0,110.0,KG,,,,,,,,,,100.0,Barbq sauce 1KG,,,,,,4500000038.0,10.0,,,,1.0,1.0,,,,,,,101.0,,,,,FERT,,,,,,,,,,,,,,,,,,,,,,,,,,,,,,,,,,,,,,,,,V,,,,,,,,,,,,,,,,,,,,,,,,,,,,,,,,,,,,,,,,,,,,,,,,,,,,,,,,,,,,100.0,100.0,,,,,,,,,,B,,,,,,,,,,,,,,,,,,,,,,,,,,,1028118297C,,GW4AW00F7joXiUo7NK05Am,,,,,,,,,,,,,,,,,,A,,,,,,,,,,,,,,,,,,,,,,,,X,,,,,,,C,,,,,,,,,,,,100.0,,,,,,,,,,,,,,,,,,,,,,,,,,,,,,,,,,,,,,,,,,,,,,I,False,2022-02-04 07:52:27.398803+00:00
250,180000031,10,ELN,GAIKWADPAWAR,07:45:27,2022-02-03,TEST,,DRY GOODS,1000.0,1001.0,,,,,2.0,G,G,1.0,1.0,400.0,400.0,G,,,,,,,,,,2.0,Chips,,,,,,4500000054.0,10.0,,,,1.0,1.0,,,,,,,101.0,,,,,FERT,,,,,,,,,,,,,,,,,,,,,,,,,,,,,,,,,,,,,,,,,V,,,,,,,,,,,,,,,,,,,,,,,,,,,,,,,,,,,,,,,,,,,,,,,,,,,,,,,,,,,,2.0,2.0,,,,,,,,,,B,,,,,,,,,,,,,,,,,,,,,,,,,,,TEST,,GW4AW00F7joXcAWNJKtbAm,,,,,,,,,,,,,,,,,,A,,,,,,,,,,,,,,,,,,,,,,,,X,,,,,,,C,,,,,,,,,,,,2.0,,,,,,,,,,,,,,,,,,,,,,,,,,,,,,,,,,,,,,,,,,,,,,I,False,2022-02-03 07:45:36.668423+00:00
250,180000009,10,ELN,DEMANDI,03:40:14,2022-01-22,TEST CPG,,DRY GOODS,1000.0,1001.0,,,,,2.0,EA,EA,1.0,1.0,18.0,20.0,KG,,,,,,,,,,2.0,Test CPG,,,,,,4500000010.0,10.0,,,,1.0,1.0,,,,,,,101.0,,,,,ROH,,,,,,,,,,,,,,,,,,,,,,,,,,,,,,,,,,,,,,,,,V,,,,,,,,,,,,,,,,,,,,,,,,,,,,,,,,,,,,,,,,,,,,,,,,,,,,,,,,,,,,2.0,2.0,,,,,,,,,,B,,,,,,,,,,,,,,,,,,,,,,,,,,,TEST CPG,,GW4AW00F7joUvg1HfBRbAm,,,,,,,,,,,,,,,,,,A,,,,,,,,,,,,,,,,,,,,,,,,X,,,,,,,C,,,,,,,,,,,,2.0,,,,,,,,,,,,,,,,,,,,,,,,,,,,,,,,,,,,,,,,,,,,,,L,False,2022-01-31 20:42:13.010068+00:00
250,180000002,10,ELN,GAIKWADPAWAR,15:16:02,2022-01-19,TEST CPG1,,,1000.0,,,,,,2.0,EA,EA,1.0,1.0,18.0,20.0,KG,,,,,,,,,,2.0,Test Dry Good,,,,,,4500000002.0,10.0,,,,1.0,1.0,,,,,,,101.0,,,,,FERT,,,,,,,,,,,,,,,,,,,,,,,,,,,,,,,,,,,,,,,,,V,,,,,,,,,,,,,,,,,,,,,,,,,,,,,,,,,,,,,,,,,,,,,,,,,,,,,,,,,,,,2.0,2.0,,,,,,,,,,B,,,,,,,,,,,,,,,,,,,,,,,,,,,TEST CPG1,,GW4AW00F7joUfrRS1XgbAm,,,,,,,,,,,,,,,,,,A,,,,,,,,,,,,,,,,,,,,,,,,X,,,,,,,C,,,,,,,,,,,,2.0,,,,,,,,,,,,,,,,,,,,,,,,,,,,,,,,,,,,,,,,,,,,,,L,False,2022-01-31 20:42:13.010068+00:00
250,180000684,10,ELN,VISHAKHA,07:52:18,2022-02-04,TEST CPG1,,,1000.0,,,,,,2.0,EA,EA,1.0,1.0,18.0,20.0,KG,,,,,,,,,,2.0,Test Dry Good,,,,,,4500000002.0,10.0,,,,1.0,1.0,,,,,,,101.0,,,,,FERT,,,,,,,,,,,,,,,,,,,,,,,,,,,,,,,,,,,,,,,,,V,,,,,,,,,,,,,,,,,,,,,,,,,,,,,,,,,,,,,,,,,,,,,,,,,,,,,,,,,,,,2.0,2.0,,,,,,,,,,B,,,,,,,,,,,,,,,,,,,,,,,,,,,TEST CPG1,,GW4AW00F7joXiUllcBm5Am,,,,,,,,,,,,,,,,,,A,,,,,,,,,,,,,,,,,,,,,,,,X,,,,,,,C,,,,,,,,,,,,2.0,,,,,,,,,,,,,,,,,,,,,,,,,,,,,,,,,,,,,,,,,,,,,,I,False,2022-02-04 07:52:18.560166+00:00
250,180000038,10,ELN,GAIKWADPAWAR,09:09:11,2022-02-03,TEST,,DRY GOODS,1000.0,1001.0,,,,,1.0,G,G,1.0,1.0,200.0,200.0,G,,,,,,,,,,1.0,Chips,,,,,,4500000054.0,10.0,,,,1.0,1.0,,,,,,,101.0,,,,,FERT,,,,,,,,,,,,,,,,,,,,,,,,,,,,,,,,,,,,,,,,,V,,,,,,,,,,,,,,,,,,,,,,,,,,,,,,,,,,,,,,,,,,,,,,,,,,,,,,,,,,,,1.0,1.0,,,,,,,,,,B,,,,,,,,,,,,,,,,,,,,,,,,,,,TEST,,GW4AW00F7joXcXvjoU3bAm,,,,,,,,,,,,,,,,,,A,,,,,,,,,,,,,,,,,,,,,,,,X,,,,,,,C,,,,,,,,,,,,1.0,,,,,,,,,,,,,,,,,,,,,,,,,,,,,,,,,,,,,,,,,,,,,,I,False,2022-02-03 09:09:21.536415+00:00
250,180000748,10,ELN,VISHAKHA,07:52:28,2022-02-04,TEST,,DRY GOODS,1000.0,,,,,,1.0,G,G,1.0,1.0,200.0,200.0,G,,,,,,,,,,1.0,Chips,,,,,,4500000049.0,10.0,,,,1.0,1.0,,,,,,,101.0,,,,,FERT,,,,,,,,,,,,,,,,,,,,,,,,,,,,,,,,,,,,,,,,,V,,,,,,,,,,,,,,,,,,,,,,,,,,,,,,,,,,,,,,,,,,,,,,,,,,,,,,,,,,,,1.0,1.0,,,,,,,,,,B,,,,,,,,,,,,,,,,,,,,,,,,,,,TEST,,GW4AW00F7joXiUojaNv5Am,,,,,,,,,,,,,,,,,,A,,,,,,,,,,,,,,,,,,,,,,,,X,,,,,,,C,,,,,,,,,,,,1.0,,,,,,,,,,,,,,,,,,,,,,,,,,,,,,,,,,,,,,,,,,,,,,I,False,2022-02-04 07:52:28.657645+00:00
250,180000012,10,ELN,DEMANDI,21:32:02,2022-01-24,TEST CPG,,DRY GOODS,1000.0,1001.0,,,,,1.0,EA,EA,1.0,1.0,9.0,10.0,KG,,,,,,,,,,1.0,Test CPG,,,,,,4500000020.0,10.0,,,,1.0,1.0,,,,,,,101.0,,,,,ROH,,,,,,,,,,,,,,,,,,,,,,,,,,,,,,,,,,,,,,,,,V,,,,,,,,,,,,,,,,,,,,,,,,,,,,,,,,,,,,,,,,,,,,,,,,,,,,,,,,,,,,1.0,1.0,,,,,,,,,,B,,,,,,,,,,,,,,,,,,,,,,,,,,,TEST CPG,,GW4AW00F7joVgw8eMAgbAm,,,,,,,,,,,,,,,,,,A,,,,,,,,,,,,,,,,,,,,,,,,X,,,,,,,B,A,,,,,,,,,,,1.0,,,,,,,,,,,,,,,,,,,,,,,,,,,,,,,,,,,,,,,,,,,,,,L,False,2022-01-31 20:42:13.010068+00:00
250,180000646,10,ELN,VISHAKHA,07:52:12,2022-02-04,TEST CPG,,DRY GOODS,1000.0,1001.0,,,,,1.0,EA,EA,1.0,1.0,9.0,10.0,KG,,,,,,,,,,1.0,Test CPG,,,,,,4500000020.0,10.0,,,,1.0,1.0,,,,,,,101.0,,,,,ROH,,,,,,,,,,,,,,,,,,,,,,,,,,,,,,,,,,,,,,,,,V,,,,,,,,,,,,,,,,,,,,,,,,,,,,,,,,,,,,,,,,,,,,,,,,,,,,,,,,,,,,1.0,1.0,,,,,,,,,,B,,,,,,,,,,,,,,,,,,,,,,,,,,,TEST CPG,,GW4AW00F7joXiUjykhhbAm,,,,,,,,,,,,,,,,,,A,,,,,,,,,,,,,,,,,,,,,,,,X,,,,,,,B,A,,,,,,,,,,,1.0,,,,,,,,,,,,,,,,,,,,,,,,,,,,,,,,,,,,,,,,,,,,,,I,False,2022-02-04 07:52:12.661978+00:00
250,180000001,10,ELN,GAIKWADPAWAR,15:06:36,2022-01-19,TEST ROH,,DRY GOODS,1000.0,,,,,,1.0,G,G,1.0,1.0,200.0,200.0,G,,,,,,,,,,1.0,Test ROH,,,,,,4500000001.0,10.0,,,,1.0,1.0,,,,,,,101.0,,,,,ROH,,,,,,,,,,,,,,,,,,,,,,,,,,,,,,,,,,,,,,,,,V,,,,,,,,,,,,,,,,,,,,,,,,,,,,,,,,,,,,,,,,,,,,,,,,,,,,,,,,,,,,1.0,1.0,,,,,,,,,,B,,,,,,,,,,,,,,,,,,,,,,,,,,,TEST ROH,,GW4AW00F7joUfoon1dHbAm,,,,,,,,,,,,,,,,,,A,,,,,,,,,,,,,,,,,,,,,,,,X,,,,,,,C,,,,,,,,,,,,1.0,,,,,,,,,,,,,,,,,,,,,,,,,,,,,,,,,,,,,,,,,,,,,,L,False,2022-01-31 20:42:13.010068+00:00
250,180000665,10,ELN,VISHAKHA,07:52:15,2022-02-04,TEST ROH,,DRY GOODS,1000.0,,,,,,1.0,G,G,1.0,1.0,200.0,200.0,G,,,,,,,,,,1.0,Test ROH,,,,,,4500000001.0,10.0,,,,1.0,1.0,,,,,,,101.0,,,,,ROH,,,,,,,,,,,,,,,,,,,,,,,,,,,,,,,,,,,,,,,,,V,,,,,,,,,,,,,,,,,,,,,,,,,,,,,,,,,,,,,,,,,,,,,,,,,,,,,,,,,,,,1.0,1.0,,,,,,,,,,B,,,,,,,,,,,,,,,,,,,,,,,,,,,TEST ROH,,GW4AW00F7joXiUl9KyGbAm,,,,,,,,,,,,,,,,,,A,,,,,,,,,,,,,,,,,,,,,,,,X,,,,,,,C,,,,,,,,,,,,1.0,,,,,,,,,,,,,,,,,,,,,,,,,,,,,,,,,,,,,,,,,,,,,,I,False,2022-02-04 07:52:15.570513+00:00
250,180000000,10,ELN,PKADARI,10:50:15,2022-01-17,TEST CPG1,,,1000.0,,,,,,1.0,EA,EA,1.0,1.0,9.0,10.0,KG,,,,,,,,,,1.0,Test Dry Good,,,,,,4500000000.0,10.0,,,,1.0,1.0,,,,,,,101.0,,,,,FERT,,,,,,,,,,,,,,,,,,,,,,,,,,,,,,,,,,,,,,,,,V,,,,,,,,,,,,,,,,,,,,,,,,,,,,,,,,,,,,,,,,,,,,,,,,,,,,,,,,,,,,1.0,1.0,,,,,,,,,,B,,,,,,,,,,,,,,,,,,,,,,,,,,,TEST CPG1,,GW4AW00F7joTy6WThK3bAm,,,,,,,,,,,,,,,,,,A,,,,,,,,,,,,,,,,,,,,,,,,X,,,,,,,C,,,,,,,,,,,,1.0,,,,,,,,,,,,,,,,,,,,,,,,,,,,,,,,,,,,,,,,,,,,,,L,False,2022-01-31 20:42:13.010068+00:00
250,180000664,10,ELN,VISHAKHA,07:52:15,2022-02-04,TEST CPG1,,,1000.0,,,,,,1.0,EA,EA,1.0,1.0,9.0,10.0,KG,,,,,,,,,,1.0,Test Dry Good,,,,,,4500000000.0,10.0,,,,1.0,1.0,,,,,,,101.0,,,,,FERT,,,,,,,,,,,,,,,,,,,,,,,,,,,,,,,,,,,,,,,,,V,,,,,,,,,,,,,,,,,,,,,,,,,,,,,,,,,,,,,,,,,,,,,,,,,,,,,,,,,,,,1.0,1.0,,,,,,,,,,B,,,,,,,,,,,,,,,,,,,,,,,,,,,TEST CPG1,,GW4AW00F7joXiUl9KyE5Am,,,,,,,,,,,,,,,,,,A,,,,,,,,,,,,,,,,,,,,,,,,X,,,,,,,C,,,,,,,,,,,,1.0,,,,,,,,,,,,,,,,,,,,,,,,,,,,,,,,,,,,,,,,,,,,,,I,False,2022-02-04 07:52:15.183350+00:00
250,180000004,10,ELN,SIBASISM,15:26:38,2022-01-21,TEST CPG,,DRY GOODS,1000.0,1001.0,,,,,4.0,EA,EA,1.0,1.0,36.0,40.0,KG,,,,,,,,,,4.0,Test CPG,,,,,,4500000007.0,10.0,,,,1.0,1.0,,,,,,,101.0,,,,,ROH,,,,,,,,,,,,,,,,,,,,,,,,,,,,,,,,,,,,,,,,,V,,,,,,,,,,,,,,,,,,,,,,,,,,,,,,,,,,,,,,,,,,,,,,,,,,,,,,,,,,,,4.0,4.0,,,,,,,,,,B,,,,,,,,,,,,,,,,,,,,,,,,,,,TEST CPG,,GW4AW00F7joUsT3U70abAm,,,,,,,,,,,,,,,,,,A,,,,,,,,,,,,,,,,,,,,,,,,X,,,,,,,C,,,,,,,,,,,,4.0,,,,,,,,,,,,,,,,,,,,,,,,,,,,,,,,,,,,,,,,,,,,,,L,False,2022-01-31 20:42:13.010068+00:00
250,180000008,10,ELN,DEMANDI,03:39:05,2022-01-22,TEST CPG,,DRY GOODS,1000.0,1001.0,,,,,4.0,EA,EA,1.0,1.0,36.0,40.0,KG,,,,,,,,,,4.0,Test CPG,,,,,,4500000010.0,10.0,,,,1.0,1.0,,,,,,,101.0,,,,,ROH,,,,,,,,,,,,,,,,,,,,,,,,,,,,,,,,,,,,,,,,,V,,,,,,,,,,,,,,,,,,,,,,,,,,,,,,,,,,,,,,,,,,,,,,,,,,,,,,,,,,,,4.0,4.0,,,,,,,,,,B,,,,,,,,,,,,,,,,,,,,,,,,,,,TEST CPG,,GW4AW00F7joUvfihfe}bAm,,,,,,,,,,,,,,,,,,A,,,,,,,,,,,,,,,,,,,,,,,,X,,,,,,,C,,,,,,,,,,,,4.0,,,,,,,,,,,,,,,,,,,,,,,,,,,,,,,,,,,,,,,,,,,,,,L,False,2022-01-31 20:42:13.010068+00:00
250,180000029,10,ELN,GAIKWADPAWAR,07:39:05,2022-02-03,TEST,,DRY GOODS,1000.0,1001.0,,,,,3.0,G,G,1.0,1.0,600.0,600.0,G,,,,,,,,,,3.0,Chips,,,,,,4500000054.0,10.0,,,,1.0,1.0,,,,,,,101.0,,,,,FERT,,,,,,,,,,,,,,,,,,,,,,,,,,,,,,,,,,,,,,,,,V,,,,,,,,,,,,,,,,,,,,,,,,,,,,,,,,,,,,,,,,,,,,,,,,,,,,,,,,,,,,3.0,3.0,,,,,,,,,,B,,,,,,,,,,,,,,,,,,,,,,,,,,,TEST,,GW4AW00F7joXc8kZkHRbAm,,,,,,,,,,,,,,,,,,A,,,,,,,,,,,,,,,,,,,,,,,,X,,,,,,,C,,,,,,,,,,,,3.0,,,,,,,,,,,,,,,,,,,,,,,,,,,,,,,,,,,,,,,,,,,,,,I,False,2022-02-03 07:39:17.347129+00:00
250,180000022,10,ELN,VISHAKHA,06:27:34,2022-02-03,TEST,,DRY GOODS,1000.0,,,,,,5.0,G,G,1.0,1.0,1000.0,1000.0,G,,,,,,,,,,5.0,Chips,,,,,,4500000051.0,10.0,,,,1.0,1.0,,,,,,,101.0,,,,,FERT,,,,,,,,,,,,,,,,,,,,,,,,,,,,,,,,,,,,,,,,,V,,,,,,,,,,,,,,,,,,,,,,,,,,,,,,,,,,,,,,,,,,,,,,,,,,,,,,,,,,,,5.0,5.0,,,,,,,,,,B,,,,,,,,,,,,,,,,,,,,,,,,,,,TEST,,GW4AW00F7joXbqlZefQbAm,,,,,,,,,,,,,,,,,,A,,,,,,,,,,,,,,,,,,,,,,,,X,,,,,,,C,,,,,,,,,,,,5.0,,,,,,,,,,,,,,,,,,,,,,,,,,,,,,,,,,,,,,,,,,,,,,I,False,2022-02-03 06:27:59.774655+00:00
250,180000032,10,ELN,GAIKWADPAWAR,07:52:18,2022-02-03,TEST,,DRY GOODS,1000.0,1001.0,,,,,5.0,G,G,1.0,1.0,1000.0,1000.0,G,,,,,,,,,,5.0,Chips,,,,,,4500000054.0,10.0,,,,1.0,1.0,,,,,,,101.0,,,,,FERT,,,,,,,,,,,,,,,,,,,,,,,,,,,,,,,,,,,,,,,,,V,,,,,,,,,,,,,,,,,,,,,,,,,,,,,,,,,,,,,,,,,,,,,,,,,,,,,,,,,,,,5.0,5.0,,,,,,,,,,B,,,,,,,,,,,,,,,,,,,,,,,,,,,TEST,,GW4AW00F7joXcCQZHaYbAm,,,,,,,,,,,,,,,,,,A,,,,,,,,,,,,,,,,,,,,,,,,X,,,,,,,C,,,,,,,,,,,,5.0,,,,,,,,,,,,,,,,,,,,,,,,,,,,,,,,,,,,,,,,,,,,,,I,False,2022-02-03 07:52:29.727753+00:00
250,180000746,10,ELN,VISHAKHA,07:52:27,2022-02-04,TEST,,DRY GOODS,1000.0,,,,,,5.0,G,G,1.0,1.0,1000.0,1000.0,G,,,,,,,,,,5.0,Chips,,,,,,4500000029.0,10.0,,,,1.0,1.0,,,,,,,101.0,,,,,FERT,,,,,,,,,,,,,,,,,,,,,,,,,,,,,,,,,,,,,,,,,V,,,,,,,,,,,,,,,,,,,,,,,,,,,,,,,,,,,,,,,,,,,,,,,,,,,,,,,,,,,,5.0,5.0,,,,,,,,,,B,,,,,,,,,,,,,,,,,,,,,,,,,,,TEST,,GW4AW00F7joXiUojaNo5Am,,,,,,,,,,,,,,,,,,A,,,,,,,,,,,,,,,,,,,,,,,,X,,,,,,,C,,,,,,,,,,,,5.0,,,,,,,,,,,,,,,,,,,,,,,,,,,,,,,,,,,,,,,,,,,,,,I,False,2022-02-04 07:52:28.229882+00:00
250,180000007,10,ELN,DEMANDI,19:43:56,2022-01-21,TEST CPG,,DRY GOODS,1000.0,,,,,,5.0,EA,EA,1.0,1.0,45.0,50.0,KG,,,,,,,,,,5.0,Test CPG,,,,,,4500000009.0,10.0,,,,1.0,1.0,,,,,,,101.0,,,,,ROH,,,,,,,,,,,,,,,,,,,,,,,,,,,,,,,,,,,,,,,,,V,,,,,,,,,,,,,,,,,,,,,,,,,,,,,,,,,,,,,,,,,,,,,,,,,,,,,,,,,,,,5.0,5.0,,,,,,,,,,B,,,,,,,,,,,,,,,,,,,,,,,,,,,TEST CPG,,GW4AW00F7joUtayKPSFbAm,,,,,,,,,,,,,,,,,,A,,,,,,,,,,,,,,,,,,,,,,,,X,,,,,,,C,,,,,,,,,,,,5.0,,,,,,,,,,,,,,,,,,,,,,,,,,,,,,,,,,,,,,,,,,,,,,L,False,2022-01-31 20:42:13.010068+00:00
50,80000118,10,,,,,,,,,,,,,,,,,,,,,,,,,,,,,,,,,,,,,,,,,,,,,,,,,,,,,,,,,,,,,,,,,,,,,,,,,,,,,,,,,,,,,,,,,,,,,,,,,,,,,,,,,,,,,,,,,,,,,,,,,,,,,,,,,,,,,,,,,,,,,,,,,,,,,,,,,,,,,,,,,,,,,,,,,,,,,,,,,,,,,,,,,,,,,,,,,,,,,,,,,,,,,,,,,,,,,,,,,,,,,,,,,,,,,,,,,,,,,,,,,,,,,,,,,,,,,,,,,,,,,,,,,,,,,,,,,,,,,,,,,,,,,,,,,,,,,,,,,,,,,,,,D,True,2022-02-07 16:29:00.705891+00:00
50,80000138,10,,,,,,,,,,,,,,,,,,,,,,,,,,,,,,,,,,,,,,,,,,,,,,,,,,,,,,,,,,,,,,,,,,,,,,,,,,,,,,,,,,,,,,,,,,,,,,,,,,,,,,,,,,,,,,,,,,,,,,,,,,,,,,,,,,,,,,,,,,,,,,,,,,,,,,,,,,,,,,,,,,,,,,,,,,,,,,,,,,,,,,,,,,,,,,,,,,,,,,,,,,,,,,,,,,,,,,,,,,,,,,,,,,,,,,,,,,,,,,,,,,,,,,,,,,,,,,,,,,,,,,,,,,,,,,,,,,,,,,,,,,,,,,,,,,,,,,,,,,,,,,,,D,True,2022-02-25 08:30:11.829383+00:00
50,80000138,20,,,,,,,,,,,,,,,,,,,,,,,,,,,,,,,,,,,,,,,,,,,,,,,,,,,,,,,,,,,,,,,,,,,,,,,,,,,,,,,,,,,,,,,,,,,,,,,,,,,,,,,,,,,,,,,,,,,,,,,,,,,,,,,,,,,,,,,,,,,,,,,,,,,,,,,,,,,,,,,,,,,,,,,,,,,,,,,,,,,,,,,,,,,,,,,,,,,,,,,,,,,,,,,,,,,,,,,,,,,,,,,,,,,,,,,,,,,,,,,,,,,,,,,,,,,,,,,,,,,,,,,,,,,,,,,,,,,,,,,,,,,,,,,,,,,,,,,,,,,,,,,,D,True,2022-02-25 08:30:11.829383+00:00
50,80000139,10,,,,,,,,,,,,,,,,,,,,,,,,,,,,,,,,,,,,,,,,,,,,,,,,,,,,,,,,,,,,,,,,,,,,,,,,,,,,,,,,,,,,,,,,,,,,,,,,,,,,,,,,,,,,,,,,,,,,,,,,,,,,,,,,,,,,,,,,,,,,,,,,,,,,,,,,,,,,,,,,,,,,,,,,,,,,,,,,,,,,,,,,,,,,,,,,,,,,,,,,,,,,,,,,,,,,,,,,,,,,,,,,,,,,,,,,,,,,,,,,,,,,,,,,,,,,,,,,,,,,,,,,,,,,,,,,,,,,,,,,,,,,,,,,,,,,,,,,,,,,,,,,D,True,2022-02-25 10:20:24.430077+00:00
50,80000139,20,,,,,,,,,,,,,,,,,,,,,,,,,,,,,,,,,,,,,,,,,,,,,,,,,,,,,,,,,,,,,,,,,,,,,,,,,,,,,,,,,,,,,,,,,,,,,,,,,,,,,,,,,,,,,,,,,,,,,,,,,,,,,,,,,,,,,,,,,,,,,,,,,,,,,,,,,,,,,,,,,,,,,,,,,,,,,,,,,,,,,,,,,,,,,,,,,,,,,,,,,,,,,,,,,,,,,,,,,,,,,,,,,,,,,,,,,,,,,,,,,,,,,,,,,,,,,,,,,,,,,,,,,,,,,,,,,,,,,,,,,,,,,,,,,,,,,,,,,,,,,,,,D,True,2022-02-25 10:20:24.430077+00:00
50,80000140,10,,,,,,,,,,,,,,,,,,,,,,,,,,,,,,,,,,,,,,,,,,,,,,,,,,,,,,,,,,,,,,,,,,,,,,,,,,,,,,,,,,,,,,,,,,,,,,,,,,,,,,,,,,,,,,,,,,,,,,,,,,,,,,,,,,,,,,,,,,,,,,,,,,,,,,,,,,,,,,,,,,,,,,,,,,,,,,,,,,,,,,,,,,,,,,,,,,,,,,,,,,,,,,,,,,,,,,,,,,,,,,,,,,,,,,,,,,,,,,,,,,,,,,,,,,,,,,,,,,,,,,,,,,,,,,,,,,,,,,,,,,,,,,,,,,,,,,,,,,,,,,,,D,True,2022-02-25 10:21:42.389183+00:00
50,80000140,20,,,,,,,,,,,,,,,,,,,,,,,,,,,,,,,,,,,,,,,,,,,,,,,,,,,,,,,,,,,,,,,,,,,,,,,,,,,,,,,,,,,,,,,,,,,,,,,,,,,,,,,,,,,,,,,,,,,,,,,,,,,,,,,,,,,,,,,,,,,,,,,,,,,,,,,,,,,,,,,,,,,,,,,,,,,,,,,,,,,,,,,,,,,,,,,,,,,,,,,,,,,,,,,,,,,,,,,,,,,,,,,,,,,,,,,,,,,,,,,,,,,,,,,,,,,,,,,,,,,,,,,,,,,,,,,,,,,,,,,,,,,,,,,,,,,,,,,,,,,,,,,,D,True,2022-02-25 10:21:42.389183+00:00
50,80000141,10,,,,,,,,,,,,,,,,,,,,,,,,,,,,,,,,,,,,,,,,,,,,,,,,,,,,,,,,,,,,,,,,,,,,,,,,,,,,,,,,,,,,,,,,,,,,,,,,,,,,,,,,,,,,,,,,,,,,,,,,,,,,,,,,,,,,,,,,,,,,,,,,,,,,,,,,,,,,,,,,,,,,,,,,,,,,,,,,,,,,,,,,,,,,,,,,,,,,,,,,,,,,,,,,,,,,,,,,,,,,,,,,,,,,,,,,,,,,,,,,,,,,,,,,,,,,,,,,,,,,,,,,,,,,,,,,,,,,,,,,,,,,,,,,,,,,,,,,,,,,,,,,D,True,2022-02-27 05:20:21.418567+00:00
50,80000141,20,,,,,,,,,,,,,,,,,,,,,,,,,,,,,,,,,,,,,,,,,,,,,,,,,,,,,,,,,,,,,,,,,,,,,,,,,,,,,,,,,,,,,,,,,,,,,,,,,,,,,,,,,,,,,,,,,,,,,,,,,,,,,,,,,,,,,,,,,,,,,,,,,,,,,,,,,,,,,,,,,,,,,,,,,,,,,,,,,,,,,,,,,,,,,,,,,,,,,,,,,,,,,,,,,,,,,,,,,,,,,,,,,,,,,,,,,,,,,,,,,,,,,,,,,,,,,,,,,,,,,,,,,,,,,,,,,,,,,,,,,,,,,,,,,,,,,,,,,,,,,,,,D,True,2022-02-27 05:20:21.418567+00:00
50,80000142,10,,,,,,,,,,,,,,,,,,,,,,,,,,,,,,,,,,,,,,,,,,,,,,,,,,,,,,,,,,,,,,,,,,,,,,,,,,,,,,,,,,,,,,,,,,,,,,,,,,,,,,,,,,,,,,,,,,,,,,,,,,,,,,,,,,,,,,,,,,,,,,,,,,,,,,,,,,,,,,,,,,,,,,,,,,,,,,,,,,,,,,,,,,,,,,,,,,,,,,,,,,,,,,,,,,,,,,,,,,,,,,,,,,,,,,,,,,,,,,,,,,,,,,,,,,,,,,,,,,,,,,,,,,,,,,,,,,,,,,,,,,,,,,,,,,,,,,,,,,,,,,,,D,True,2022-02-27 05:20:45.860403+00:00
50,80000142,20,,,,,,,,,,,,,,,,,,,,,,,,,,,,,,,,,,,,,,,,,,,,,,,,,,,,,,,,,,,,,,,,,,,,,,,,,,,,,,,,,,,,,,,,,,,,,,,,,,,,,,,,,,,,,,,,,,,,,,,,,,,,,,,,,,,,,,,,,,,,,,,,,,,,,,,,,,,,,,,,,,,,,,,,,,,,,,,,,,,,,,,,,,,,,,,,,,,,,,,,,,,,,,,,,,,,,,,,,,,,,,,,,,,,,,,,,,,,,,,,,,,,,,,,,,,,,,,,,,,,,,,,,,,,,,,,,,,,,,,,,,,,,,,,,,,,,,,,,,,,,,,,D,True,2022-02-27 05:20:45.860403+00:00
250,80000055,10,,,,,,,,,,,,,,,,,,,,,,,,,,,,,,,,,,,,,,,,,,,,,,,,,,,,,,,,,,,,,,,,,,,,,,,,,,,,,,,,,,,,,,,,,,,,,,,,,,,,,,,,,,,,,,,,,,,,,,,,,,,,,,,,,,,,,,,,,,,,,,,,,,,,,,,,,,,,,,,,,,,,,,,,,,,,,,,,,,,,,,,,,,,,,,,,,,,,,,,,,,,,,,,,,,,,,,,,,,,,,,,,,,,,,,,,,,,,,,,,,,,,,,,,,,,,,,,,,,,,,,,,,,,,,,,,,,,,,,,,,,,,,,,,,,,,,,,,,,,,,,,,D,True,2022-03-01 04:43:40.443877+00:00
250,80000058,10,,,,,,,,,,,,,,,,,,,,,,,,,,,,,,,,,,,,,,,,,,,,,,,,,,,,,,,,,,,,,,,,,,,,,,,,,,,,,,,,,,,,,,,,,,,,,,,,,,,,,,,,,,,,,,,,,,,,,,,,,,,,,,,,,,,,,,,,,,,,,,,,,,,,,,,,,,,,,,,,,,,,,,,,,,,,,,,,,,,,,,,,,,,,,,,,,,,,,,,,,,,,,,,,,,,,,,,,,,,,,,,,,,,,,,,,,,,,,,,,,,,,,,,,,,,,,,,,,,,,,,,,,,,,,,,,,,,,,,,,,,,,,,,,,,,,,,,,,,,,,,,,D,True,2022-03-01 05:41:55.803461+00:00
250,80000059,10,,,,,,,,,,,,,,,,,,,,,,,,,,,,,,,,,,,,,,,,,,,,,,,,,,,,,,,,,,,,,,,,,,,,,,,,,,,,,,,,,,,,,,,,,,,,,,,,,,,,,,,,,,,,,,,,,,,,,,,,,,,,,,,,,,,,,,,,,,,,,,,,,,,,,,,,,,,,,,,,,,,,,,,,,,,,,,,,,,,,,,,,,,,,,,,,,,,,,,,,,,,,,,,,,,,,,,,,,,,,,,,,,,,,,,,,,,,,,,,,,,,,,,,,,,,,,,,,,,,,,,,,,,,,,,,,,,,,,,,,,,,,,,,,,,,,,,,,,,,,,,,,D,True,2022-03-01 06:26:41.357512+00:00
250,80000062,10,,,,,,,,,,,,,,,,,,,,,,,,,,,,,,,,,,,,,,,,,,,,,,,,,,,,,,,,,,,,,,,,,,,,,,,,,,,,,,,,,,,,,,,,,,,,,,,,,,,,,,,,,,,,,,,,,,,,,,,,,,,,,,,,,,,,,,,,,,,,,,,,,,,,,,,,,,,,,,,,,,,,,,,,,,,,,,,,,,,,,,,,,,,,,,,,,,,,,,,,,,,,,,,,,,,,,,,,,,,,,,,,,,,,,,,,,,,,,,,,,,,,,,,,,,,,,,,,,,,,,,,,,,,,,,,,,,,,,,,,,,,,,,,,,,,,,,,,,,,,,,,,D,True,2022-03-01 07:21:37.145900+00:00
250,80000063,10,,,,,,,,,,,,,,,,,,,,,,,,,,,,,,,,,,,,,,,,,,,,,,,,,,,,,,,,,,,,,,,,,,,,,,,,,,,,,,,,,,,,,,,,,,,,,,,,,,,,,,,,,,,,,,,,,,,,,,,,,,,,,,,,,,,,,,,,,,,,,,,,,,,,,,,,,,,,,,,,,,,,,,,,,,,,,,,,,,,,,,,,,,,,,,,,,,,,,,,,,,,,,,,,,,,,,,,,,,,,,,,,,,,,,,,,,,,,,,,,,,,,,,,,,,,,,,,,,,,,,,,,,,,,,,,,,,,,,,,,,,,,,,,,,,,,,,,,,,,,,,,,D,True,2022-03-01 07:34:29.095556+00:00
250,80000056,10,,,,,,,,,,,,,,,,,,,,,,,,,,,,,,,,,,,,,,,,,,,,,,,,,,,,,,,,,,,,,,,,,,,,,,,,,,,,,,,,,,,,,,,,,,,,,,,,,,,,,,,,,,,,,,,,,,,,,,,,,,,,,,,,,,,,,,,,,,,,,,,,,,,,,,,,,,,,,,,,,,,,,,,,,,,,,,,,,,,,,,,,,,,,,,,,,,,,,,,,,,,,,,,,,,,,,,,,,,,,,,,,,,,,,,,,,,,,,,,,,,,,,,,,,,,,,,,,,,,,,,,,,,,,,,,,,,,,,,,,,,,,,,,,,,,,,,,,,,,,,,,,D,True,2022-02-28 12:31:17.509716+00:00
250,180000965,10,,,,,,,,,,,,,,,,,,,,,,,,,,,,,,,,,,,,,,,,,,,,,,,,,,,,,,,,,,,,,,,,,,,,,,,,,,,,,,,,,,,,,,,,,,,,,,,,,,,,,,,,,,,,,,,,,,,,,,,,,,,,,,,,,,,,,,,,,,,,,,,,,,,,,,,,,,,,,,,,,,,,,,,,,,,,,,,,,,,,,,,,,,,,,,,,,,,,,,,,,,,,,,,,,,,,,,,,,,,,,,,,,,,,,,,,,,,,,,,,,,,,,,,,,,,,,,,,,,,,,,,,,,,,,,,,,,,,,,,,,,,,,,,,,,,,,,,,,,,,,,,,D,True,2022-03-02 06:27:24.405829+00:00
250,80000065,10,,,,,,,,,,,,,,,,,,,,,,,,,,,,,,,,,,,,,,,,,,,,,,,,,,,,,,,,,,,,,,,,,,,,,,,,,,,,,,,,,,,,,,,,,,,,,,,,,,,,,,,,,,,,,,,,,,,,,,,,,,,,,,,,,,,,,,,,,,,,,,,,,,,,,,,,,,,,,,,,,,,,,,,,,,,,,,,,,,,,,,,,,,,,,,,,,,,,,,,,,,,,,,,,,,,,,,,,,,,,,,,,,,,,,,,,,,,,,,,,,,,,,,,,,,,,,,,,,,,,,,,,,,,,,,,,,,,,,,,,,,,,,,,,,,,,,,,,,,,,,,,,D,True,2022-03-03 07:58:11.456022+00:00
250,80000066,10,,,,,,,,,,,,,,,,,,,,,,,,,,,,,,,,,,,,,,,,,,,,,,,,,,,,,,,,,,,,,,,,,,,,,,,,,,,,,,,,,,,,,,,,,,,,,,,,,,,,,,,,,,,,,,,,,,,,,,,,,,,,,,,,,,,,,,,,,,,,,,,,,,,,,,,,,,,,,,,,,,,,,,,,,,,,,,,,,,,,,,,,,,,,,,,,,,,,,,,,,,,,,,,,,,,,,,,,,,,,,,,,,,,,,,,,,,,,,,,,,,,,,,,,,,,,,,,,,,,,,,,,,,,,,,,,,,,,,,,,,,,,,,,,,,,,,,,,,,,,,,,,D,True,2022-03-03 08:02:14.630393+00:00
250,80000071,10,,,,,,,,,,,,,,,,,,,,,,,,,,,,,,,,,,,,,,,,,,,,,,,,,,,,,,,,,,,,,,,,,,,,,,,,,,,,,,,,,,,,,,,,,,,,,,,,,,,,,,,,,,,,,,,,,,,,,,,,,,,,,,,,,,,,,,,,,,,,,,,,,,,,,,,,,,,,,,,,,,,,,,,,,,,,,,,,,,,,,,,,,,,,,,,,,,,,,,,,,,,,,,,,,,,,,,,,,,,,,,,,,,,,,,,,,,,,,,,,,,,,,,,,,,,,,,,,,,,,,,,,,,,,,,,,,,,,,,,,,,,,,,,,,,,,,,,,,,,,,,,,D,True,2022-03-07 09:01:33.600956+00:00
250,80000076,10,,,,,,,,,,,,,,,,,,,,,,,,,,,,,,,,,,,,,,,,,,,,,,,,,,,,,,,,,,,,,,,,,,,,,,,,,,,,,,,,,,,,,,,,,,,,,,,,,,,,,,,,,,,,,,,,,,,,,,,,,,,,,,,,,,,,,,,,,,,,,,,,,,,,,,,,,,,,,,,,,,,,,,,,,,,,,,,,,,,,,,,,,,,,,,,,,,,,,,,,,,,,,,,,,,,,,,,,,,,,,,,,,,,,,,,,,,,,,,,,,,,,,,,,,,,,,,,,,,,,,,,,,,,,,,,,,,,,,,,,,,,,,,,,,,,,,,,,,,,,,,,,D,True,2022-03-07 09:08:32.887880+00:00
250,80000072,10,,,,,,,,,,,,,,,,,,,,,,,,,,,,,,,,,,,,,,,,,,,,,,,,,,,,,,,,,,,,,,,,,,,,,,,,,,,,,,,,,,,,,,,,,,,,,,,,,,,,,,,,,,,,,,,,,,,,,,,,,,,,,,,,,,,,,,,,,,,,,,,,,,,,,,,,,,,,,,,,,,,,,,,,,,,,,,,,,,,,,,,,,,,,,,,,,,,,,,,,,,,,,,,,,,,,,,,,,,,,,,,,,,,,,,,,,,,,,,,,,,,,,,,,,,,,,,,,,,,,,,,,,,,,,,,,,,,,,,,,,,,,,,,,,,,,,,,,,,,,,,,,D,True,2022-03-07 08:38:58.094111+00:00
50,80000187,10,,,,,,,,,,,,,,,,,,,,,,,,,,,,,,,,,,,,,,,,,,,,,,,,,,,,,,,,,,,,,,,,,,,,,,,,,,,,,,,,,,,,,,,,,,,,,,,,,,,,,,,,,,,,,,,,,,,,,,,,,,,,,,,,,,,,,,,,,,,,,,,,,,,,,,,,,,,,,,,,,,,,,,,,,,,,,,,,,,,,,,,,,,,,,,,,,,,,,,,,,,,,,,,,,,,,,,,,,,,,,,,,,,,,,,,,,,,,,,,,,,,,,,,,,,,,,,,,,,,,,,,,,,,,,,,,,,,,,,,,,,,,,,,,,,,,,,,,,,,,,,,,D,True,2022-03-19 08:58:45.351162+00:00
50,80000187,20,,,,,,,,,,,,,,,,,,,,,,,,,,,,,,,,,,,,,,,,,,,,,,,,,,,,,,,,,,,,,,,,,,,,,,,,,,,,,,,,,,,,,,,,,,,,,,,,,,,,,,,,,,,,,,,,,,,,,,,,,,,,,,,,,,,,,,,,,,,,,,,,,,,,,,,,,,,,,,,,,,,,,,,,,,,,,,,,,,,,,,,,,,,,,,,,,,,,,,,,,,,,,,,,,,,,,,,,,,,,,,,,,,,,,,,,,,,,,,,,,,,,,,,,,,,,,,,,,,,,,,,,,,,,,,,,,,,,,,,,,,,,,,,,,,,,,,,,,,,,,,,,D,True,2022-03-19 08:58:45.351162+00:00
50,80000188,10,,,,,,,,,,,,,,,,,,,,,,,,,,,,,,,,,,,,,,,,,,,,,,,,,,,,,,,,,,,,,,,,,,,,,,,,,,,,,,,,,,,,,,,,,,,,,,,,,,,,,,,,,,,,,,,,,,,,,,,,,,,,,,,,,,,,,,,,,,,,,,,,,,,,,,,,,,,,,,,,,,,,,,,,,,,,,,,,,,,,,,,,,,,,,,,,,,,,,,,,,,,,,,,,,,,,,,,,,,,,,,,,,,,,,,,,,,,,,,,,,,,,,,,,,,,,,,,,,,,,,,,,,,,,,,,,,,,,,,,,,,,,,,,,,,,,,,,,,,,,,,,,D,True,2022-03-19 08:59:18.187743+00:00
50,80000188,20,,,,,,,,,,,,,,,,,,,,,,,,,,,,,,,,,,,,,,,,,,,,,,,,,,,,,,,,,,,,,,,,,,,,,,,,,,,,,,,,,,,,,,,,,,,,,,,,,,,,,,,,,,,,,,,,,,,,,,,,,,,,,,,,,,,,,,,,,,,,,,,,,,,,,,,,,,,,,,,,,,,,,,,,,,,,,,,,,,,,,,,,,,,,,,,,,,,,,,,,,,,,,,,,,,,,,,,,,,,,,,,,,,,,,,,,,,,,,,,,,,,,,,,,,,,,,,,,,,,,,,,,,,,,,,,,,,,,,,,,,,,,,,,,,,,,,,,,,,,,,,,,D,True,2022-03-19 08:59:18.187743+00:00
50,80001663,10,,,,,,,,,,,,,,,,,,,,,,,,,,,,,,,,,,,,,,,,,,,,,,,,,,,,,,,,,,,,,,,,,,,,,,,,,,,,,,,,,,,,,,,,,,,,,,,,,,,,,,,,,,,,,,,,,,,,,,,,,,,,,,,,,,,,,,,,,,,,,,,,,,,,,,,,,,,,,,,,,,,,,,,,,,,,,,,,,,,,,,,,,,,,,,,,,,,,,,,,,,,,,,,,,,,,,,,,,,,,,,,,,,,,,,,,,,,,,,,,,,,,,,,,,,,,,,,,,,,,,,,,,,,,,,,,,,,,,,,,,,,,,,,,,,,,,,,,,,,,,,,,D,True,2022-03-23 02:51:34.649691+00:00
50,80001663,20,,,,,,,,,,,,,,,,,,,,,,,,,,,,,,,,,,,,,,,,,,,,,,,,,,,,,,,,,,,,,,,,,,,,,,,,,,,,,,,,,,,,,,,,,,,,,,,,,,,,,,,,,,,,,,,,,,,,,,,,,,,,,,,,,,,,,,,,,,,,,,,,,,,,,,,,,,,,,,,,,,,,,,,,,,,,,,,,,,,,,,,,,,,,,,,,,,,,,,,,,,,,,,,,,,,,,,,,,,,,,,,,,,,,,,,,,,,,,,,,,,,,,,,,,,,,,,,,,,,,,,,,,,,,,,,,,,,,,,,,,,,,,,,,,,,,,,,,,,,,,,,,D,True,2022-03-23 02:51:34.649691+00:00
50,80001664,10,,,,,,,,,,,,,,,,,,,,,,,,,,,,,,,,,,,,,,,,,,,,,,,,,,,,,,,,,,,,,,,,,,,,,,,,,,,,,,,,,,,,,,,,,,,,,,,,,,,,,,,,,,,,,,,,,,,,,,,,,,,,,,,,,,,,,,,,,,,,,,,,,,,,,,,,,,,,,,,,,,,,,,,,,,,,,,,,,,,,,,,,,,,,,,,,,,,,,,,,,,,,,,,,,,,,,,,,,,,,,,,,,,,,,,,,,,,,,,,,,,,,,,,,,,,,,,,,,,,,,,,,,,,,,,,,,,,,,,,,,,,,,,,,,,,,,,,,,,,,,,,,D,True,2022-03-23 03:02:47.018985+00:00
50,80001664,20,,,,,,,,,,,,,,,,,,,,,,,,,,,,,,,,,,,,,,,,,,,,,,,,,,,,,,,,,,,,,,,,,,,,,,,,,,,,,,,,,,,,,,,,,,,,,,,,,,,,,,,,,,,,,,,,,,,,,,,,,,,,,,,,,,,,,,,,,,,,,,,,,,,,,,,,,,,,,,,,,,,,,,,,,,,,,,,,,,,,,,,,,,,,,,,,,,,,,,,,,,,,,,,,,,,,,,,,,,,,,,,,,,,,,,,,,,,,,,,,,,,,,,,,,,,,,,,,,,,,,,,,,,,,,,,,,,,,,,,,,,,,,,,,,,,,,,,,,,,,,,,,D,True,2022-03-23 03:02:47.018985+00:00
50,80001664,30,,,,,,,,,,,,,,,,,,,,,,,,,,,,,,,,,,,,,,,,,,,,,,,,,,,,,,,,,,,,,,,,,,,,,,,,,,,,,,,,,,,,,,,,,,,,,,,,,,,,,,,,,,,,,,,,,,,,,,,,,,,,,,,,,,,,,,,,,,,,,,,,,,,,,,,,,,,,,,,,,,,,,,,,,,,,,,,,,,,,,,,,,,,,,,,,,,,,,,,,,,,,,,,,,,,,,,,,,,,,,,,,,,,,,,,,,,,,,,,,,,,,,,,,,,,,,,,,,,,,,,,,,,,,,,,,,,,,,,,,,,,,,,,,,,,,,,,,,,,,,,,,D,True,2022-03-23 03:02:47.018985+00:00
50,80001664,40,,,,,,,,,,,,,,,,,,,,,,,,,,,,,,,,,,,,,,,,,,,,,,,,,,,,,,,,,,,,,,,,,,,,,,,,,,,,,,,,,,,,,,,,,,,,,,,,,,,,,,,,,,,,,,,,,,,,,,,,,,,,,,,,,,,,,,,,,,,,,,,,,,,,,,,,,,,,,,,,,,,,,,,,,,,,,,,,,,,,,,,,,,,,,,,,,,,,,,,,,,,,,,,,,,,,,,,,,,,,,,,,,,,,,,,,,,,,,,,,,,,,,,,,,,,,,,,,,,,,,,,,,,,,,,,,,,,,,,,,,,,,,,,,,,,,,,,,,,,,,,,,D,True,2022-03-23 03:02:47.018985+00:00
250,180000942,10,ELN,VISHAKHA,07:52:57,2022-02-04,TEST F1,,SNACK,2000.0,2001.0,,,,,40.0,KG,KG,1.0,1.0,,,,,,,,,,,,,40.0,Test Fert SC,,,,,,4500000045.0,10.0,,,,,,,,,,,,101.0,,,,,FERT,,,,,,,,,,,,,,,,,,,,,,,,,,,,,,,,,,,,,,,,,V,,,,,,,,,,,,,,,,,,,,,,,,,,,,,,,,,,,,,,,,,,,,,,,,,,,,,,,,,,,,40.0,40.0,,,,,,,,,,B,,,,,,,,,,,,,,,,,,,,,,,,,,,TEST F1,,GW4AW00F7joXiUxgLiI5Am,,,,,,,,,,,,,,,,,,A,,,,,,,,,,,,,,,,,,,,,,,,X,,,,,,,C,,,,,,,,,,,,40.0,,,,,,,,,,,,,,,,,,,,,,,,,,,,,,,,,,,,,,,,,,,,,,I,False,2022-02-04 07:52:57.654954+00:00
250,180000010,10,ELN,MOUNIKAPALI,13:28:07,2022-01-24,TEST M1,,GRAINS,2000.0,2001.0,,,,,10.0,KG,KG,1.0,1.0,,,,,,,,,,,,,10.0,Test Material 1,,,,,,4500000016.0,10.0,,,,,,,,,,,,101.0,,,,,ROH,,,,,,,,,,,,,,,,,,,,,,,,,,,,,,,,,,,,,,,,,V,,,,,,,,,,,,,,,,,,,,,,,,,,,,,,,,,,,,,,,,,,,,,,,,,,,,,,,,,,,,10.0,10.0,,,,,,,,,,B,,,,,,,,,,,,,,,,,,,,,,,,,,,TEST M1,,GW4AW00F7joVeoxdxC}bAm,,,,,,,,,,,,,,,,,,A,,,,,,,,,,,,,,,,,,,,,,,,X,,,,,,,C,,,,,,,,,,,,10.0,,,,,,,,,,,,,,,,,,,,,,,,,,,,,,,,,,,,,,,,,,,,,,L,False,2022-01-31 20:42:13.010068+00:00
250,180000011,10,ELN,MOUNIKAPALI,14:22:04,2022-01-24,TEST M1,,GRAINS,2000.0,2001.0,,,,,10.0,KG,KG,1.0,1.0,,,,,,,,,,,,,10.0,Test Material 1,,,,,,4500000017.0,10.0,,,,,,,,,,,,101.0,,,,,ROH,,,,,,,,,,,,,,,,,,,,,,,,,,,,,,,,,,,,,,,,,V,,,,,,,,,,,,,,,,,,,,,,,,,,,,,,,,,,,,,,,,,,,,,,,,,,,,,,,,,,,,10.0,10.0,,,,,,,,,,B,,,,,,,,,,,,,,,,,,,,,,,,,,,TEST M1,,GW4AW00F7joVf20eL09bAm,,,,,,,,,,,,,,,,,,A,,,,,,,,,,,,,,,,,,,,,,,,X,,,,,,,C,,,,,,,,,,,,10.0,,,,,,,,,,,,,,,,,,,,,,,,,,,,,,,,,,,,,,,,,,,,,,L,False,2022-01-31 20:42:13.010068+00:00
250,180000013,10,ELN,MOUNIKAPALI,09:03:25,2022-01-25,TEST M1,,GRAINS,1000.0,1001.0,,,,,10.0,KG,KG,1.0,1.0,,,,,,,,,,,,,10.0,Test Material 1,,,,,,4500000021.0,10.0,,,,,,,,,,,,101.0,,,,,ROH,,,,,,,,,,,,,,,,,,,,,,,,,,,,,,,,,,,,,,,,,V,,,,,,,,,,,,,,,,,,,,,,,,,,,,,,,,,,,,,,,,,,,,,,,,,,,,,,,,,,,,10.0,10.0,,,,,,,,,,B,,,,,,,,,,,,,,,,,,,,,,,,,,,TEST M1,,GW4AW00F7joVjxJh4}QbAm,,,,,,,,,,,,,,,,,,A,,,,,,,,,,,,,,,,,,,,,,,,X,,,,,,,C,,,,,,,,,,,,10.0,,,,,,,,,,,,,,,,,,,,,,,,,,,,,,,,,,,,,,,,,,,,,,L,False,2022-01-31 20:42:13.010068+00:00
250,180000019,10,ELN,MOUNIKAPALI,06:11:16,2022-02-03,TEST M1,,GRAINS,1000.0,1001.0,,,,,10.0,KG,KG,1.0,1.0,,,,,,,,,,,,,10.0,Test Material 1,,,,,,4500000050.0,10.0,,,,,,,,,,,,101.0,,,,,ROH,,,,,,,,,,,,,,,,,,,,,,,,,,,,,,,,,,,,,,,,,V,,,,,,,,,,,,,,,,,,,,,,,,,,,,,,,,,,,,,,,,,,,,,,,,,,,,,,,,,,,,10.0,10.0,,,,,,,,,,B,,,,,,,,,,,,,,,,,,,,,,,,,,,TEST M1,,GW4AW00F7joXbmC1NQtbAm,,,,,,,,,,,,,,,,,,A,,,,,,,,,,,,,,,,,,,,,,,,X,,,,,,,C,,,,,,,,,,,,10.0,,,,,,,,,,,,,,,,,,,,,,,,,,,,,,,,,,,,,,,,,,,,,,I,False,2022-02-03 06:11:29.007323+00:00
250,180000020,10,ELN,MOUNIKAPALI,06:13:48,2022-02-03,TEST M1,,GRAINS,1000.0,1001.0,,,,,10.0,KG,KG,1.0,1.0,,,,,,,,,,,,,10.0,Test Material 1,,,,,,4500000047.0,10.0,,,,,,,,,,,,101.0,,,,,ROH,,,,,,,,,,,,,,,,,,,,,,,,,,,,,,,,,,,,,,,,,V,,,,,,,,,,,,,,,,,,,,,,,,,,,,,,,,,,,,,,,,,,,,,,,,,,,,,,,,,,,,10.0,10.0,,,,,,,,,,B,,,,,,,,,,,,,,,,,,,,,,,,,,,TEST M1,,GW4AW00F7joXbmvZ3o8bAm,,,,,,,,,,,,,,,,,,A,,,,,,,,,,,,,,,,,,,,,,,,X,,,,,,,C,,,,,,,,,,,,10.0,,,,,,,,,,,,,,,,,,,,,,,,,,,,,,,,,,,,,,,,,,,,,,I,False,2022-02-03 06:14:16.389400+00:00
250,180000021,10,ELN,MOUNIKAPALI,06:13:48,2022-02-03,TEST M1,,GRAINS,2000.0,2001.0,,,,,10.0,KG,KG,1.0,1.0,,,,,,,,,,,,,10.0,Test Material 1,,,,,,4500000048.0,10.0,,,,,,,,,,,,101.0,,,,,ROH,,,,,,,,,,,,,,,,,,,,,,,,,,,,,,,,,,,,,,,,,V,,,,,,,,,,,,,,,,,,,,,,,,,,,,,,,,,,,,,,,,,,,,,,,,,,,,,,,,,,,,10.0,10.0,,,,,,,,,,B,,,,,,,,,,,,,,,,,,,,,,,,,,,TEST M1,,GW4AW00F7joXbmvZ3o9bAm,,,,,,,,,,,,,,,,,,A,,,,,,,,,,,,,,,,,,,,,,,,X,,,,,,,C,,,,,,,,,,,,10.0,,,,,,,,,,,,,,,,,,,,,,,,,,,,,,,,,,,,,,,,,,,,,,I,False,2022-02-03 06:14:16.389400+00:00
250,180000030,10,ELN,VISHAKHA,07:41:15,2022-02-03,TEST M1,,GRAINS,1000.0,1001.0,,,,,10.0,KG,KG,1.0,1.0,,,,,,,,,,,,,10.0,Test Material 1,,,,,,4500000055.0,10.0,,,,,,,,,,,,101.0,,,,,ROH,,,,,,,,,,,,,,,,,,,,,,,,,,,,,,,,,,,,,,,,,V,,,,,,,,,,,,,,,,,,,,,,,,,,,,,,,,,,,,,,,,,,,,,,,,,,,,,,,,,,,,10.0,10.0,,,,,,,,,,B,,,,,,,,,,,,,,,,,,,,,,,,,,,TEST M1,,GW4AW00F7joXc9LWkoVbAm,,,,,,,,,,,,,,,,,,A,,,,,,,,,,,,,,,,,,,,,,,,X,,,,,,,C,,,,,,,,,,,,10.0,,,,,,,,,,,,,,,,,,,,,,,,,,,,,,,,,,,,,,,,,,,,,,I,False,2022-02-03 07:41:19.818784+00:00
250,180000033,10,ELN,MOUNIKAPALI,07:54:02,2022-02-03,TEST M1,,GRAINS,1000.0,1001.0,,,,,10.0,KG,KG,1.0,1.0,,,,,,,,,,,,,10.0,Test Material 1,,,,,,4500000056.0,10.0,,,,,,,,,,,,101.0,,,,,ROH,,,,,,,,,,,,,,,,,,,,,,,,,,,,,,,,,,,,,,,,,V,,,,,,,,,,,,,,,,,,,,,,,,,,,,,,,,,,,,,,,,,,,,,,,,,,,,,,,,,,,,10.0,10.0,,,,,,,,,,B,,,,,,,,,,,,,,,,,,,,,,,,,,,TEST M1,,GW4AW00F7joXcCvprdzbAm,,,,,,,,,,,,,,,,,,A,,,,,,,,,,,,,,,,,,,,,,,,X,,,,,,,C,,,,,,,,,,,,10.0,,,,,,,,,,,,,,,,,,,,,,,,,,,,,,,,,,,,,,,,,,,,,,I,False,2022-02-03 07:54:07.639288+00:00
250,180000034,10,ELN,MOUNIKAPALI,08:03:35,2022-02-03,TEST M1,,GRAINS,1000.0,1001.0,,,,,10.0,KG,KG,1.0,1.0,,,,,,,,,,,,,10.0,Test Material 1,,,,,,4500000057.0,10.0,,,,,,,,,,,,101.0,,,,,ROH,,,,,,,,,,,,,,,,,,,,,,,,,,,,,,,,,,,,,,,,,V,,,,,,,,,,,,,,,,,,,,,,,,,,,,,,,,,,,,,,,,,,,,,,,,,,,,,,,,,,,,10.0,10.0,,,,,,,,,,B,,,,,,,,,,,,,,,,,,,,,,,,,,,TEST M1,,GW4AW00F7joXcFaVJ9YbAm,,,,,,,,,,,,,,,,,,A,,,,,,,,,,,,,,,,,,,,,,,,X,,,,,,,C,,,,,,,,,,,,10.0,,,,,,,,,,,,,,,,,,,,,,,,,,,,,,,,,,,,,,,,,,,,,,I,False,2022-02-03 08:03:39.361245+00:00
250,180000035,10,ELN,MOUNIKAPALI,08:15:22,2022-02-03,TEST M1,,GRAINS,1000.0,1001.0,,,,,10.0,KG,KG,1.0,1.0,,,,,,,,,,,,,10.0,Test Material 1,,,,,,4500000058.0,10.0,,,,,,,,,,,,101.0,,,,,ROH,,,,,,,,,,,,,,,,,,,,,,,,,,,,,,,,,,,,,,,,,V,,,,,,,,,,,,,,,,,,,,,,,,,,,,,,,,,,,,,,,,,,,,,,,,,,,,,,,,,,,,10.0,10.0,,,,,,,,,,B,,,,,,,,,,,,,,,,,,,,,,,,,,,TEST M1,,GW4AW00F7joXcItN5WebAm,,,,,,,,,,,,,,,,,,A,,,,,,,,,,,,,,,,,,,,,,,,X,,,,,,,C,,,,,,,,,,,,10.0,,,,,,,,,,,,,,,,,,,,,,,,,,,,,,,,,,,,,,,,,,,,,,I,False,2022-02-03 08:15:36.771353+00:00
250,180000036,10,ELN,MOUNIKAPALI,08:25:53,2022-02-03,TEST M1,,GRAINS,1000.0,1001.0,,,,,10.0,KG,KG,1.0,1.0,,,,,,,,,,,,,10.0,Test Material 1,,,,,,4500000059.0,10.0,,,,,,,,,,,,101.0,,,,,ROH,,,,,,,,,,,,,,,,,,,,,,,,,,,,,,,,,,,,,,,,,V,,,,,,,,,,,,,,,,,,,,,,,,,,,,,,,,,,,,,,,,,,,,,,,,,,,,,,,,,,,,10.0,10.0,,,,,,,,,,B,,,,,,,,,,,,,,,,,,,,,,,,,,,TEST M1,,GW4AW00F7joXcLpQ8DPbAm,,,,,,,,,,,,,,,,,,A,,,,,,,,,,,,,,,,,,,,,,,,X,,,,,,,C,,,,,,,,,,,,10.0,,,,,,,,,,,,,,,,,,,,,,,,,,,,,,,,,,,,,,,,,,,,,,I,False,2022-02-03 08:25:56.444519+00:00
250,180000037,10,ELN,GAIKWADPAWAR,08:27:31,2022-02-03,TEST M1,,GRAINS,1000.0,1001.0,,,,,10.0,KG,KG,1.0,1.0,,,,,,,,,,,,,10.0,Test Material 1,,,,,,4500000060.0,10.0,,,,,,,,,,,,101.0,,,,,ROH,,,,,,,,,,,,,,,,,,,,,,,,,,,,,,,,,,,,,,,,,V,,,,,,,,,,,,,,,,,,,,,,,,,,,,,,,,,,,,,,,,,,,,,,,,,,,,,,,,,,,,10.0,10.0,,,,,,,,,,B,,,,,,,,,,,,,,,,,,,,,,,,,,,TEST M1,,GW4AW00F7joXcMGMH22bAm,,,,,,,,,,,,,,,,,,A,,,,,,,,,,,,,,,,,,,,,,,,X,,,,,,,C,,,,,,,,,,,,10.0,,,,,,,,,,,,,,,,,,,,,,,,,,,,,,,,,,,,,,,,,,,,,,I,False,2022-02-03 08:27:38.484736+00:00
250,180000042,10,ELN,VISHAKHA,13:07:28,2022-02-03,TEST M1,,GRAINS,1000.0,1001.0,,,,,6.0,KG,KG,1.0,1.0,,,,,,,,,,,,,6.0,Test Material 1,,,,,,4500000064.0,10.0,,,,,,,,,,,,101.0,,,,,ROH,,,,,,,,,,,,,,,,,,,,,,,,,,,,,,,,,,,,,,,,,V,,,,,,,,,,,,,,,,,,,,,,,,,,,,,,,,,,,,,,,,,,,,,,,,,,,,,,,,,,,,6.0,6.0,,,,,,,,,,B,,,,,,,,,,,,,,,,,,,,,,,,,,,TEST M1,,GW4AW00F7joXdaUP03l5Am,,,,,,,,,,,,,,,,,,A,,,,,,,,,,,,,,,,,,,,,,,,X,,,,,,,C,,,,,,,,,,,,6.0,,,,,,,,,,,,,,,,,,,,,,,,,,,,,,,,,,,,,,,,,,,,,,I,False,2022-02-03 13:07:31.116998+00:00
250,180000741,10,ELN,VISHAKHA,07:52:27,2022-02-04,TEST M1,,GRAINS,2000.0,2001.0,,,,,10.0,KG,KG,1.0,1.0,,,,,,,,,,,,,10.0,Test Material 1,,,,,,4500000016.0,10.0,,,,,,,,,,,,101.0,,,,,ROH,,,,,,,,,,,,,,,,,,,,,,,,,,,,,,,,,,,,,,,,,V,,,,,,,,,,,,,,,,,,,,,,,,,,,,,,,,,,,,,,,,,,,,,,,,,,,,,,,,,,,,10.0,10.0,,,,,,,,,,B,,,,,,,,,,,,,,,,,,,,,,,,,,,TEST M1,,GW4AW00F7joXiUojaNbbAm,,,,,,,,,,,,,,,,,,A,,,,,,,,,,,,,,,,,,,,,,,,X,,,,,,,C,,,,,,,,,,,,10.0,,,,,,,,,,,,,,,,,,,,,,,,,,,,,,,,,,,,,,,,,,,,,,I,False,2022-02-04 07:52:27.398803+00:00
250,180000742,10,ELN,VISHAKHA,07:52:27,2022-02-04,TEST M1,,GRAINS,2000.0,2001.0,,,,,10.0,KG,KG,1.0,1.0,,,,,,,,,,,,,10.0,Test Material 1,,,,,,4500000017.0,10.0,,,,,,,,,,,,101.0,,,,,ROH,,,,,,,,,,,,,,,,,,,,,,,,,,,,,,,,,,,,,,,,,V,,,,,,,,,,,,,,,,,,,,,,,,,,,,,,,,,,,,,,,,,,,,,,,,,,,,,,,,,,,,10.0,10.0,,,,,,,,,,B,,,,,,,,,,,,,,,,,,,,,,,,,,,TEST M1,,GW4AW00F7joXiUojaNe5Am,,,,,,,,,,,,,,,,,,A,,,,,,,,,,,,,,,,,,,,,,,,X,,,,,,,C,,,,,,,,,,,,10.0,,,,,,,,,,,,,,,,,,,,,,,,,,,,,,,,,,,,,,,,,,,,,,I,False,2022-02-04 07:52:27.827365+00:00
250,180000743,10,ELN,VISHAKHA,07:52:27,2022-02-04,TEST M1,,GRAINS,1000.0,1001.0,,,,,10.0,KG,KG,1.0,1.0,,,,,,,,,,,,,10.0,Test Material 1,,,,,,4500000021.0,10.0,,,,,,,,,,,,101.0,,,,,ROH,,,,,,,,,,,,,,,,,,,,,,,,,,,,,,,,,,,,,,,,,V,,,,,,,,,,,,,,,,,,,,,,,,,,,,,,,,,,,,,,,,,,,,,,,,,,,,,,,,,,,,10.0,10.0,,,,,,,,,,B,,,,,,,,,,,,,,,,,,,,,,,,,,,TEST M1,,GW4AW00F7joXiUojaNgbAm,,,,,,,,,,,,,,,,,,A,,,,,,,,,,,,,,,,,,,,,,,,X,,,,,,,C,,,,,,,,,,,,10.0,,,,,,,,,,,,,,,,,,,,,,,,,,,,,,,,,,,,,,,,,,,,,,I,False,2022-02-04 07:52:27.827365+00:00
250,180000747,10,ELN,VISHAKHA,07:52:28,2022-02-04,TEST M1,,GRAINS,2000.0,2001.0,,,,,10.0,KG,KG,1.0,1.0,,,,,,,,,,,,,10.0,Test Material 1,,,,,,4500000028.0,10.0,,,,,,,,,,,,101.0,,,,,ROH,,,,,,,,,,,,,,,,,,,,,,,,,,,,,,,,,,,,,,,,,V,,,,,,,,,,,,,,,,,,,,,,,,,,,,,,,,,,,,,,,,,,,,,,,,,,,,,,,,,,,,10.0,10.0,,,,,,,,,,B,,,,,,,,,,,,,,,,,,,,,,,,,,,TEST M1,,GW4AW00F7joXiUojaNs5Am,,,,,,,,,,,,,,,,,,A,,,,,,,,,,,,,,,,,,,,,,,,X,,,,,,,C,,,,,,,,,,,,10.0,,,,,,,,,,,,,,,,,,,,,,,,,,,,,,,,,,,,,,,,,,,,,,I,False,2022-02-04 07:52:28.657645+00:00
250,180000754,10,ELN,VISHAKHA,07:52:29,2022-02-04,TEST M1,,GRAINS,1000.0,1001.0,,,,,10.0,KG,KG,1.0,1.0,,,,,,,,,,,,,10.0,Test Material 1,,,,,,4500000032.0,10.0,,,,,,,,,,,,101.0,,,,,ROH,,,,,,,,,,,,,,,,,,,,,,,,,,,,,,,,,,,,,,,,,V,,,,,,,,,,,,,,,,,,,,,,,,,,,,,,,,,,,,,,,,,,,,,,,,,,,,,,,,,,,,10.0,10.0,,,,,,,,,,B,,,,,,,,,,,,,,,,,,,,,,,,,,,TEST M1,,GW4AW00F7joXiUpJg8ybAm,,,,,,,,,,,,,,,,,,A,,,,,,,,,,,,,,,,,,,,,,,,X,,,,,,,C,,,,,,,,,,,,10.0,,,,,,,,,,,,,,,,,,,,,,,,,,,,,,,,,,,,,,,,,,,,,,I,False,2022-02-04 07:52:29.515413+00:00
250,180000755,10,ELN,VISHAKHA,07:52:29,2022-02-04,TEST M1,,GRAINS,2000.0,2001.0,,,,,10.0,KG,KG,1.0,1.0,,,,,,,,,,,,,10.0,Test Material 1,,,,,,4500000048.0,10.0,,,,,,,,,,,,101.0,,,,,ROH,,,,,,,,,,,,,,,,,,,,,,,,,,,,,,,,,,,,,,,,,V,,,,,,,,,,,,,,,,,,,,,,,,,,,,,,,,,,,,,,,,,,,,,,,,,,,,,,,,,,,,10.0,10.0,,,,,,,,,,B,,,,,,,,,,,,,,,,,,,,,,,,,,,TEST M1,,GW4AW00F7joXiUpJg8}bAm,,,,,,,,,,,,,,,,,,A,,,,,,,,,,,,,,,,,,,,,,,,X,,,,,,,C,,,,,,,,,,,,10.0,,,,,,,,,,,,,,,,,,,,,,,,,,,,,,,,,,,,,,,,,,,,,,I,False,2022-02-04 07:52:29.930733+00:00
250,180000756,10,ELN,VISHAKHA,07:52:29,2022-02-04,TEST M1,,GRAINS,1000.0,1001.0,,,,,10.0,KG,KG,1.0,1.0,,,,,,,,,,,,,10.0,Test Material 1,,,,,,4500000050.0,10.0,,,,,,,,,,,,101.0,,,,,ROH,,,,,,,,,,,,,,,,,,,,,,,,,,,,,,,,,,,,,,,,,V,,,,,,,,,,,,,,,,,,,,,,,,,,,,,,,,,,,,,,,,,,,,,,,,,,,,,,,,,,,,10.0,10.0,,,,,,,,,,B,,,,,,,,,,,,,,,,,,,,,,,,,,,TEST M1,,GW4AW00F7joXiUpJg925Am,,,,,,,,,,,,,,,,,,A,,,,,,,,,,,,,,,,,,,,,,,,X,,,,,,,C,,,,,,,,,,,,10.0,,,,,,,,,,,,,,,,,,,,,,,,,,,,,,,,,,,,,,,,,,,,,,I,False,2022-02-04 07:52:29.930733+00:00
250,180000757,10,ELN,VISHAKHA,07:52:29,2022-02-04,TEST M1,,GRAINS,1000.0,1001.0,,,,,10.0,KG,KG,1.0,1.0,,,,,,,,,,,,,10.0,Test Material 1,,,,,,4500000055.0,10.0,,,,,,,,,,,,101.0,,,,,ROH,,,,,,,,,,,,,,,,,,,,,,,,,,,,,,,,,,,,,,,,,V,,,,,,,,,,,,,,,,,,,,,,,,,,,,,,,,,,,,,,,,,,,,,,,,,,,,,,,,,,,,10.0,10.0,,,,,,,,,,B,,,,,,,,,,,,,,,,,,,,,,,,,,,TEST M1,,GW4AW00F7joXiUpJg94bAm,,,,,,,,,,,,,,,,,,A,,,,,,,,,,,,,,,,,,,,,,,,X,,,,,,,C,,,,,,,,,,,,10.0,,,,,,,,,,,,,,,,,,,,,,,,,,,,,,,,,,,,,,,,,,,,,,I,False,2022-02-04 07:52:29.930733+00:00
250,180000758,10,ELN,VISHAKHA,07:52:29,2022-02-04,TEST M1,,GRAINS,1000.0,1001.0,,,,,10.0,KG,KG,1.0,1.0,,,,,,,,,,,,,10.0,Test Material 1,,,,,,4500000056.0,10.0,,,,,,,,,,,,101.0,,,,,ROH,,,,,,,,,,,,,,,,,,,,,,,,,,,,,,,,,,,,,,,,,V,,,,,,,,,,,,,,,,,,,,,,,,,,,,,,,,,,,,,,,,,,,,,,,,,,,,,,,,,,,,10.0,10.0,,,,,,,,,,B,,,,,,,,,,,,,,,,,,,,,,,,,,,TEST M1,,GW4AW00F7joXiUpJg975Am,,,,,,,,,,,,,,,,,,A,,,,,,,,,,,,,,,,,,,,,,,,X,,,,,,,C,,,,,,,,,,,,10.0,,,,,,,,,,,,,,,,,,,,,,,,,,,,,,,,,,,,,,,,,,,,,,I,False,2022-02-04 07:52:30.307321+00:00
250,180000759,10,ELN,VISHAKHA,07:52:30,2022-02-04,TEST M1,,GRAINS,1000.0,1001.0,,,,,10.0,KG,KG,1.0,1.0,,,,,,,,,,,,,10.0,Test Material 1,,,,,,4500000057.0,10.0,,,,,,,,,,,,101.0,,,,,ROH,,,,,,,,,,,,,,,,,,,,,,,,,,,,,,,,,,,,,,,,,V,,,,,,,,,,,,,,,,,,,,,,,,,,,,,,,,,,,,,,,,,,,,,,,,,,,,,,,,,,,,10.0,10.0,,,,,,,,,,B,,,,,,,,,,,,,,,,,,,,,,,,,,,TEST M1,,GW4AW00F7joXiUpJg99bAm,,,,,,,,,,,,,,,,,,A,,,,,,,,,,,,,,,,,,,,,,,,X,,,,,,,C,,,,,,,,,,,,10.0,,,,,,,,,,,,,,,,,,,,,,,,,,,,,,,,,,,,,,,,,,,,,,I,False,2022-02-04 07:52:30.307321+00:00
250,180000760,10,ELN,VISHAKHA,07:52:30,2022-02-04,TEST M1,,GRAINS,1000.0,1001.0,,,,,10.0,KG,KG,1.0,1.0,,,,,,,,,,,,,10.0,Test Material 1,,,,,,4500000058.0,10.0,,,,,,,,,,,,101.0,,,,,ROH,,,,,,,,,,,,,,,,,,,,,,,,,,,,,,,,,,,,,,,,,V,,,,,,,,,,,,,,,,,,,,,,,,,,,,,,,,,,,,,,,,,,,,,,,,,,,,,,,,,,,,10.0,10.0,,,,,,,,,,B,,,,,,,,,,,,,,,,,,,,,,,,,,,TEST M1,,GW4AW00F7joXiUpJg9C5Am,,,,,,,,,,,,,,,,,,A,,,,,,,,,,,,,,,,,,,,,,,,X,,,,,,,C,,,,,,,,,,,,10.0,,,,,,,,,,,,,,,,,,,,,,,,,,,,,,,,,,,,,,,,,,,,,,I,False,2022-02-04 07:52:30.307321+00:00
250,180000761,10,ELN,VISHAKHA,07:52:30,2022-02-04,TEST M1,,GRAINS,1000.0,1001.0,,,,,10.0,KG,KG,1.0,1.0,,,,,,,,,,,,,10.0,Test Material 1,,,,,,4500000059.0,10.0,,,,,,,,,,,,101.0,,,,,ROH,,,,,,,,,,,,,,,,,,,,,,,,,,,,,,,,,,,,,,,,,V,,,,,,,,,,,,,,,,,,,,,,,,,,,,,,,,,,,,,,,,,,,,,,,,,,,,,,,,,,,,10.0,10.0,,,,,,,,,,B,,,,,,,,,,,,,,,,,,,,,,,,,,,TEST M1,,GW4AW00F7joXiUpJg9EbAm,,,,,,,,,,,,,,,,,,A,,,,,,,,,,,,,,,,,,,,,,,,X,,,,,,,C,,,,,,,,,,,,10.0,,,,,,,,,,,,,,,,,,,,,,,,,,,,,,,,,,,,,,,,,,,,,,I,False,2022-02-04 07:52:30.746755+00:00
250,180000762,10,ELN,VISHAKHA,07:52:30,2022-02-04,TEST M1,,GRAINS,1000.0,1001.0,,,,,10.0,KG,KG,1.0,1.0,,,,,,,,,,,,,10.0,Test Material 1,,,,,,4500000060.0,10.0,,,,,,,,,,,,101.0,,,,,ROH,,,,,,,,,,,,,,,,,,,,,,,,,,,,,,,,,,,,,,,,,V,,,,,,,,,,,,,,,,,,,,,,,,,,,,,,,,,,,,,,,,,,,,,,,,,,,,,,,,,,,,10.0,10.0,,,,,,,,,,B,,,,,,,,,,,,,,,,,,,,,,,,,,,TEST M1,,GW4AW00F7joXiUpJg9H5Am,,,,,,,,,,,,,,,,,,A,,,,,,,,,,,,,,,,,,,,,,,,X,,,,,,,C,,,,,,,,,,,,10.0,,,,,,,,,,,,,,,,,,,,,,,,,,,,,,,,,,,,,,,,,,,,,,I,False,2022-02-04 07:52:30.746755+00:00
250,180000763,10,ELN,VISHAKHA,07:52:30,2022-02-04,TEST M1,,GRAINS,1000.0,1001.0,,,,,10.0,KG,KG,1.0,1.0,,,,,,,,,,,,,10.0,Test Material 1,,,,,,4500000061.0,10.0,,,,,,,,,,,,101.0,,,,,ROH,,,,,,,,,,,,,,,,,,,,,,,,,,,,,,,,,,,,,,,,,V,,,,,,,,,,,,,,,,,,,,,,,,,,,,,,,,,,,,,,,,,,,,,,,,,,,,,,,,,,,,10.0,10.0,,,,,,,,,,B,,,,,,,,,,,,,,,,,,,,,,,,,,,TEST M1,,GW4AW00F7joXiUpJg9JbAm,,,,,,,,,,,,,,,,,,A,,,,,,,,,,,,,,,,,,,,,,,,X,,,,,,,C,,,,,,,,,,,,10.0,,,,,,,,,,,,,,,,,,,,,,,,,,,,,,,,,,,,,,,,,,,,,,I,False,2022-02-04 07:52:30.746755+00:00
250,180000764,10,ELN,VISHAKHA,07:52:30,2022-02-04,TEST M1,,GRAINS,1000.0,1001.0,,,,,10.0,KG,KG,1.0,1.0,,,,,,,,,,,,,10.0,Test Material 1,,,,,,4500000062.0,10.0,,,,,,,,,,,,101.0,,,,,ROH,,,,,,,,,,,,,,,,,,,,,,,,,,,,,,,,,,,,,,,,,V,,,,,,,,,,,,,,,,,,,,,,,,,,,,,,,,,,,,,,,,,,,,,,,,,,,,,,,,,,,,10.0,10.0,,,,,,,,,,B,,,,,,,,,,,,,,,,,,,,,,,,,,,TEST M1,,GW4AW00F7joXiUpJg9M5Am,,,,,,,,,,,,,,,,,,A,,,,,,,,,,,,,,,,,,,,,,,,X,,,,,,,C,,,,,,,,,,,,10.0,,,,,,,,,,,,,,,,,,,,,,,,,,,,,,,,,,,,,,,,,,,,,,I,False,2022-02-04 07:52:31.149426+00:00
250,180000765,10,ELN,VISHAKHA,07:52:30,2022-02-04,TEST M1,,GRAINS,1000.0,1001.0,,,,,10.0,KG,KG,1.0,1.0,,,,,,,,,,,,,10.0,Test Material 1,,,,,,4500000064.0,10.0,,,,,,,,,,,,101.0,,,,,ROH,,,,,,,,,,,,,,,,,,,,,,,,,,,,,,,,,,,,,,,,,V,,,,,,,,,,,,,,,,,,,,,,,,,,,,,,,,,,,,,,,,,,,,,,,,,,,,,,,,,,,,10.0,10.0,,,,,,,,,,B,,,,,,,,,,,,,,,,,,,,,,,,,,,TEST M1,,GW4AW00F7joXiUpJg9ObAm,,,,,,,,,,,,,,,,,,A,,,,,,,,,,,,,,,,,,,,,,,,X,,,,,,,C,,,,,,,,,,,,10.0,,,,,,,,,,,,,,,,,,,,,,,,,,,,,,,,,,,,,,,,,,,,,,I,False,2022-02-04 07:52:31.149426+00:00
250,180000766,10,ELN,VISHAKHA,07:52:31,2022-02-04,TEST M1,,GRAINS,1000.0,1001.0,,,,,10.0,KG,KG,1.0,1.0,,,,,,,,,,,,,10.0,Test Material 1,,,,,,4500000065.0,10.0,,,,,,,,,,,,101.0,,,,,ROH,,,,,,,,,,,,,,,,,,,,,,,,,,,,,,,,,,,,,,,,,V,,,,,,,,,,,,,,,,,,,,,,,,,,,,,,,,,,,,,,,,,,,,,,,,,,,,,,,,,,,,10.0,10.0,,,,,,,,,,B,,,,,,,,,,,,,,,,,,,,,,,,,,,TEST M1,,GW4AW00F7joXiUpw3e15Am,,,,,,,,,,,,,,,,,,A,,,,,,,,,,,,,,,,,,,,,,,,X,,,,,,,C,,,,,,,,,,,,10.0,,,,,,,,,,,,,,,,,,,,,,,,,,,,,,,,,,,,,,,,,,,,,,I,False,2022-02-04 07:52:31.149426+00:00
250,180000767,10,ELN,VISHAKHA,07:52:31,2022-02-04,TEST M1,,GRAINS,2000.0,2001.0,,,,,20.0,KG,KG,1.0,1.0,,,,,,,,,,,,,20.0,Test Material 1,,,,,,4500000066.0,10.0,,,,,,,,,,,,101.0,,,,,ROH,,,,,,,,,,,,,,,,,,,,,,,,,,,,,,,,,,,,,,,,,V,,,,,,,,,,,,,,,,,,,,,,,,,,,,,,,,,,,,,,,,,,,,,,,,,,,,,,,,,,,,20.0,20.0,,,,,,,,,,B,,,,,,,,,,,,,,,,,,,,,,,,,,,TEST M1,,GW4AW00F7joXiUpw3e3bAm,,,,,,,,,,,,,,,,,,A,,,,,,,,,,,,,,,,,,,,,,,,X,,,,,,,C,,,,,,,,,,,,20.0,,,,,,,,,,,,,,,,,,,,,,,,,,,,,,,,,,,,,,,,,,,,,,I,False,2022-02-04 07:52:31.557987+00:00
250,180000836,10,ELN,VISHAKHA,07:52:41,2022-02-04,TEST M1,,GRAINS,1000.0,1001.0,,,,,10.0,KG,KG,1.0,1.0,,,,,,,,,,,,,10.0,Test Material 1,,,,,,4500000047.0,10.0,,,,,,,,,,,,101.0,,,,,ROH,,,,,,,,,,,,,,,,,,,,,,,,,,,,,,,,,,,,,,,,,V,,,,,,,,,,,,,,,,,,,,,,,,,,,,,,,,,,,,,,,,,,,,,,,,,,,,,,,,,,,,10.0,10.0,,,,,,,,,,B,,,,,,,,,,,,,,,,,,,,,,,,,,,TEST M1,,GW4AW00F7joXiUsuaj5bAm,,,,,,,,,,,,,,,,,,A,,,,,,,,,,,,,,,,,,,,,,,,X,,,,,,,C,,,,,,,,,,,,10.0,,,,,,,,,,,,,,,,,,,,,,,,,,,,,,,,,,,,,,,,,,,,,,I,False,2022-02-04 07:52:41.621981+00:00
250,180000939,10,ELN,VISHAKHA,07:52:56,2022-02-04,TEST M1,,GRAINS,2000.0,2001.0,,,,,20.0,KG,KG,1.0,1.0,,,,,,,,,,,,,20.0,Test Material 1,,,,,,4500000043.0,10.0,,,,,,,,,,,,101.0,,,,,ROH,,,,,,,,,,,,,,,,,,,,,,,,,,,,,,,,,,,,,,,,,V,,,,,,,,,,,,,,,,,,,,,,,,,,,,,,,,,,,,,,,,,,,,,,,,,,,,,,,,,,,,20.0,20.0,,,,,,,,,,B,,,,,,,,,,,,,,,,,,,,,,,,,,,TEST M1,,GW4AW00F7joXiUx4FOQ5Am,,,,,,,,,,,,,,,,,,A,,,,,,,,,,,,,,,,,,,,,,,,X,,,,,,,C,,,,,,,,,,,,20.0,,,,,,,,,,,,,,,,,,,,,,,,,,,,,,,,,,,,,,,,,,,,,,I,False,2022-02-04 07:52:57.254410+00:00
250,180000951,10,ELN,SUMITSAXENA,12:32:47,2022-02-22,TEST M1,,GRAINS,1000.0,1001.0,,,,,6.0,KG,KG,1.0,1.0,,,,,,,,,,,,,6.0,Test Material 1,,,,,,4500000064.0,10.0,,,,,,,,,,,,101.0,,,,,ROH,,,,,,,,,,,,,,,,,,,,,,,,,,,,,,,,,,,,,,,,,V,,,,,,,,,,,,,,,,,,,,,,,,,,,,,,,,,,,,,,,,,,,,,,,,,,,,,,,,,,,,6.0,6.0,,,,,,,,,,B,,,,,,,,,,,,,,,,,,,,,,,,,,,TEST M1,,GW4AW00F7joa{t5F3yz5Am,,,,,,,,,,,,,,,,,,A,,,,,,,,,,,,,,,,,,,,,,,,X,,,,,,,C,,,,,,,,,,,,6.0,,,,,,,,,,,,,,,,,,,,,,,,,,,,,,,,,,,,,,,,,,,,,,I,False,2022-02-22 12:32:48.315869+00:00
250,180000961,10,ELN,GAIKWADPAWAR,10:16:56,2022-02-25,TEST M1,,GRAINS,1000.0,1001.0,,,,,10.0,KG,KG,1.0,1.0,,,,,,,,,,,,,10.0,Test Material 1,,,,,,4500001194.0,10.0,,,,,,,,,,,,101.0,,,,,ROH,,,,,,,,,,,,,,,,,,,,,,,,,,,,,,,,,,,,,,,,,V,,,,,,,,,,,,,,,,,,,,,,,,,,,,,,,,,,,,,,,,,,,,,,,,,,,,,,,,,,,,10.0,10.0,,,,,,,,,,B,,,,,,,,,,,,,,,,,,,,,,,,,,,TEST M1,,GW4AW00F7jobn87{6E9bAm,,,,,,,,,,,,,,,,,,A,,,,,,,,,,,,,,,,,,,,,,,,X,,,,,,,C,,,,,,,,,,,,10.0,,,,,,,,,,,,,,,,,,,,,,,,,,,,,,,,,,,,,,,,,,,,,,I,False,2022-02-25 10:17:15.692034+00:00
250,180000963,10,ELN,GAIKWADPAWAR,11:45:35,2022-02-25,TEST M1,,GRAINS,1000.0,1001.0,,,,,10.0,KG,KG,1.0,1.0,,,,,,,,,,,,,10.0,Test Material 1,,,,,,4500001195.0,10.0,,,,,,,,,,,,101.0,,,,,ROH,,,,,,,,,,,,,,,,,,,,,,,,,,,,,,,,,,,,,,,,,V,,,,,,,,,,,,,,,,,,,,,,,,,,,,,,,,,,,,,,,,,,,,,,,,,,,,,,,,,,,,10.0,10.0,,,,,,,,,,B,,,,,,,,,,,,,,,,,,,,,,,,,,,TEST M1,,GW4AW00F7jobnWusV}f5Am,,,,,,,,,,,,,,,,,,A,,,,,,,,,,,,,,,,,,,,,,,,X,,,,,,,C,,,,,,,,,,,,10.0,,,,,,,,,,,,,,,,,,,,,,,,,,,,,,,,,,,,,,,,,,,,,,I,False,2022-02-25 11:46:12.750477+00:00
250,180000940,10,ELN,VISHAKHA,07:52:57,2022-02-04,TEST F_SUB,,GRAINS,1000.0,1001.0,,,,,40.0,KG,KG,1.0,1.0,,,,,,,,,,,,,40.0,Test Finished Subcontracting,,,,,,4500000041.0,10.0,,,,,,,,,,,,101.0,,,,,FERT,,,,,,,,,,,,,,,,,,,,,,,,,,,,,,,,,,,,,,,,,V,,,,,,,,,,,,,,,,,,,,,,,,,,,,,,,,,,,,,,,,,,,,,,,,,,,,,,,,,,,,40.0,40.0,,,,,,,,,,B,,,,,,,,,,,,,,,,,,,,,,,,,,,TEST F_SUB,,GW4AW00F7joXiUxgLiCbAm,,,,,,,,,,,,,,,,,,A,,,,,,,,,,,,,,,,,,,,,,,,X,,,,,,,C,,,,,,,,,,,,40.0,,,,,,,,,,,,,,,,,,,,,,,,,,,,,,,,,,,,,,,,,,,,,,I,False,2022-02-04 07:52:57.254410+00:00
250,180000941,10,ELN,VISHAKHA,07:52:57,2022-02-04,TEST F_SUB,,GRAINS,1000.0,1001.0,,,,,40.0,KG,KG,1.0,1.0,,,,,,,,,,,,,40.0,Test Finished Subcontracting,,,,,,4500000063.0,10.0,,,,,,,,,,,,101.0,,,,,FERT,,,,,,,,,,,,,,,,,,,,,,,,,,,,,,,,,,,,,,,,,V,,,,,,,,,,,,,,,,,,,,,,,,,,,,,,,,,,,,,,,,,,,,,,,,,,,,,,,,,,,,40.0,40.0,,,,,,,,,,B,,,,,,,,,,,,,,,,,,,,,,,,,,,TEST F_SUB,,GW4AW00F7joXiUxgLiF5Am,,,,,,,,,,,,,,,,,,A,,,,,,,,,,,,,,,,,,,,,,,,X,,,,,,,C,,,,,,,,,,,,40.0,,,,,,,,,,,,,,,,,,,,,,,,,,,,,,,,,,,,,,,,,,,,,,I,False,2022-02-04 07:52:57.654954+00:00
250,180000944,10,ELN,GAIKWADPAWAR,06:06:34,2022-02-07,000000006666666666,,CONDIMENT,2000.0,2001.0,,,,,10.0,KG,KG,1.0,1.0,100.0,,KG,,,,,,,,,,10.0,paprika,,,,,,4500001069.0,10.0,,,,,,,,,,,,101.0,,,,,ROH,,,,,,,,,,,,,,,,,,,,,,,,,,,,,,,,,,,,,,,,,V,,,,,,,,,,,,,,,,,,,,,,,,,,,,,,,,,,,,,,,,,,,,,,,,,,,,,,,,,,,,10.0,10.0,,,,,,,,,,B,,,,,,,,,,,,,,,,,,,,,,,,,,,000000006666666666,,GW4AW00F7joX{uD21cPbAm,,,,,,,,,,,,,,,,,,A,,,,,,,,,,,,,,,,,,,,,,,,X,,,,,,,C,,,,,,,,,,,,10.0,,,,,,,,,,,,,,,,,,,,,,,,,,,,,,,,,,,,,,,,,,,,,,I,False,2022-02-07 06:07:16.468785+00:00
250,180000946,10,ELN,GAIKWADPAWAR,06:26:03,2022-02-07,000000006666666666,,CONDIMENT,2000.0,2001.0,,,,,10.0,KG,KG,1.0,1.0,100.0,,KG,,,,,,,,,,10.0,paprika,,,,,,4500001073.0,10.0,,,,,,,,,,,,101.0,,,,,ROH,,,,,,,,,,,,,,,,,,,,,,,,,,,,,,,,,,,,,,,,,V,,,,,,,,,,,,,,,,,,,,,,,,,,,,,,,,,,,,,,,,,,,,,,,,,,,,,,,,,,,,10.0,10.0,,,,,,,,,,B,,,,,,,,,,,,,,,,,,,,,,,,,,,000000006666666666,,GW4AW00F7joX{zfhEdpbAm,,,,,,,,,,,,,,,,,,A,,,,,,,,,,,,,,,,,,,,,,,,X,,,,,,,C,,,,,,,,,,,,10.0,,,,,,,,,,,,,,,,,,,,,,,,,,,,,,,,,,,,,,,,,,,,,,I,False,2022-02-07 06:26:12.767174+00:00
250,180000947,10,ELN,GAIKWADPAWAR,06:34:34,2022-02-07,000000006666666666,,CONDIMENT,2000.0,2001.0,,,,,10.0,KG,KG,1.0,1.0,100.0,,KG,,,,,,,,,,10.0,paprika,,,,,,4500001074.0,10.0,,,,,,,,,,,,101.0,,,,,ROH,,,,,,,,,,,,,,,,,,,,,,,,,,,,,,,,,,,,,,,,,V,,,,,,,,,,,,,,,,,,,,,,,,,,,,,,,,,,,,,,,,,,,,,,,,,,,,,,,,,,,,10.0,10.0,,,,,,,,,,B,,,,,,,,,,,,,,,,,,,,,,,,,,,000000006666666666,,GW4AW00F7joX}01vshqbAm,,,,,,,,,,,,,,,,,,A,,,,,,,,,,,,,,,,,,,,,,,,X,,,,,,,C,,,,,,,,,,,,10.0,,,,,,,,,,,,,,,,,,,,,,,,,,,,,,,,,,,,,,,,,,,,,,I,False,2022-02-07 06:34:39.693024+00:00
250,180000028,10,ELN,VISHAKHA,07:29:02,2022-02-03,TEST,,DRY GOODS,1000.0,,,,,,,G,G,1.0,1.0,,,G,,,,,,,,,,,Chips,,,,,,4500000052.0,10.0,,,,1.0,1.0,,,,,,,101.0,,,,,FERT,,,,,,,,,,,,,,,,,,,,,,,,,,,,,,,,,,,,,,,,,V,,,,,,,,,,,,,,,,,,,,,,,,,,,,,,,,,,,,,,,,,,,,,,,,,,,,,,,,,,,,,,,,,,,,,,,B,,,,,,,,,,,,,,,,,,,,,,,,,,,TEST,,GW4AW00F7joXc5x08eRbAm,,,,,,,,,,,,,,,,,,A,,,,,,,,,,,,,,,,,,,,,,,,X,,,,,,,C,,,,,,,,,,,,,,,,,,,,,,,,,,,,,,,,,,,,,,,,,,,,,,,,,,,,,,,,,,I,False,2022-02-03 07:29:06.681871+00:00
250,180000048,10,ELN,SHOBHITSAURA,06:00:31,2022-02-04,TEST CPG,,DRY GOODS,1000.0,1001.0,,,,,,EA,EA,1.0,1.0,,,KG,,,,,,,,,,,Test CPG,,,,,,4500000020.0,10.0,,,,1.0,1.0,,,,,,,101.0,,,,,ROH,,,,,,,,,,,,,,,,,,,,,,,,,,,,,,,,,,,,,,,,,V,,,,,,,,,,,,,,,,,,,,,,,,,,,,,,,,,,,,,,,,,,,,,,,,,,,,,,,,,,,,,,,,,,,,,,,B,,,,,,,,,,,,,,,,,,,,,,,,,,,TEST CPG,,GW4AW00F7joXh}XUk3ibAm,,,,,,,,,,,,,,,,,,A,,,,,,,,,,,,,,,,,,,,,,,,X,,,,,,,B,A,,,,,,,,,,,,,,,,,,,,,,,,,,,,,,,,,,,,,,,,,,,,,,,,,,,,,,,,,I,False,2022-02-04 06:00:41.742017+00:00
250,180000943,10,ELN,MOUNIKAPALI,05:57:37,2022-02-07,000000006666666666,,CONDIMENT,1000.0,1001.0,,,,,10.0,KG,KG,1.0,1.0,100.0,,KG,,,,,,,,,,10.0,paprika,,,,,,4500001068.0,10.0,,,,1.0,,,,,,,,101.0,,,,,ROH,,,,,,,,,,,,,,,,,,,,,,,,,,,,,,,,,,,,,,,,,V,,,,,,,,,,,,,,,,,,,,,,,,,,,,,,,,,,,,,,,,,,,,,,,,,,,,,,,,,,,,10.0,10.0,,,,,,,,,,B,,,,,,,,,,,,,,,,,,,,,,,,,,,000000006666666666,,GW4AW00F7joX{ri}8fmbAm,,,,,,,,,,,,,,,,,,A,,,,,,,,,,,,,,,,,,,,,,,,X,,,,,,,C,,,,,,,,,,,,10.0,,,,,,,,,,,,,,,,,,,,,,,,,,,,,,,,,,,,,,,,,,,,,,I,False,2022-02-07 05:57:44.986589+00:00
250,180000950,10,ELN,GRAMANJINEYU,09:50:49,2022-02-22,000000006666666670,,CONDIMENT,1000.0,1001.0,,,,,13.0,KG,KG,1.0,1.0,130.0,,KG,,,,,,,,,,13.0,potatoes,,,,,,4500001094.0,10.0,,,,1.0,,,,,,,,101.0,,,,,ROH,,,,,,,,,,,,,,,,,,,,,,,,,,,,,,,,,,,,,,,,,V,,,,,,,,,,,,,,,,,,,,,,,,,,,,,,,,,,,,,,,,,,,,,,,,,,,,,,,,,,,,13.0,13.0,,,,,,,,,,B,,,,,,,,,,,,,,,,,,,,,,,,,,,000000006666666670,,GW4AW00F7joa{9q}pV45Am,,,,,,,,,,,,,,,,,,A,,,,,,,,,,,,,,,,,,,,,,,,X,,,,,,,C,,,,,,,,,,,,13.0,,,,,,,,,,,,,,,,,,,,,,,,,,,,,,,,,,,,,,,,,,,,,,I,False,2022-02-22 09:50:51.005879+00:00
250,180000955,10,ELN,KKALLAMADI,04:20:22,2022-02-23,000000006666666682,,CONDIMENT,1000.0,1001.0,,,,,90.0,KG,KG,1.0,1.0,900.0,,KG,,,,,,,,,,90.0,strawbery flovoring,,,,,,4500001188.0,10.0,,,,1.0,,,,,,,,101.0,,,,,ROH,,,,,,,,,,,,,,,,,,,,,,,,,,,,,,,,,,,,,,,,,V,,,,,,,,,,,,,,,,,,,,,,,,,,,,,,,,,,,,,,,,,,,,,,,,,,,,,,,,,,,,90.0,90.0,,,,,,,,,,B,,,,,,,,,,,,,,,,,,,,,,,,,,,000000006666666682,,GW4AW00F7jobY}rOIAa5Am,,,,,,,,,,,,,,,,,,A,,,,,,,,,,,,,,,,,,,,,,,,X,,,,,,,C,,,,,,,,,,,,90.0,,,,,,,,,,,,,,,,,,,,,,,,,,,,,,,,,,,,,,,,,,,,,,I,False,2022-02-23 04:20:23.254969+00:00
250,180000957,10,ELN,KKALLAMADI,06:46:55,2022-02-23,000000006666666682,,CONDIMENT,1000.0,1001.0,,,,,17.0,KG,KG,1.0,1.0,170.0,,KG,,,,,,,,,,17.0,strawbery flovoring,,,,,,4500001189.0,10.0,,,,1.0,,,,,,,,101.0,,,,,ROH,,,,,,,,,,,,,,,,,,,,,,,,,,,,,,,,,,,,,,,,,V,,,,,,,,,,,,,,,,,,,,,,,,,,,,,,,,,,,,,,,,,,,,,,,,,,,,,,,,,,,,17.0,17.0,,,,,,,,,,B,,,,,,,,,,,,,,,,,,,,,,,,,,,000000006666666682,,GW4AW00F7jobZeo4mRM5Am,,,,,,,,,,,,,,,,,,A,,,,,,,,,,,,,,,,,,,,,,,,X,,,,,,,C,,,,,,,,,,,,17.0,,,,,,,,,,,,,,,,,,,,,,,,,,,,,,,,,,,,,,,,,,,,,,I,False,2022-02-23 06:46:57.147270+00:00
250,180000959,10,ELN,GRAMANJINEYU,06:51:15,2022-02-24,000000006666666685,,CONDIMENT,1000.0,1001.0,,,,,143.0,KG,KG,1.0,1.0,1430.0,,KG,,,,,,,,,,143.0,metofluthrin,,,,,,4500001191.0,10.0,,,,1.0,,,,,,,,101.0,,,,,ROH,,,,,,,,,,,,,,,,,,,,,,,,,,,,,,,,,,,,,,,,,V,,,,,,,,,,,,,,,,,,,,,,,,,,,,,,,,,,,,,,,,,,,,,,,,,,,,,,,,,,,,143.0,143.0,,,,,,,,,,B,,,,,,,,,,,,,,,,,,,,,,,,,,,000000006666666685,,GW4AW00F7jobfyKiRbH5Am,,,,,,,,,,,,,,,,,,A,,,,,,,,,,,,,,,,,,,,,,,,X,,,,,,,C,,,,,,,,,,,,143.0,,,,,,,,,,,,,,,,,,,,,,,,,,,,,,,,,,,,,,,,,,,,,,I,False,2022-02-24 06:51:18.120736+00:00
250,180000948,10,ELN,GAIKWADPAWAR,07:20:12,2022-02-07,000000008360373865,,DRY GOODS,2000.0,2001.0,,,,,10.0,KG,KG,1.0,1.0,100.0,,KG,,,,,,,,,,10.0,BBQ chips,,,,,,4500001076.0,10.0,,,,1.0,1.0,,,,,,,101.0,,,,,FERT,,,,,,,,,,,,,,,,,,,,,,,,,,,,,,,,,,,,,,,,,V,,,,,,,,,,,,,,,,,,,,,,,,,,,,,,,,,,,,,,,,,,,,,,,,,,,,,,,,,,,,10.0,10.0,,,,,,,,,,B,,,,,,,,,,,,,,,,,,,,,,,,,,,000000008360373865,,GW4AW00F7joX}Cnsxr3bAm,,,,,,,,,,,,,,,,,,A,,,,,,,,,,,,,,,,,,,,,,,,X,,,,,,,C,,,,,,,,,,,,10.0,,,,,,,,,,,,,,,,,,,,,,,,,,,,,,,,,,,,,,,,,,,,,,I,False,2022-02-07 07:20:19.623716+00:00
250,180000952,10,ELN,SUMITSAXENA,12:46:50,2022-02-22,000000008360373865,,DRY GOODS,1000.0,1001.0,,,,,20.0,KG,KG,1.0,1.0,200.0,,KG,,,,,,,,,,20.0,BBQ chips,,,,,,4500001097.0,10.0,,,,1.0,1.0,,,,,,,101.0,,,,,FERT,,,,,,,,,,,,,,,,,,,,,,,,,,,,,,,,,,,,,,,,,V,,,,,,,,,,,,,,,,,,,,,,,,,,,,,,,,,,,,,,,,,,,,,,,,,,,,,,,,,,,,20.0,20.0,,,,,,,,,,B,,,,,,,,,,,,,,,,,,,,,,,,,,,000000008360373865,,GW4AW00F7joa{x0UUqA5Am,,,,,,,,,,,,,,,,,,A,,,,,,,,,,,,,,,,,,,,,,,,X,,,,,,,C,,,,,,,,,,,,20.0,,,,,,,,,,,,,,,,,,,,,,,,,,,,,,,,,,,,,,,,,,,,,,I,False,2022-02-22 12:46:51.512283+00:00
250,180000953,10,ELN,MALVIYAH,12:53:08,2022-02-22,000000008360373865,,DRY GOODS,1000.0,1001.0,,,,,20.0,KG,KG,1.0,1.0,200.0,,KG,,,,,,,,,,20.0,BBQ chips,,,,,,4500001098.0,10.0,,,,1.0,1.0,,,,,,,101.0,,,,,FERT,,,,,,,,,,,,,,,,,,,,,,,,,,,,,,,,,,,,,,,,,V,,,,,,,,,,,,,,,,,,,,,,,,,,,,,,,,,,,,,,,,,,,,,,,,,,,,,,,,,,,,20.0,20.0,,,,,,,,,,B,,,,,,,,,,,,,,,,,,,,,,,,,,,000000008360373865,,GW4AW00F7joa{ynK1LhbAm,,,,,,,,,,,,,,,,,,A,,,,,,,,,,,,,,,,,,,,,,,,X,,,,,,,C,,,,,,,,,,,,20.0,,,,,,,,,,,,,,,,,,,,,,,,,,,,,,,,,,,,,,,,,,,,,,I,False,2022-02-22 12:53:15.388377+00:00
250,180000958,10,ELN,SUMITSAXENA,07:34:06,2022-02-23,000000008360373865,,DRY GOODS,1000.0,1001.0,,,,,20.0,KG,KG,1.0,1.0,200.0,,KG,,,,,,,,,,20.0,BBQ chips,,,,,,4500001097.0,10.0,,,,1.0,1.0,,,,,,,101.0,,,,,FERT,,,,,,,,,,,,,,,,,,,,,,,,,,,,,,,,,,,,,,,,,V,,,,,,,,,,,,,,,,,,,,,,,,,,,,,,,,,,,,,,,,,,,,,,,,,,,,,,,,,,,,20.0,20.0,,,,,,,,,,B,,,,,,,,,,,,,,,,,,,,,,,,,,,000000008360373865,,GW4AW00F7jobZrzeFQC5Am,,,,,,,,,,,,,,,,,,A,,,,,,,,,,,,,,,,,,,,,,,,X,,,,,,,C,,,,,,,,,,,,20.0,,,,,,,,,,,,,,,,,,,,,,,,,,,,,,,,,,,,,,,,,,,,,,I,False,2022-02-23 07:34:08.158431+00:00
250,180032972,10,ELN,BHUSHAN,10:59:02,2022-03-21,000000006666666667,,CONDIMENT,1000.0,1001.0,,,,,18698039.0,KG,KG,1.0,1.0,186980390.0,,KG,,,,,,,,,,18698039.0,sugar,,,,,,4500036200.0,10.0,,,,1.0,,,,,,,,101.0,,,,,ROH,,,,,,,,,,,,,,,,,,,,,,,,,,,,,,,,,,,,,,,,,V,,,,,,,,,,,,,,,,,,,,,,,,,,,,,,,,,,,,,,,,,,,,,,,,,,,,,,,,,,,,18698039.0,18698039.0,,,,,,,,,,B,,,,,,,,,,,,,,,,,,,,,,,,,,,000000006666666667,,GW4AW00F7jogeBrTXv55Am,,,,,,,,,,,,,,,,,,A,,,,,,,,,,,,,,,,,,,,,,,,X,,,,,,,C,,,,,,,,,,,,18698039.0,,,,,,,,,,,,,,,,,,,,,,,,,,,,,,,,,,,,,,,,,,,,,,I,False,2022-03-21 10:59:04.115569+00:00
250,180032973,10,ELN,BHUSHAN,11:12:26,2022-03-21,000000006666666667,,CONDIMENT,1000.0,1001.0,,,,,15523000.0,KG,KG,1.0,1.0,155230000.0,,KG,,,,,,,,,,15523000.0,sugar,,,,,,4500036201.0,10.0,,,,1.0,,,,,,,,101.0,,,,,ROH,,,,,,,,,,,,,,,,,,,,,,,,,,,,,,,,,,,,,,,,,V,,,,,,,,,,,,,,,,,,,,,,,,,,,,,,,,,,,,,,,,,,,,,,,,,,,,,,,,,,,,15523000.0,15523000.0,,,,,,,,,,B,,,,,,,,,,,,,,,,,,,,,,,,,,,000000006666666667,,GW4AW00F7jogeFbBIoF5Am,,,,,,,,,,,,,,,,,,A,,,,,,,,,,,,,,,,,,,,,,,,X,,,,,,,C,,,,,,,,,,,,15523000.0,,,,,,,,,,,,,,,,,,,,,,,,,,,,,,,,,,,,,,,,,,,,,,I,False,2022-03-21 11:19:45.883136+00:00
250,180032974,10,ELN,BHUSHAN,11:12:26,2022-03-21,000000006666666667,,CONDIMENT,1000.0,1001.0,,,,,15857068.0,KG,KG,1.0,1.0,158570680.0,,KG,,,,,,,,,,15857068.0,sugar,,,,,,4500036202.0,10.0,,,,1.0,,,,,,,,101.0,,,,,ROH,,,,,,,,,,,,,,,,,,,,,,,,,,,,,,,,,,,,,,,,,V,,,,,,,,,,,,,,,,,,,,,,,,,,,,,,,,,,,,,,,,,,,,,,,,,,,,,,,,,,,,15857068.0,15857068.0,,,,,,,,,,B,,,,,,,,,,,,,,,,,,,,,,,,,,,000000006666666667,,GW4AW00F7jogeFbBIoHbAm,,,,,,,,,,,,,,,,,,A,,,,,,,,,,,,,,,,,,,,,,,,X,,,,,,,C,,,,,,,,,,,,15857068.0,,,,,,,,,,,,,,,,,,,,,,,,,,,,,,,,,,,,,,,,,,,,,,I,False,2022-03-21 11:19:45.883136+00:00
250,180032975,10,ELN,BHUSHAN,11:12:27,2022-03-21,000000006666666667,,CONDIMENT,1000.0,1001.0,,,,,24052935.0,KG,KG,1.0,1.0,240529350.0,,KG,,,,,,,,,,24052935.0,sugar,,,,,,4500036203.0,10.0,,,,1.0,,,,,,,,101.0,,,,,ROH,,,,,,,,,,,,,,,,,,,,,,,,,,,,,,,,,,,,,,,,,V,,,,,,,,,,,,,,,,,,,,,,,,,,,,,,,,,,,,,,,,,,,,,,,,,,,,,,,,,,,,24052935.0,24052935.0,,,,,,,,,,B,,,,,,,,,,,,,,,,,,,,,,,,,,,000000006666666667,,GW4AW00F7jogeFbBIoK5Am,,,,,,,,,,,,,,,,,,A,,,,,,,,,,,,,,,,,,,,,,,,X,,,,,,,C,,,,,,,,,,,,24052935.0,,,,,,,,,,,,,,,,,,,,,,,,,,,,,,,,,,,,,,,,,,,,,,I,False,2022-03-21 11:19:45.883136+00:00
250,180032976,10,ELN,BHUSHAN,11:12:27,2022-03-21,000000006666666667,,CONDIMENT,1000.0,1001.0,,,,,19647919.0,KG,KG,1.0,1.0,196479190.0,,KG,,,,,,,,,,19647919.0,sugar,,,,,,4500036204.0,10.0,,,,1.0,,,,,,,,101.0,,,,,ROH,,,,,,,,,,,,,,,,,,,,,,,,,,,,,,,,,,,,,,,,,V,,,,,,,,,,,,,,,,,,,,,,,,,,,,,,,,,,,,,,,,,,,,,,,,,,,,,,,,,,,,19647919.0,19647919.0,,,,,,,,,,B,,,,,,,,,,,,,,,,,,,,,,,,,,,000000006666666667,,GW4AW00F7jogeFbBIoMbAm,,,,,,,,,,,,,,,,,,A,,,,,,,,,,,,,,,,,,,,,,,,X,,,,,,,C,,,,,,,,,,,,19647919.0,,,,,,,,,,,,,,,,,,,,,,,,,,,,,,,,,,,,,,,,,,,,,,I,False,2022-03-21 11:19:45.883136+00:00
250,180032977,10,ELN,BHUSHAN,11:12:27,2022-03-21,000000006666666667,,CONDIMENT,1000.0,1001.0,,,,,21989832.0,KG,KG,1.0,1.0,219898320.0,,KG,,,,,,,,,,21989832.0,sugar,,,,,,4500036205.0,10.0,,,,1.0,,,,,,,,101.0,,,,,ROH,,,,,,,,,,,,,,,,,,,,,,,,,,,,,,,,,,,,,,,,,V,,,,,,,,,,,,,,,,,,,,,,,,,,,,,,,,,,,,,,,,,,,,,,,,,,,,,,,,,,,,21989832.0,21989832.0,,,,,,,,,,B,,,,,,,,,,,,,,,,,,,,,,,,,,,000000006666666667,,GW4AW00F7jogeFbBIoP5Am,,,,,,,,,,,,,,,,,,A,,,,,,,,,,,,,,,,,,,,,,,,X,,,,,,,C,,,,,,,,,,,,21989832.0,,,,,,,,,,,,,,,,,,,,,,,,,,,,,,,,,,,,,,,,,,,,,,I,False,2022-03-21 11:19:45.883136+00:00
250,180032978,10,ELN,BHUSHAN,11:12:27,2022-03-21,000000006666666667,,CONDIMENT,1000.0,1001.0,,,,,21927761.0,KG,KG,1.0,1.0,219277610.0,,KG,,,,,,,,,,21927761.0,sugar,,,,,,4500036206.0,10.0,,,,1.0,,,,,,,,101.0,,,,,ROH,,,,,,,,,,,,,,,,,,,,,,,,,,,,,,,,,,,,,,,,,V,,,,,,,,,,,,,,,,,,,,,,,,,,,,,,,,,,,,,,,,,,,,,,,,,,,,,,,,,,,,21927761.0,21927761.0,,,,,,,,,,B,,,,,,,,,,,,,,,,,,,,,,,,,,,000000006666666667,,GW4AW00F7jogeFbBIoRbAm,,,,,,,,,,,,,,,,,,A,,,,,,,,,,,,,,,,,,,,,,,,X,,,,,,,C,,,,,,,,,,,,21927761.0,,,,,,,,,,,,,,,,,,,,,,,,,,,,,,,,,,,,,,,,,,,,,,I,False,2022-03-21 11:19:45.883136+00:00
250,180032979,10,ELN,BHUSHAN,11:12:27,2022-03-21,000000006666666667,,CONDIMENT,1000.0,1001.0,,,,,16190839.0,KG,KG,1.0,1.0,161908390.0,,KG,,,,,,,,,,16190839.0,sugar,,,,,,4500036207.0,10.0,,,,1.0,,,,,,,,101.0,,,,,ROH,,,,,,,,,,,,,,,,,,,,,,,,,,,,,,,,,,,,,,,,,V,,,,,,,,,,,,,,,,,,,,,,,,,,,,,,,,,,,,,,,,,,,,,,,,,,,,,,,,,,,,16190839.0,16190839.0,,,,,,,,,,B,,,,,,,,,,,,,,,,,,,,,,,,,,,000000006666666667,,GW4AW00F7jogeFbBIoU5Am,,,,,,,,,,,,,,,,,,A,,,,,,,,,,,,,,,,,,,,,,,,X,,,,,,,C,,,,,,,,,,,,16190839.0,,,,,,,,,,,,,,,,,,,,,,,,,,,,,,,,,,,,,,,,,,,,,,I,False,2022-03-21 11:19:45.883136+00:00
250,180032980,10,ELN,BHUSHAN,11:12:27,2022-03-21,000000006666666667,,CONDIMENT,1000.0,1001.0,,,,,14850984.0,KG,KG,1.0,1.0,148509840.0,,KG,,,,,,,,,,14850984.0,sugar,,,,,,4500036208.0,10.0,,,,1.0,,,,,,,,101.0,,,,,ROH,,,,,,,,,,,,,,,,,,,,,,,,,,,,,,,,,,,,,,,,,V,,,,,,,,,,,,,,,,,,,,,,,,,,,,,,,,,,,,,,,,,,,,,,,,,,,,,,,,,,,,14850984.0,14850984.0,,,,,,,,,,B,,,,,,,,,,,,,,,,,,,,,,,,,,,000000006666666667,,GW4AW00F7jogeFbBIoWbAm,,,,,,,,,,,,,,,,,,A,,,,,,,,,,,,,,,,,,,,,,,,X,,,,,,,C,,,,,,,,,,,,14850984.0,,,,,,,,,,,,,,,,,,,,,,,,,,,,,,,,,,,,,,,,,,,,,,I,False,2022-03-21 11:19:45.883136+00:00
250,180032981,10,ELN,BHUSHAN,11:12:27,2022-03-21,000000006666666667,,CONDIMENT,1000.0,1001.0,,,,,20669185.0,KG,KG,1.0,1.0,206691850.0,,KG,,,,,,,,,,20669185.0,sugar,,,,,,4500036209.0,10.0,,,,1.0,,,,,,,,101.0,,,,,ROH,,,,,,,,,,,,,,,,,,,,,,,,,,,,,,,,,,,,,,,,,V,,,,,,,,,,,,,,,,,,,,,,,,,,,,,,,,,,,,,,,,,,,,,,,,,,,,,,,,,,,,20669185.0,20669185.0,,,,,,,,,,B,,,,,,,,,,,,,,,,,,,,,,,,,,,000000006666666667,,GW4AW00F7jogeFbBIoZ5Am,,,,,,,,,,,,,,,,,,A,,,,,,,,,,,,,,,,,,,,,,,,X,,,,,,,C,,,,,,,,,,,,20669185.0,,,,,,,,,,,,,,,,,,,,,,,,,,,,,,,,,,,,,,,,,,,,,,I,False,2022-03-21 11:19:45.883136+00:00
250,180032982,10,ELN,BHUSHAN,11:12:27,2022-03-21,000000006666666667,,CONDIMENT,1000.0,1001.0,,,,,14246491.0,KG,KG,1.0,1.0,142464910.0,,KG,,,,,,,,,,14246491.0,sugar,,,,,,4500047055.0,10.0,,,,1.0,,,,,,,,101.0,,,,,ROH,,,,,,,,,,,,,,,,,,,,,,,,,,,,,,,,,,,,,,,,,V,,,,,,,,,,,,,,,,,,,,,,,,,,,,,,,,,,,,,,,,,,,,,,,,,,,,,,,,,,,,14246491.0,14246491.0,,,,,,,,,,B,,,,,,,,,,,,,,,,,,,,,,,,,,,000000006666666667,,GW4AW00F7jogeFbbMA0bAm,,,,,,,,,,,,,,,,,,A,,,,,,,,,,,,,,,,,,,,,,,,X,,,,,,,C,,,,,,,,,,,,14246491.0,,,,,,,,,,,,,,,,,,,,,,,,,,,,,,,,,,,,,,,,,,,,,,I,False,2022-03-21 11:19:45.883136+00:00
250,180032983,10,ELN,BHUSHAN,11:12:28,2022-03-21,000000006666666667,,CONDIMENT,1000.0,1001.0,,,,,23383199.0,KG,KG,1.0,1.0,233831990.0,,KG,,,,,,,,,,23383199.0,sugar,,,,,,4500047054.0,10.0,,,,1.0,,,,,,,,101.0,,,,,ROH,,,,,,,,,,,,,,,,,,,,,,,,,,,,,,,,,,,,,,,,,V,,,,,,,,,,,,,,,,,,,,,,,,,,,,,,,,,,,,,,,,,,,,,,,,,,,,,,,,,,,,23383199.0,23383199.0,,,,,,,,,,B,,,,,,,,,,,,,,,,,,,,,,,,,,,000000006666666667,,GW4AW00F7jogeFbbMA35Am,,,,,,,,,,,,,,,,,,A,,,,,,,,,,,,,,,,,,,,,,,,X,,,,,,,C,,,,,,,,,,,,23383199.0,,,,,,,,,,,,,,,,,,,,,,,,,,,,,,,,,,,,,,,,,,,,,,I,False,2022-03-21 11:19:45.883136+00:00
250,180032984,10,ELN,BHUSHAN,11:12:28,2022-03-21,000000006666666667,,CONDIMENT,1000.0,1001.0,,,,,18031237.0,KG,KG,1.0,1.0,180312370.0,,KG,,,,,,,,,,18031237.0,sugar,,,,,,4500047053.0,10.0,,,,1.0,,,,,,,,101.0,,,,,ROH,,,,,,,,,,,,,,,,,,,,,,,,,,,,,,,,,,,,,,,,,V,,,,,,,,,,,,,,,,,,,,,,,,,,,,,,,,,,,,,,,,,,,,,,,,,,,,,,,,,,,,18031237.0,18031237.0,,,,,,,,,,B,,,,,,,,,,,,,,,,,,,,,,,,,,,000000006666666667,,GW4AW00F7jogeFbbMA5bAm,,,,,,,,,,,,,,,,,,A,,,,,,,,,,,,,,,,,,,,,,,,X,,,,,,,C,,,,,,,,,,,,18031237.0,,,,,,,,,,,,,,,,,,,,,,,,,,,,,,,,,,,,,,,,,,,,,,I,False,2022-03-21 11:19:45.883136+00:00
250,180032985,10,ELN,BHUSHAN,11:12:28,2022-03-21,000000006666666667,,CONDIMENT,1000.0,1001.0,,,,,21199026.0,KG,KG,1.0,1.0,211990260.0,,KG,,,,,,,,,,21199026.0,sugar,,,,,,4500047052.0,10.0,,,,1.0,,,,,,,,101.0,,,,,ROH,,,,,,,,,,,,,,,,,,,,,,,,,,,,,,,,,,,,,,,,,V,,,,,,,,,,,,,,,,,,,,,,,,,,,,,,,,,,,,,,,,,,,,,,,,,,,,,,,,,,,,21199026.0,21199026.0,,,,,,,,,,B,,,,,,,,,,,,,,,,,,,,,,,,,,,000000006666666667,,GW4AW00F7jogeFbbMA85Am,,,,,,,,,,,,,,,,,,A,,,,,,,,,,,,,,,,,,,,,,,,X,,,,,,,C,,,,,,,,,,,,21199026.0,,,,,,,,,,,,,,,,,,,,,,,,,,,,,,,,,,,,,,,,,,,,,,I,False,2022-03-21 11:19:45.883136+00:00
250,180032986,10,ELN,BHUSHAN,11:12:28,2022-03-21,000000006666666667,,CONDIMENT,1000.0,1001.0,,,,,13881082.0,KG,KG,1.0,1.0,138810820.0,,KG,,,,,,,,,,13881082.0,sugar,,,,,,4500047051.0,10.0,,,,1.0,,,,,,,,101.0,,,,,ROH,,,,,,,,,,,,,,,,,,,,,,,,,,,,,,,,,,,,,,,,,V,,,,,,,,,,,,,,,,,,,,,,,,,,,,,,,,,,,,,,,,,,,,,,,,,,,,,,,,,,,,13881082.0,13881082.0,,,,,,,,,,B,,,,,,,,,,,,,,,,,,,,,,,,,,,000000006666666667,,GW4AW00F7jogeFbbMAAbAm,,,,,,,,,,,,,,,,,,A,,,,,,,,,,,,,,,,,,,,,,,,X,,,,,,,C,,,,,,,,,,,,13881082.0,,,,,,,,,,,,,,,,,,,,,,,,,,,,,,,,,,,,,,,,,,,,,,I,False,2022-03-21 11:19:45.883136+00:00
250,180032987,10,ELN,BHUSHAN,11:12:28,2022-03-21,000000006666666667,,CONDIMENT,1000.0,1001.0,,,,,25712318.0,KG,KG,1.0,1.0,257123180.0,,KG,,,,,,,,,,25712318.0,sugar,,,,,,4500047050.0,10.0,,,,1.0,,,,,,,,101.0,,,,,ROH,,,,,,,,,,,,,,,,,,,,,,,,,,,,,,,,,,,,,,,,,V,,,,,,,,,,,,,,,,,,,,,,,,,,,,,,,,,,,,,,,,,,,,,,,,,,,,,,,,,,,,25712318.0,25712318.0,,,,,,,,,,B,,,,,,,,,,,,,,,,,,,,,,,,,,,000000006666666667,,GW4AW00F7jogeFbbMAD5Am,,,,,,,,,,,,,,,,,,A,,,,,,,,,,,,,,,,,,,,,,,,X,,,,,,,C,,,,,,,,,,,,25712318.0,,,,,,,,,,,,,,,,,,,,,,,,,,,,,,,,,,,,,,,,,,,,,,I,False,2022-03-21 11:19:45.883136+00:00
250,180032988,10,ELN,BHUSHAN,11:12:28,2022-03-21,000000006666666667,,CONDIMENT,1000.0,1001.0,,,,,26646813.0,KG,KG,1.0,1.0,266468130.0,,KG,,,,,,,,,,26646813.0,sugar,,,,,,4500047049.0,10.0,,,,1.0,,,,,,,,101.0,,,,,ROH,,,,,,,,,,,,,,,,,,,,,,,,,,,,,,,,,,,,,,,,,V,,,,,,,,,,,,,,,,,,,,,,,,,,,,,,,,,,,,,,,,,,,,,,,,,,,,,,,,,,,,26646813.0,26646813.0,,,,,,,,,,B,,,,,,,,,,,,,,,,,,,,,,,,,,,000000006666666667,,GW4AW00F7jogeFbbMAFbAm,,,,,,,,,,,,,,,,,,A,,,,,,,,,,,,,,,,,,,,,,,,X,,,,,,,C,,,,,,,,,,,,26646813.0,,,,,,,,,,,,,,,,,,,,,,,,,,,,,,,,,,,,,,,,,,,,,,I,False,2022-03-21 11:19:45.883136+00:00
250,180032989,10,ELN,BHUSHAN,11:12:28,2022-03-21,000000006666666667,,CONDIMENT,1000.0,1001.0,,,,,23001070.0,KG,KG,1.0,1.0,230010700.0,,KG,,,,,,,,,,23001070.0,sugar,,,,,,4500047048.0,10.0,,,,1.0,,,,,,,,101.0,,,,,ROH,,,,,,,,,,,,,,,,,,,,,,,,,,,,,,,,,,,,,,,,,V,,,,,,,,,,,,,,,,,,,,,,,,,,,,,,,,,,,,,,,,,,,,,,,,,,,,,,,,,,,,23001070.0,23001070.0,,,,,,,,,,B,,,,,,,,,,,,,,,,,,,,,,,,,,,000000006666666667,,GW4AW00F7jogeFbbMAI5Am,,,,,,,,,,,,,,,,,,A,,,,,,,,,,,,,,,,,,,,,,,,X,,,,,,,C,,,,,,,,,,,,23001070.0,,,,,,,,,,,,,,,,,,,,,,,,,,,,,,,,,,,,,,,,,,,,,,I,False,2022-03-21 11:19:45.883136+00:00
250,180032990,10,ELN,BHUSHAN,11:12:28,2022-03-21,000000006666666667,,CONDIMENT,1000.0,1001.0,,,,,16275224.0,KG,KG,1.0,1.0,162752240.0,,KG,,,,,,,,,,16275224.0,sugar,,,,,,4500047047.0,10.0,,,,1.0,,,,,,,,101.0,,,,,ROH,,,,,,,,,,,,,,,,,,,,,,,,,,,,,,,,,,,,,,,,,V,,,,,,,,,,,,,,,,,,,,,,,,,,,,,,,,,,,,,,,,,,,,,,,,,,,,,,,,,,,,16275224.0,16275224.0,,,,,,,,,,B,,,,,,,,,,,,,,,,,,,,,,,,,,,000000006666666667,,GW4AW00F7jogeFbbMAKbAm,,,,,,,,,,,,,,,,,,A,,,,,,,,,,,,,,,,,,,,,,,,X,,,,,,,C,,,,,,,,,,,,16275224.0,,,,,,,,,,,,,,,,,,,,,,,,,,,,,,,,,,,,,,,,,,,,,,I,False,2022-03-21 11:19:45.883136+00:00
250,180032991,10,ELN,BHUSHAN,11:12:29,2022-03-21,000000006666666667,,CONDIMENT,1000.0,1001.0,,,,,19450262.0,KG,KG,1.0,1.0,194502620.0,,KG,,,,,,,,,,19450262.0,sugar,,,,,,4500047046.0,10.0,,,,1.0,,,,,,,,101.0,,,,,ROH,,,,,,,,,,,,,,,,,,,,,,,,,,,,,,,,,,,,,,,,,V,,,,,,,,,,,,,,,,,,,,,,,,,,,,,,,,,,,,,,,,,,,,,,,,,,,,,,,,,,,,19450262.0,19450262.0,,,,,,,,,,B,,,,,,,,,,,,,,,,,,,,,,,,,,,000000006666666667,,GW4AW00F7jogeFbbMAN5Am,,,,,,,,,,,,,,,,,,A,,,,,,,,,,,,,,,,,,,,,,,,X,,,,,,,C,,,,,,,,,,,,19450262.0,,,,,,,,,,,,,,,,,,,,,,,,,,,,,,,,,,,,,,,,,,,,,,I,False,2022-03-21 11:19:45.883136+00:00
250,180032992,10,ELN,BHUSHAN,11:12:29,2022-03-21,000000006666666667,,CONDIMENT,1000.0,1001.0,,,,,27087148.0,KG,KG,1.0,1.0,270871480.0,,KG,,,,,,,,,,27087148.0,sugar,,,,,,4500047045.0,10.0,,,,1.0,,,,,,,,101.0,,,,,ROH,,,,,,,,,,,,,,,,,,,,,,,,,,,,,,,,,,,,,,,,,V,,,,,,,,,,,,,,,,,,,,,,,,,,,,,,,,,,,,,,,,,,,,,,,,,,,,,,,,,,,,27087148.0,27087148.0,,,,,,,,,,B,,,,,,,,,,,,,,,,,,,,,,,,,,,000000006666666667,,GW4AW00F7jogeFbbMAPbAm,,,,,,,,,,,,,,,,,,A,,,,,,,,,,,,,,,,,,,,,,,,X,,,,,,,C,,,,,,,,,,,,27087148.0,,,,,,,,,,,,,,,,,,,,,,,,,,,,,,,,,,,,,,,,,,,,,,I,False,2022-03-21 11:19:45.883136+00:00
250,180032993,10,ELN,BHUSHAN,11:12:29,2022-03-21,000000006666666667,,CONDIMENT,1000.0,1001.0,,,,,26005699.0,KG,KG,1.0,1.0,260056990.0,,KG,,,,,,,,,,26005699.0,sugar,,,,,,4500047044.0,10.0,,,,1.0,,,,,,,,101.0,,,,,ROH,,,,,,,,,,,,,,,,,,,,,,,,,,,,,,,,,,,,,,,,,V,,,,,,,,,,,,,,,,,,,,,,,,,,,,,,,,,,,,,,,,,,,,,,,,,,,,,,,,,,,,26005699.0,26005699.0,,,,,,,,,,B,,,,,,,,,,,,,,,,,,,,,,,,,,,000000006666666667,,GW4AW00F7jogeFbbMAS5Am,,,,,,,,,,,,,,,,,,A,,,,,,,,,,,,,,,,,,,,,,,,X,,,,,,,C,,,,,,,,,,,,26005699.0,,,,,,,,,,,,,,,,,,,,,,,,,,,,,,,,,,,,,,,,,,,,,,I,False,2022-03-21 11:19:45.883136+00:00
250,180032994,10,ELN,BHUSHAN,11:12:29,2022-03-21,000000006666666667,,CONDIMENT,1000.0,1001.0,,,,,16500121.0,KG,KG,1.0,1.0,165001210.0,,KG,,,,,,,,,,16500121.0,sugar,,,,,,4500047043.0,10.0,,,,1.0,,,,,,,,101.0,,,,,ROH,,,,,,,,,,,,,,,,,,,,,,,,,,,,,,,,,,,,,,,,,V,,,,,,,,,,,,,,,,,,,,,,,,,,,,,,,,,,,,,,,,,,,,,,,,,,,,,,,,,,,,16500121.0,16500121.0,,,,,,,,,,B,,,,,,,,,,,,,,,,,,,,,,,,,,,000000006666666667,,GW4AW00F7jogeFbbMAUbAm,,,,,,,,,,,,,,,,,,A,,,,,,,,,,,,,,,,,,,,,,,,X,,,,,,,C,,,,,,,,,,,,16500121.0,,,,,,,,,,,,,,,,,,,,,,,,,,,,,,,,,,,,,,,,,,,,,,I,False,2022-03-21 11:19:45.883136+00:00
250,180032995,10,ELN,BHUSHAN,11:12:29,2022-03-21,000000006666666667,,CONDIMENT,1000.0,1001.0,,,,,15264706.0,KG,KG,1.0,1.0,152647060.0,,KG,,,,,,,,,,15264706.0,sugar,,,,,,4500047042.0,10.0,,,,1.0,,,,,,,,101.0,,,,,ROH,,,,,,,,,,,,,,,,,,,,,,,,,,,,,,,,,,,,,,,,,V,,,,,,,,,,,,,,,,,,,,,,,,,,,,,,,,,,,,,,,,,,,,,,,,,,,,,,,,,,,,15264706.0,15264706.0,,,,,,,,,,B,,,,,,,,,,,,,,,,,,,,,,,,,,,000000006666666667,,GW4AW00F7jogeFbbMAX5Am,,,,,,,,,,,,,,,,,,A,,,,,,,,,,,,,,,,,,,,,,,,X,,,,,,,C,,,,,,,,,,,,15264706.0,,,,,,,,,,,,,,,,,,,,,,,,,,,,,,,,,,,,,,,,,,,,,,I,False,2022-03-21 11:19:45.883136+00:00
250,180032996,10,ELN,BHUSHAN,11:12:29,2022-03-21,000000006666666667,,CONDIMENT,1000.0,1001.0,,,,,25904864.0,KG,KG,1.0,1.0,259048640.0,,KG,,,,,,,,,,25904864.0,sugar,,,,,,4500047041.0,10.0,,,,1.0,,,,,,,,101.0,,,,,ROH,,,,,,,,,,,,,,,,,,,,,,,,,,,,,,,,,,,,,,,,,V,,,,,,,,,,,,,,,,,,,,,,,,,,,,,,,,,,,,,,,,,,,,,,,,,,,,,,,,,,,,25904864.0,25904864.0,,,,,,,,,,B,,,,,,,,,,,,,,,,,,,,,,,,,,,000000006666666667,,GW4AW00F7jogeFbbMAZbAm,,,,,,,,,,,,,,,,,,A,,,,,,,,,,,,,,,,,,,,,,,,X,,,,,,,C,,,,,,,,,,,,25904864.0,,,,,,,,,,,,,,,,,,,,,,,,,,,,,,,,,,,,,,,,,,,,,,I,False,2022-03-21 11:19:45.883136+00:00
250,180032997,10,ELN,BHUSHAN,11:12:29,2022-03-21,000000006666666667,,CONDIMENT,1000.0,1001.0,,,,,13923560.0,KG,KG,1.0,1.0,139235600.0,,KG,,,,,,,,,,13923560.0,sugar,,,,,,4500047040.0,10.0,,,,1.0,,,,,,,,101.0,,,,,ROH,,,,,,,,,,,,,,,,,,,,,,,,,,,,,,,,,,,,,,,,,V,,,,,,,,,,,,,,,,,,,,,,,,,,,,,,,,,,,,,,,,,,,,,,,,,,,,,,,,,,,,13923560.0,13923560.0,,,,,,,,,,B,,,,,,,,,,,,,,,,,,,,,,,,,,,000000006666666667,,GW4AW00F7jogeFbbMAc5Am,,,,,,,,,,,,,,,,,,A,,,,,,,,,,,,,,,,,,,,,,,,X,,,,,,,C,,,,,,,,,,,,13923560.0,,,,,,,,,,,,,,,,,,,,,,,,,,,,,,,,,,,,,,,,,,,,,,I,False,2022-03-21 11:19:45.883136+00:00
250,180032998,10,ELN,BHUSHAN,11:12:29,2022-03-21,000000006666666667,,CONDIMENT,1000.0,1001.0,,,,,25350082.0,KG,KG,1.0,1.0,253500820.0,,KG,,,,,,,,,,25350082.0,sugar,,,,,,4500047039.0,10.0,,,,1.0,,,,,,,,101.0,,,,,ROH,,,,,,,,,,,,,,,,,,,,,,,,,,,,,,,,,,,,,,,,,V,,,,,,,,,,,,,,,,,,,,,,,,,,,,,,,,,,,,,,,,,,,,,,,,,,,,,,,,,,,,25350082.0,25350082.0,,,,,,,,,,B,,,,,,,,,,,,,,,,,,,,,,,,,,,000000006666666667,,GW4AW00F7jogeFbbMAebAm,,,,,,,,,,,,,,,,,,A,,,,,,,,,,,,,,,,,,,,,,,,X,,,,,,,C,,,,,,,,,,,,25350082.0,,,,,,,,,,,,,,,,,,,,,,,,,,,,,,,,,,,,,,,,,,,,,,I,False,2022-03-21 11:19:45.883136+00:00
250,180032999,10,ELN,BHUSHAN,11:12:30,2022-03-21,000000006666666667,,CONDIMENT,1000.0,1001.0,,,,,13215872.0,KG,KG,1.0,1.0,132158720.0,,KG,,,,,,,,,,13215872.0,sugar,,,,,,4500047038.0,10.0,,,,1.0,,,,,,,,101.0,,,,,ROH,,,,,,,,,,,,,,,,,,,,,,,,,,,,,,,,,,,,,,,,,V,,,,,,,,,,,,,,,,,,,,,,,,,,,,,,,,,,,,,,,,,,,,,,,,,,,,,,,,,,,,13215872.0,13215872.0,,,,,,,,,,B,,,,,,,,,,,,,,,,,,,,,,,,,,,000000006666666667,,GW4AW00F7jogeFcBp6H5Am,,,,,,,,,,,,,,,,,,A,,,,,,,,,,,,,,,,,,,,,,,,X,,,,,,,C,,,,,,,,,,,,13215872.0,,,,,,,,,,,,,,,,,,,,,,,,,,,,,,,,,,,,,,,,,,,,,,I,False,2022-03-21 11:19:45.883136+00:00
250,180033000,10,ELN,BHUSHAN,11:12:30,2022-03-21,000000006666666667,,CONDIMENT,1000.0,1001.0,,,,,22990339.0,KG,KG,1.0,1.0,229903390.0,,KG,,,,,,,,,,22990339.0,sugar,,,,,,4500047037.0,10.0,,,,1.0,,,,,,,,101.0,,,,,ROH,,,,,,,,,,,,,,,,,,,,,,,,,,,,,,,,,,,,,,,,,V,,,,,,,,,,,,,,,,,,,,,,,,,,,,,,,,,,,,,,,,,,,,,,,,,,,,,,,,,,,,22990339.0,22990339.0,,,,,,,,,,B,,,,,,,,,,,,,,,,,,,,,,,,,,,000000006666666667,,GW4AW00F7jogeFcBp6JbAm,,,,,,,,,,,,,,,,,,A,,,,,,,,,,,,,,,,,,,,,,,,X,,,,,,,C,,,,,,,,,,,,22990339.0,,,,,,,,,,,,,,,,,,,,,,,,,,,,,,,,,,,,,,,,,,,,,,I,False,2022-03-21 11:19:45.883136+00:00
250,180033001,10,ELN,BHUSHAN,11:12:30,2022-03-21,000000006666666667,,CONDIMENT,1000.0,1001.0,,,,,15474489.0,KG,KG,1.0,1.0,154744890.0,,KG,,,,,,,,,,15474489.0,sugar,,,,,,4500047036.0,10.0,,,,1.0,,,,,,,,101.0,,,,,ROH,,,,,,,,,,,,,,,,,,,,,,,,,,,,,,,,,,,,,,,,,V,,,,,,,,,,,,,,,,,,,,,,,,,,,,,,,,,,,,,,,,,,,,,,,,,,,,,,,,,,,,15474489.0,15474489.0,,,,,,,,,,B,,,,,,,,,,,,,,,,,,,,,,,,,,,000000006666666667,,GW4AW00F7jogeFcBp6M5Am,,,,,,,,,,,,,,,,,,A,,,,,,,,,,,,,,,,,,,,,,,,X,,,,,,,C,,,,,,,,,,,,15474489.0,,,,,,,,,,,,,,,,,,,,,,,,,,,,,,,,,,,,,,,,,,,,,,I,False,2022-03-21 11:19:45.883136+00:00
250,180033002,10,ELN,BHUSHAN,11:12:30,2022-03-21,000000006666666667,,CONDIMENT,1000.0,1001.0,,,,,14795780.0,KG,KG,1.0,1.0,147957800.0,,KG,,,,,,,,,,14795780.0,sugar,,,,,,4500047035.0,10.0,,,,1.0,,,,,,,,101.0,,,,,ROH,,,,,,,,,,,,,,,,,,,,,,,,,,,,,,,,,,,,,,,,,V,,,,,,,,,,,,,,,,,,,,,,,,,,,,,,,,,,,,,,,,,,,,,,,,,,,,,,,,,,,,14795780.0,14795780.0,,,,,,,,,,B,,,,,,,,,,,,,,,,,,,,,,,,,,,000000006666666667,,GW4AW00F7jogeFcBp6ObAm,,,,,,,,,,,,,,,,,,A,,,,,,,,,,,,,,,,,,,,,,,,X,,,,,,,C,,,,,,,,,,,,14795780.0,,,,,,,,,,,,,,,,,,,,,,,,,,,,,,,,,,,,,,,,,,,,,,I,False,2022-03-21 11:19:45.883136+00:00
250,180033003,10,ELN,BHUSHAN,11:12:30,2022-03-21,000000006666666667,,CONDIMENT,1000.0,1001.0,,,,,26061450.0,KG,KG,1.0,1.0,260614500.0,,KG,,,,,,,,,,26061450.0,sugar,,,,,,4500047034.0,10.0,,,,1.0,,,,,,,,101.0,,,,,ROH,,,,,,,,,,,,,,,,,,,,,,,,,,,,,,,,,,,,,,,,,V,,,,,,,,,,,,,,,,,,,,,,,,,,,,,,,,,,,,,,,,,,,,,,,,,,,,,,,,,,,,26061450.0,26061450.0,,,,,,,,,,B,,,,,,,,,,,,,,,,,,,,,,,,,,,000000006666666667,,GW4AW00F7jogeFcBp6R5Am,,,,,,,,,,,,,,,,,,A,,,,,,,,,,,,,,,,,,,,,,,,X,,,,,,,C,,,,,,,,,,,,26061450.0,,,,,,,,,,,,,,,,,,,,,,,,,,,,,,,,,,,,,,,,,,,,,,I,False,2022-03-21 11:19:45.883136+00:00
250,180033004,10,ELN,BHUSHAN,11:12:30,2022-03-21,000000006666666667,,CONDIMENT,1000.0,1001.0,,,,,13813784.0,KG,KG,1.0,1.0,138137840.0,,KG,,,,,,,,,,13813784.0,sugar,,,,,,4500047033.0,10.0,,,,1.0,,,,,,,,101.0,,,,,ROH,,,,,,,,,,,,,,,,,,,,,,,,,,,,,,,,,,,,,,,,,V,,,,,,,,,,,,,,,,,,,,,,,,,,,,,,,,,,,,,,,,,,,,,,,,,,,,,,,,,,,,13813784.0,13813784.0,,,,,,,,,,B,,,,,,,,,,,,,,,,,,,,,,,,,,,000000006666666667,,GW4AW00F7jogeFcBp6TbAm,,,,,,,,,,,,,,,,,,A,,,,,,,,,,,,,,,,,,,,,,,,X,,,,,,,C,,,,,,,,,,,,13813784.0,,,,,,,,,,,,,,,,,,,,,,,,,,,,,,,,,,,,,,,,,,,,,,I,False,2022-03-21 11:19:45.883136+00:00
250,180033005,10,ELN,BHUSHAN,11:12:30,2022-03-21,000000006666666667,,CONDIMENT,1000.0,1001.0,,,,,13828644.0,KG,KG,1.0,1.0,138286440.0,,KG,,,,,,,,,,13828644.0,sugar,,,,,,4500047032.0,10.0,,,,1.0,,,,,,,,101.0,,,,,ROH,,,,,,,,,,,,,,,,,,,,,,,,,,,,,,,,,,,,,,,,,V,,,,,,,,,,,,,,,,,,,,,,,,,,,,,,,,,,,,,,,,,,,,,,,,,,,,,,,,,,,,13828644.0,13828644.0,,,,,,,,,,B,,,,,,,,,,,,,,,,,,,,,,,,,,,000000006666666667,,GW4AW00F7jogeFcBp6W5Am,,,,,,,,,,,,,,,,,,A,,,,,,,,,,,,,,,,,,,,,,,,X,,,,,,,C,,,,,,,,,,,,13828644.0,,,,,,,,,,,,,,,,,,,,,,,,,,,,,,,,,,,,,,,,,,,,,,I,False,2022-03-21 11:19:45.883136+00:00
250,180033006,10,ELN,BHUSHAN,11:12:31,2022-03-21,000000006666666667,,CONDIMENT,1000.0,1001.0,,,,,20194143.0,KG,KG,1.0,1.0,201941430.0,,KG,,,,,,,,,,20194143.0,sugar,,,,,,4500047031.0,10.0,,,,1.0,,,,,,,,101.0,,,,,ROH,,,,,,,,,,,,,,,,,,,,,,,,,,,,,,,,,,,,,,,,,V,,,,,,,,,,,,,,,,,,,,,,,,,,,,,,,,,,,,,,,,,,,,,,,,,,,,,,,,,,,,20194143.0,20194143.0,,,,,,,,,,B,,,,,,,,,,,,,,,,,,,,,,,,,,,000000006666666667,,GW4AW00F7jogeFcBp6YbAm,,,,,,,,,,,,,,,,,,A,,,,,,,,,,,,,,,,,,,,,,,,X,,,,,,,C,,,,,,,,,,,,20194143.0,,,,,,,,,,,,,,,,,,,,,,,,,,,,,,,,,,,,,,,,,,,,,,I,False,2022-03-21 11:19:45.883136+00:00
250,180033007,10,ELN,BHUSHAN,11:12:31,2022-03-21,000000006666666667,,CONDIMENT,1000.0,1001.0,,,,,26197879.0,KG,KG,1.0,1.0,261978790.0,,KG,,,,,,,,,,26197879.0,sugar,,,,,,4500047030.0,10.0,,,,1.0,,,,,,,,101.0,,,,,ROH,,,,,,,,,,,,,,,,,,,,,,,,,,,,,,,,,,,,,,,,,V,,,,,,,,,,,,,,,,,,,,,,,,,,,,,,,,,,,,,,,,,,,,,,,,,,,,,,,,,,,,26197879.0,26197879.0,,,,,,,,,,B,,,,,,,,,,,,,,,,,,,,,,,,,,,000000006666666667,,GW4AW00F7jogeFcBp6b5Am,,,,,,,,,,,,,,,,,,A,,,,,,,,,,,,,,,,,,,,,,,,X,,,,,,,C,,,,,,,,,,,,26197879.0,,,,,,,,,,,,,,,,,,,,,,,,,,,,,,,,,,,,,,,,,,,,,,I,False,2022-03-21 11:19:45.883136+00:00
250,180033008,10,ELN,BHUSHAN,11:12:31,2022-03-21,000000006666666667,,CONDIMENT,1000.0,1001.0,,,,,14981353.0,KG,KG,1.0,1.0,149813530.0,,KG,,,,,,,,,,14981353.0,sugar,,,,,,4500047029.0,10.0,,,,1.0,,,,,,,,101.0,,,,,ROH,,,,,,,,,,,,,,,,,,,,,,,,,,,,,,,,,,,,,,,,,V,,,,,,,,,,,,,,,,,,,,,,,,,,,,,,,,,,,,,,,,,,,,,,,,,,,,,,,,,,,,14981353.0,14981353.0,,,,,,,,,,B,,,,,,,,,,,,,,,,,,,,,,,,,,,000000006666666667,,GW4AW00F7jogeFcBp6dbAm,,,,,,,,,,,,,,,,,,A,,,,,,,,,,,,,,,,,,,,,,,,X,,,,,,,C,,,,,,,,,,,,14981353.0,,,,,,,,,,,,,,,,,,,,,,,,,,,,,,,,,,,,,,,,,,,,,,I,False,2022-03-21 11:19:45.883136+00:00
250,180033009,10,ELN,BHUSHAN,11:12:31,2022-03-21,000000006666666667,,CONDIMENT,1000.0,1001.0,,,,,17364602.0,KG,KG,1.0,1.0,173646020.0,,KG,,,,,,,,,,17364602.0,sugar,,,,,,4500047028.0,10.0,,,,1.0,,,,,,,,101.0,,,,,ROH,,,,,,,,,,,,,,,,,,,,,,,,,,,,,,,,,,,,,,,,,V,,,,,,,,,,,,,,,,,,,,,,,,,,,,,,,,,,,,,,,,,,,,,,,,,,,,,,,,,,,,17364602.0,17364602.0,,,,,,,,,,B,,,,,,,,,,,,,,,,,,,,,,,,,,,000000006666666667,,GW4AW00F7jogeFcBp6g5Am,,,,,,,,,,,,,,,,,,A,,,,,,,,,,,,,,,,,,,,,,,,X,,,,,,,C,,,,,,,,,,,,17364602.0,,,,,,,,,,,,,,,,,,,,,,,,,,,,,,,,,,,,,,,,,,,,,,I,False,2022-03-21 11:19:45.883136+00:00
250,180033010,10,ELN,BHUSHAN,11:12:31,2022-03-21,000000006666666667,,CONDIMENT,1000.0,1001.0,,,,,14903596.0,KG,KG,1.0,1.0,149035960.0,,KG,,,,,,,,,,14903596.0,sugar,,,,,,4500047027.0,10.0,,,,1.0,,,,,,,,101.0,,,,,ROH,,,,,,,,,,,,,,,,,,,,,,,,,,,,,,,,,,,,,,,,,V,,,,,,,,,,,,,,,,,,,,,,,,,,,,,,,,,,,,,,,,,,,,,,,,,,,,,,,,,,,,14903596.0,14903596.0,,,,,,,,,,B,,,,,,,,,,,,,,,,,,,,,,,,,,,000000006666666667,,GW4AW00F7jogeFcBp6ibAm,,,,,,,,,,,,,,,,,,A,,,,,,,,,,,,,,,,,,,,,,,,X,,,,,,,C,,,,,,,,,,,,14903596.0,,,,,,,,,,,,,,,,,,,,,,,,,,,,,,,,,,,,,,,,,,,,,,I,False,2022-03-21 11:19:45.883136+00:00
250,180033011,10,ELN,BHUSHAN,11:12:31,2022-03-21,000000006666666667,,CONDIMENT,1000.0,1001.0,,,,,15782251.0,KG,KG,1.0,1.0,157822510.0,,KG,,,,,,,,,,15782251.0,sugar,,,,,,4500047026.0,10.0,,,,1.0,,,,,,,,101.0,,,,,ROH,,,,,,,,,,,,,,,,,,,,,,,,,,,,,,,,,,,,,,,,,V,,,,,,,,,,,,,,,,,,,,,,,,,,,,,,,,,,,,,,,,,,,,,,,,,,,,,,,,,,,,15782251.0,15782251.0,,,,,,,,,,B,,,,,,,,,,,,,,,,,,,,,,,,,,,000000006666666667,,GW4AW00F7jogeFcBp6l5Am,,,,,,,,,,,,,,,,,,A,,,,,,,,,,,,,,,,,,,,,,,,X,,,,,,,C,,,,,,,,,,,,15782251.0,,,,,,,,,,,,,,,,,,,,,,,,,,,,,,,,,,,,,,,,,,,,,,I,False,2022-03-21 11:19:45.883136+00:00
250,180033012,10,ELN,BHUSHAN,11:12:31,2022-03-21,000000006666666667,,CONDIMENT,1000.0,1001.0,,,,,26499450.0,KG,KG,1.0,1.0,264994500.0,,KG,,,,,,,,,,26499450.0,sugar,,,,,,4500047025.0,10.0,,,,1.0,,,,,,,,101.0,,,,,ROH,,,,,,,,,,,,,,,,,,,,,,,,,,,,,,,,,,,,,,,,,V,,,,,,,,,,,,,,,,,,,,,,,,,,,,,,,,,,,,,,,,,,,,,,,,,,,,,,,,,,,,26499450.0,26499450.0,,,,,,,,,,B,,,,,,,,,,,,,,,,,,,,,,,,,,,000000006666666667,,GW4AW00F7jogeFcBp6nbAm,,,,,,,,,,,,,,,,,,A,,,,,,,,,,,,,,,,,,,,,,,,X,,,,,,,C,,,,,,,,,,,,26499450.0,,,,,,,,,,,,,,,,,,,,,,,,,,,,,,,,,,,,,,,,,,,,,,I,False,2022-03-21 11:19:45.883136+00:00
250,180033013,10,ELN,BHUSHAN,11:12:31,2022-03-21,000000006666666667,,CONDIMENT,1000.0,1001.0,,,,,14647388.0,KG,KG,1.0,1.0,146473880.0,,KG,,,,,,,,,,14647388.0,sugar,,,,,,4500047024.0,10.0,,,,1.0,,,,,,,,101.0,,,,,ROH,,,,,,,,,,,,,,,,,,,,,,,,,,,,,,,,,,,,,,,,,V,,,,,,,,,,,,,,,,,,,,,,,,,,,,,,,,,,,,,,,,,,,,,,,,,,,,,,,,,,,,14647388.0,14647388.0,,,,,,,,,,B,,,,,,,,,,,,,,,,,,,,,,,,,,,000000006666666667,,GW4AW00F7jogeFcBp6q5Am,,,,,,,,,,,,,,,,,,A,,,,,,,,,,,,,,,,,,,,,,,,X,,,,,,,C,,,,,,,,,,,,14647388.0,,,,,,,,,,,,,,,,,,,,,,,,,,,,,,,,,,,,,,,,,,,,,,I,False,2022-03-21 11:19:45.883136+00:00
250,180033014,10,ELN,BHUSHAN,11:12:32,2022-03-21,000000006666666667,,CONDIMENT,1000.0,1001.0,,,,,22856915.0,KG,KG,1.0,1.0,228569150.0,,KG,,,,,,,,,,22856915.0,sugar,,,,,,4500047087.0,10.0,,,,1.0,,,,,,,,101.0,,,,,ROH,,,,,,,,,,,,,,,,,,,,,,,,,,,,,,,,,,,,,,,,,V,,,,,,,,,,,,,,,,,,,,,,,,,,,,,,,,,,,,,,,,,,,,,,,,,,,,,,,,,,,,22856915.0,22856915.0,,,,,,,,,,B,,,,,,,,,,,,,,,,,,,,,,,,,,,000000006666666667,,GW4AW00F7jogeFco2{t5Am,,,,,,,,,,,,,,,,,,A,,,,,,,,,,,,,,,,,,,,,,,,X,,,,,,,C,,,,,,,,,,,,22856915.0,,,,,,,,,,,,,,,,,,,,,,,,,,,,,,,,,,,,,,,,,,,,,,I,False,2022-03-21 11:19:45.883136+00:00
250,180033015,10,ELN,BHUSHAN,11:12:32,2022-03-21,000000006666666667,,CONDIMENT,1000.0,1001.0,,,,,18385632.0,KG,KG,1.0,1.0,183856320.0,,KG,,,,,,,,,,18385632.0,sugar,,,,,,4500047086.0,10.0,,,,1.0,,,,,,,,101.0,,,,,ROH,,,,,,,,,,,,,,,,,,,,,,,,,,,,,,,,,,,,,,,,,V,,,,,,,,,,,,,,,,,,,,,,,,,,,,,,,,,,,,,,,,,,,,,,,,,,,,,,,,,,,,18385632.0,18385632.0,,,,,,,,,,B,,,,,,,,,,,,,,,,,,,,,,,,,,,000000006666666667,,GW4AW00F7jogeFco2{vbAm,,,,,,,,,,,,,,,,,,A,,,,,,,,,,,,,,,,,,,,,,,,X,,,,,,,C,,,,,,,,,,,,18385632.0,,,,,,,,,,,,,,,,,,,,,,,,,,,,,,,,,,,,,,,,,,,,,,I,False,2022-03-21 11:19:45.883136+00:00
250,180033016,10,ELN,BHUSHAN,11:12:32,2022-03-21,000000006666666667,,CONDIMENT,1000.0,1001.0,,,,,19673699.0,KG,KG,1.0,1.0,196736990.0,,KG,,,,,,,,,,19673699.0,sugar,,,,,,4500047085.0,10.0,,,,1.0,,,,,,,,101.0,,,,,ROH,,,,,,,,,,,,,,,,,,,,,,,,,,,,,,,,,,,,,,,,,V,,,,,,,,,,,,,,,,,,,,,,,,,,,,,,,,,,,,,,,,,,,,,,,,,,,,,,,,,,,,19673699.0,19673699.0,,,,,,,,,,B,,,,,,,,,,,,,,,,,,,,,,,,,,,000000006666666667,,GW4AW00F7jogeFco2{y5Am,,,,,,,,,,,,,,,,,,A,,,,,,,,,,,,,,,,,,,,,,,,X,,,,,,,C,,,,,,,,,,,,19673699.0,,,,,,,,,,,,,,,,,,,,,,,,,,,,,,,,,,,,,,,,,,,,,,I,False,2022-03-21 11:19:45.883136+00:00
250,180033017,10,ELN,BHUSHAN,11:12:32,2022-03-21,000000006666666667,,CONDIMENT,1000.0,1001.0,,,,,23775729.0,KG,KG,1.0,1.0,237757290.0,,KG,,,,,,,,,,23775729.0,sugar,,,,,,4500047084.0,10.0,,,,1.0,,,,,,,,101.0,,,,,ROH,,,,,,,,,,,,,,,,,,,,,,,,,,,,,,,,,,,,,,,,,V,,,,,,,,,,,,,,,,,,,,,,,,,,,,,,,,,,,,,,,,,,,,,,,,,,,,,,,,,,,,23775729.0,23775729.0,,,,,,,,,,B,,,,,,,,,,,,,,,,,,,,,,,,,,,000000006666666667,,GW4AW00F7jogeFco2{{bAm,,,,,,,,,,,,,,,,,,A,,,,,,,,,,,,,,,,,,,,,,,,X,,,,,,,C,,,,,,,,,,,,23775729.0,,,,,,,,,,,,,,,,,,,,,,,,,,,,,,,,,,,,,,,,,,,,,,I,False,2022-03-21 11:19:45.883136+00:00
250,180033018,10,ELN,BHUSHAN,11:12:32,2022-03-21,000000006666666667,,CONDIMENT,1000.0,1001.0,,,,,13111959.0,KG,KG,1.0,1.0,131119590.0,,KG,,,,,,,,,,13111959.0,sugar,,,,,,4500047083.0,10.0,,,,1.0,,,,,,,,101.0,,,,,ROH,,,,,,,,,,,,,,,,,,,,,,,,,,,,,,,,,,,,,,,,,V,,,,,,,,,,,,,,,,,,,,,,,,,,,,,,,,,,,,,,,,,,,,,,,,,,,,,,,,,,,,13111959.0,13111959.0,,,,,,,,,,B,,,,,,,,,,,,,,,,,,,,,,,,,,,000000006666666667,,GW4AW00F7jogeFco2}15Am,,,,,,,,,,,,,,,,,,A,,,,,,,,,,,,,,,,,,,,,,,,X,,,,,,,C,,,,,,,,,,,,13111959.0,,,,,,,,,,,,,,,,,,,,,,,,,,,,,,,,,,,,,,,,,,,,,,I,False,2022-03-21 11:19:45.883136+00:00
250,180033019,10,ELN,BHUSHAN,11:12:32,2022-03-21,000000006666666667,,CONDIMENT,1000.0,1001.0,,,,,18350996.0,KG,KG,1.0,1.0,183509960.0,,KG,,,,,,,,,,18350996.0,sugar,,,,,,4500047082.0,10.0,,,,1.0,,,,,,,,101.0,,,,,ROH,,,,,,,,,,,,,,,,,,,,,,,,,,,,,,,,,,,,,,,,,V,,,,,,,,,,,,,,,,,,,,,,,,,,,,,,,,,,,,,,,,,,,,,,,,,,,,,,,,,,,,18350996.0,18350996.0,,,,,,,,,,B,,,,,,,,,,,,,,,,,,,,,,,,,,,000000006666666667,,GW4AW00F7jogeFco2}3bAm,,,,,,,,,,,,,,,,,,A,,,,,,,,,,,,,,,,,,,,,,,,X,,,,,,,C,,,,,,,,,,,,18350996.0,,,,,,,,,,,,,,,,,,,,,,,,,,,,,,,,,,,,,,,,,,,,,,I,False,2022-03-21 11:19:45.883136+00:00
250,180033020,10,ELN,BHUSHAN,11:12:32,2022-03-21,000000006666666667,,CONDIMENT,1000.0,1001.0,,,,,26609167.0,KG,KG,1.0,1.0,266091670.0,,KG,,,,,,,,,,26609167.0,sugar,,,,,,4500047081.0,10.0,,,,1.0,,,,,,,,101.0,,,,,ROH,,,,,,,,,,,,,,,,,,,,,,,,,,,,,,,,,,,,,,,,,V,,,,,,,,,,,,,,,,,,,,,,,,,,,,,,,,,,,,,,,,,,,,,,,,,,,,,,,,,,,,26609167.0,26609167.0,,,,,,,,,,B,,,,,,,,,,,,,,,,,,,,,,,,,,,000000006666666667,,GW4AW00F7jogeFco2}65Am,,,,,,,,,,,,,,,,,,A,,,,,,,,,,,,,,,,,,,,,,,,X,,,,,,,C,,,,,,,,,,,,26609167.0,,,,,,,,,,,,,,,,,,,,,,,,,,,,,,,,,,,,,,,,,,,,,,I,False,2022-03-21 11:19:45.883136+00:00
250,180033021,10,ELN,BHUSHAN,11:12:32,2022-03-21,000000006666666667,,CONDIMENT,1000.0,1001.0,,,,,14837115.0,KG,KG,1.0,1.0,148371150.0,,KG,,,,,,,,,,14837115.0,sugar,,,,,,4500047080.0,10.0,,,,1.0,,,,,,,,101.0,,,,,ROH,,,,,,,,,,,,,,,,,,,,,,,,,,,,,,,,,,,,,,,,,V,,,,,,,,,,,,,,,,,,,,,,,,,,,,,,,,,,,,,,,,,,,,,,,,,,,,,,,,,,,,14837115.0,14837115.0,,,,,,,,,,B,,,,,,,,,,,,,,,,,,,,,,,,,,,000000006666666667,,GW4AW00F7jogeFco2}8bAm,,,,,,,,,,,,,,,,,,A,,,,,,,,,,,,,,,,,,,,,,,,X,,,,,,,C,,,,,,,,,,,,14837115.0,,,,,,,,,,,,,,,,,,,,,,,,,,,,,,,,,,,,,,,,,,,,,,I,False,2022-03-21 11:19:45.883136+00:00
250,180033022,10,ELN,BHUSHAN,11:12:33,2022-03-21,000000006666666667,,CONDIMENT,1000.0,1001.0,,,,,14846166.0,KG,KG,1.0,1.0,148461660.0,,KG,,,,,,,,,,14846166.0,sugar,,,,,,4500047079.0,10.0,,,,1.0,,,,,,,,101.0,,,,,ROH,,,,,,,,,,,,,,,,,,,,,,,,,,,,,,,,,,,,,,,,,V,,,,,,,,,,,,,,,,,,,,,,,,,,,,,,,,,,,,,,,,,,,,,,,,,,,,,,,,,,,,14846166.0,14846166.0,,,,,,,,,,B,,,,,,,,,,,,,,,,,,,,,,,,,,,000000006666666667,,GW4AW00F7jogeFco2}B5Am,,,,,,,,,,,,,,,,,,A,,,,,,,,,,,,,,,,,,,,,,,,X,,,,,,,C,,,,,,,,,,,,14846166.0,,,,,,,,,,,,,,,,,,,,,,,,,,,,,,,,,,,,,,,,,,,,,,I,False,2022-03-21 11:19:45.883136+00:00
250,180033023,10,ELN,BHUSHAN,11:12:33,2022-03-21,000000006666666667,,CONDIMENT,1000.0,1001.0,,,,,18508470.0,KG,KG,1.0,1.0,185084700.0,,KG,,,,,,,,,,18508470.0,sugar,,,,,,4500047078.0,10.0,,,,1.0,,,,,,,,101.0,,,,,ROH,,,,,,,,,,,,,,,,,,,,,,,,,,,,,,,,,,,,,,,,,V,,,,,,,,,,,,,,,,,,,,,,,,,,,,,,,,,,,,,,,,,,,,,,,,,,,,,,,,,,,,18508470.0,18508470.0,,,,,,,,,,B,,,,,,,,,,,,,,,,,,,,,,,,,,,000000006666666667,,GW4AW00F7jogeFco2}DbAm,,,,,,,,,,,,,,,,,,A,,,,,,,,,,,,,,,,,,,,,,,,X,,,,,,,C,,,,,,,,,,,,18508470.0,,,,,,,,,,,,,,,,,,,,,,,,,,,,,,,,,,,,,,,,,,,,,,I,False,2022-03-21 11:19:45.883136+00:00
250,180033024,10,ELN,BHUSHAN,11:12:33,2022-03-21,000000006666666667,,CONDIMENT,1000.0,1001.0,,,,,22029014.0,KG,KG,1.0,1.0,220290140.0,,KG,,,,,,,,,,22029014.0,sugar,,,,,,4500047077.0,10.0,,,,1.0,,,,,,,,101.0,,,,,ROH,,,,,,,,,,,,,,,,,,,,,,,,,,,,,,,,,,,,,,,,,V,,,,,,,,,,,,,,,,,,,,,,,,,,,,,,,,,,,,,,,,,,,,,,,,,,,,,,,,,,,,22029014.0,22029014.0,,,,,,,,,,B,,,,,,,,,,,,,,,,,,,,,,,,,,,000000006666666667,,GW4AW00F7jogeFco2}G5Am,,,,,,,,,,,,,,,,,,A,,,,,,,,,,,,,,,,,,,,,,,,X,,,,,,,C,,,,,,,,,,,,22029014.0,,,,,,,,,,,,,,,,,,,,,,,,,,,,,,,,,,,,,,,,,,,,,,I,False,2022-03-21 11:19:45.883136+00:00
250,180033025,10,ELN,BHUSHAN,11:12:33,2022-03-21,000000006666666667,,CONDIMENT,1000.0,1001.0,,,,,13783821.0,KG,KG,1.0,1.0,137838210.0,,KG,,,,,,,,,,13783821.0,sugar,,,,,,4500047076.0,10.0,,,,1.0,,,,,,,,101.0,,,,,ROH,,,,,,,,,,,,,,,,,,,,,,,,,,,,,,,,,,,,,,,,,V,,,,,,,,,,,,,,,,,,,,,,,,,,,,,,,,,,,,,,,,,,,,,,,,,,,,,,,,,,,,13783821.0,13783821.0,,,,,,,,,,B,,,,,,,,,,,,,,,,,,,,,,,,,,,000000006666666667,,GW4AW00F7jogeFco2}IbAm,,,,,,,,,,,,,,,,,,A,,,,,,,,,,,,,,,,,,,,,,,,X,,,,,,,C,,,,,,,,,,,,13783821.0,,,,,,,,,,,,,,,,,,,,,,,,,,,,,,,,,,,,,,,,,,,,,,I,False,2022-03-21 11:19:45.883136+00:00
250,180033026,10,ELN,BHUSHAN,11:12:33,2022-03-21,000000006666666667,,CONDIMENT,1000.0,1001.0,,,,,27562893.0,KG,KG,1.0,1.0,275628930.0,,KG,,,,,,,,,,27562893.0,sugar,,,,,,4500047075.0,10.0,,,,1.0,,,,,,,,101.0,,,,,ROH,,,,,,,,,,,,,,,,,,,,,,,,,,,,,,,,,,,,,,,,,V,,,,,,,,,,,,,,,,,,,,,,,,,,,,,,,,,,,,,,,,,,,,,,,,,,,,,,,,,,,,27562893.0,27562893.0,,,,,,,,,,B,,,,,,,,,,,,,,,,,,,,,,,,,,,000000006666666667,,GW4AW00F7jogeFco2}L5Am,,,,,,,,,,,,,,,,,,A,,,,,,,,,,,,,,,,,,,,,,,,X,,,,,,,C,,,,,,,,,,,,27562893.0,,,,,,,,,,,,,,,,,,,,,,,,,,,,,,,,,,,,,,,,,,,,,,I,False,2022-03-21 11:19:45.883136+00:00
250,180033027,10,ELN,BHUSHAN,11:12:33,2022-03-21,000000006666666667,,CONDIMENT,1000.0,1001.0,,,,,26740184.0,KG,KG,1.0,1.0,267401840.0,,KG,,,,,,,,,,26740184.0,sugar,,,,,,4500047074.0,10.0,,,,1.0,,,,,,,,101.0,,,,,ROH,,,,,,,,,,,,,,,,,,,,,,,,,,,,,,,,,,,,,,,,,V,,,,,,,,,,,,,,,,,,,,,,,,,,,,,,,,,,,,,,,,,,,,,,,,,,,,,,,,,,,,26740184.0,26740184.0,,,,,,,,,,B,,,,,,,,,,,,,,,,,,,,,,,,,,,000000006666666667,,GW4AW00F7jogeFco2}NbAm,,,,,,,,,,,,,,,,,,A,,,,,,,,,,,,,,,,,,,,,,,,X,,,,,,,C,,,,,,,,,,,,26740184.0,,,,,,,,,,,,,,,,,,,,,,,,,,,,,,,,,,,,,,,,,,,,,,I,False,2022-03-21 11:19:45.883136+00:00
250,180033028,10,ELN,BHUSHAN,11:12:33,2022-03-21,000000006666666667,,CONDIMENT,1000.0,1001.0,,,,,21668174.0,KG,KG,1.0,1.0,216681740.0,,KG,,,,,,,,,,21668174.0,sugar,,,,,,4500047073.0,10.0,,,,1.0,,,,,,,,101.0,,,,,ROH,,,,,,,,,,,,,,,,,,,,,,,,,,,,,,,,,,,,,,,,,V,,,,,,,,,,,,,,,,,,,,,,,,,,,,,,,,,,,,,,,,,,,,,,,,,,,,,,,,,,,,21668174.0,21668174.0,,,,,,,,,,B,,,,,,,,,,,,,,,,,,,,,,,,,,,000000006666666667,,GW4AW00F7jogeFco2}Q5Am,,,,,,,,,,,,,,,,,,A,,,,,,,,,,,,,,,,,,,,,,,,X,,,,,,,C,,,,,,,,,,,,21668174.0,,,,,,,,,,,,,,,,,,,,,,,,,,,,,,,,,,,,,,,,,,,,,,I,False,2022-03-21 11:19:45.883136+00:00
250,180033029,10,ELN,BHUSHAN,11:12:33,2022-03-21,000000006666666667,,CONDIMENT,1000.0,1001.0,,,,,17790904.0,KG,KG,1.0,1.0,177909040.0,,KG,,,,,,,,,,17790904.0,sugar,,,,,,4500047072.0,10.0,,,,1.0,,,,,,,,101.0,,,,,ROH,,,,,,,,,,,,,,,,,,,,,,,,,,,,,,,,,,,,,,,,,V,,,,,,,,,,,,,,,,,,,,,,,,,,,,,,,,,,,,,,,,,,,,,,,,,,,,,,,,,,,,17790904.0,17790904.0,,,,,,,,,,B,,,,,,,,,,,,,,,,,,,,,,,,,,,000000006666666667,,GW4AW00F7jogeFco2}SbAm,,,,,,,,,,,,,,,,,,A,,,,,,,,,,,,,,,,,,,,,,,,X,,,,,,,C,,,,,,,,,,,,17790904.0,,,,,,,,,,,,,,,,,,,,,,,,,,,,,,,,,,,,,,,,,,,,,,I,False,2022-03-21 11:19:45.883136+00:00
250,180033030,10,ELN,BHUSHAN,11:12:34,2022-03-21,000000006666666667,,CONDIMENT,1000.0,1001.0,,,,,27637654.0,KG,KG,1.0,1.0,276376540.0,,KG,,,,,,,,,,27637654.0,sugar,,,,,,4500047071.0,10.0,,,,1.0,,,,,,,,101.0,,,,,ROH,,,,,,,,,,,,,,,,,,,,,,,,,,,,,,,,,,,,,,,,,V,,,,,,,,,,,,,,,,,,,,,,,,,,,,,,,,,,,,,,,,,,,,,,,,,,,,,,,,,,,,27637654.0,27637654.0,,,,,,,,,,B,,,,,,,,,,,,,,,,,,,,,,,,,,,000000006666666667,,GW4AW00F7jogeFdO37v5Am,,,,,,,,,,,,,,,,,,A,,,,,,,,,,,,,,,,,,,,,,,,X,,,,,,,C,,,,,,,,,,,,27637654.0,,,,,,,,,,,,,,,,,,,,,,,,,,,,,,,,,,,,,,,,,,,,,,I,False,2022-03-21 11:19:45.883136+00:00
250,180033031,10,ELN,BHUSHAN,11:12:34,2022-03-21,000000006666666667,,CONDIMENT,1000.0,1001.0,,,,,15672703.0,KG,KG,1.0,1.0,156727030.0,,KG,,,,,,,,,,15672703.0,sugar,,,,,,4500047070.0,10.0,,,,1.0,,,,,,,,101.0,,,,,ROH,,,,,,,,,,,,,,,,,,,,,,,,,,,,,,,,,,,,,,,,,V,,,,,,,,,,,,,,,,,,,,,,,,,,,,,,,,,,,,,,,,,,,,,,,,,,,,,,,,,,,,15672703.0,15672703.0,,,,,,,,,,B,,,,,,,,,,,,,,,,,,,,,,,,,,,000000006666666667,,GW4AW00F7jogeFdO37xbAm,,,,,,,,,,,,,,,,,,A,,,,,,,,,,,,,,,,,,,,,,,,X,,,,,,,C,,,,,,,,,,,,15672703.0,,,,,,,,,,,,,,,,,,,,,,,,,,,,,,,,,,,,,,,,,,,,,,I,False,2022-03-21 11:19:45.883136+00:00
250,180033032,10,ELN,BHUSHAN,11:12:34,2022-03-21,000000006666666667,,CONDIMENT,1000.0,1001.0,,,,,24337099.0,KG,KG,1.0,1.0,243370990.0,,KG,,,,,,,,,,24337099.0,sugar,,,,,,4500047069.0,10.0,,,,1.0,,,,,,,,101.0,,,,,ROH,,,,,,,,,,,,,,,,,,,,,,,,,,,,,,,,,,,,,,,,,V,,,,,,,,,,,,,,,,,,,,,,,,,,,,,,,,,,,,,,,,,,,,,,,,,,,,,,,,,,,,24337099.0,24337099.0,,,,,,,,,,B,,,,,,,,,,,,,,,,,,,,,,,,,,,000000006666666667,,GW4AW00F7jogeFdO37{5Am,,,,,,,,,,,,,,,,,,A,,,,,,,,,,,,,,,,,,,,,,,,X,,,,,,,C,,,,,,,,,,,,24337099.0,,,,,,,,,,,,,,,,,,,,,,,,,,,,,,,,,,,,,,,,,,,,,,I,False,2022-03-21 11:19:45.883136+00:00
250,180033033,10,ELN,BHUSHAN,11:12:34,2022-03-21,000000006666666667,,CONDIMENT,1000.0,1001.0,,,,,15944855.0,KG,KG,1.0,1.0,159448550.0,,KG,,,,,,,,,,15944855.0,sugar,,,,,,4500047068.0,10.0,,,,1.0,,,,,,,,101.0,,,,,ROH,,,,,,,,,,,,,,,,,,,,,,,,,,,,,,,,,,,,,,,,,V,,,,,,,,,,,,,,,,,,,,,,,,,,,,,,,,,,,,,,,,,,,,,,,,,,,,,,,,,,,,15944855.0,15944855.0,,,,,,,,,,B,,,,,,,,,,,,,,,,,,,,,,,,,,,000000006666666667,,GW4AW00F7jogeFdO380bAm,,,,,,,,,,,,,,,,,,A,,,,,,,,,,,,,,,,,,,,,,,,X,,,,,,,C,,,,,,,,,,,,15944855.0,,,,,,,,,,,,,,,,,,,,,,,,,,,,,,,,,,,,,,,,,,,,,,I,False,2022-03-21 11:19:45.883136+00:00
250,180033034,10,ELN,BHUSHAN,11:12:34,2022-03-21,000000006666666667,,CONDIMENT,1000.0,1001.0,,,,,24250324.0,KG,KG,1.0,1.0,242503240.0,,KG,,,,,,,,,,24250324.0,sugar,,,,,,4500047067.0,10.0,,,,1.0,,,,,,,,101.0,,,,,ROH,,,,,,,,,,,,,,,,,,,,,,,,,,,,,,,,,,,,,,,,,V,,,,,,,,,,,,,,,,,,,,,,,,,,,,,,,,,,,,,,,,,,,,,,,,,,,,,,,,,,,,24250324.0,24250324.0,,,,,,,,,,B,,,,,,,,,,,,,,,,,,,,,,,,,,,000000006666666667,,GW4AW00F7jogeFdO3835Am,,,,,,,,,,,,,,,,,,A,,,,,,,,,,,,,,,,,,,,,,,,X,,,,,,,C,,,,,,,,,,,,24250324.0,,,,,,,,,,,,,,,,,,,,,,,,,,,,,,,,,,,,,,,,,,,,,,I,False,2022-03-21 11:19:45.883136+00:00
250,180033035,10,ELN,BHUSHAN,11:12:34,2022-03-21,000000006666666667,,CONDIMENT,1000.0,1001.0,,,,,23969154.0,KG,KG,1.0,1.0,239691540.0,,KG,,,,,,,,,,23969154.0,sugar,,,,,,4500047066.0,10.0,,,,1.0,,,,,,,,101.0,,,,,ROH,,,,,,,,,,,,,,,,,,,,,,,,,,,,,,,,,,,,,,,,,V,,,,,,,,,,,,,,,,,,,,,,,,,,,,,,,,,,,,,,,,,,,,,,,,,,,,,,,,,,,,23969154.0,23969154.0,,,,,,,,,,B,,,,,,,,,,,,,,,,,,,,,,,,,,,000000006666666667,,GW4AW00F7jogeFdO385bAm,,,,,,,,,,,,,,,,,,A,,,,,,,,,,,,,,,,,,,,,,,,X,,,,,,,C,,,,,,,,,,,,23969154.0,,,,,,,,,,,,,,,,,,,,,,,,,,,,,,,,,,,,,,,,,,,,,,I,False,2022-03-21 11:19:45.883136+00:00
250,180033036,10,ELN,BHUSHAN,11:12:34,2022-03-21,000000006666666667,,CONDIMENT,1000.0,1001.0,,,,,21114845.0,KG,KG,1.0,1.0,211148450.0,,KG,,,,,,,,,,21114845.0,sugar,,,,,,4500047065.0,10.0,,,,1.0,,,,,,,,101.0,,,,,ROH,,,,,,,,,,,,,,,,,,,,,,,,,,,,,,,,,,,,,,,,,V,,,,,,,,,,,,,,,,,,,,,,,,,,,,,,,,,,,,,,,,,,,,,,,,,,,,,,,,,,,,21114845.0,21114845.0,,,,,,,,,,B,,,,,,,,,,,,,,,,,,,,,,,,,,,000000006666666667,,GW4AW00F7jogeFdO3885Am,,,,,,,,,,,,,,,,,,A,,,,,,,,,,,,,,,,,,,,,,,,X,,,,,,,C,,,,,,,,,,,,21114845.0,,,,,,,,,,,,,,,,,,,,,,,,,,,,,,,,,,,,,,,,,,,,,,I,False,2022-03-21 11:19:45.883136+00:00
250,180033037,10,ELN,BHUSHAN,11:12:34,2022-03-21,000000006666666667,,CONDIMENT,1000.0,1001.0,,,,,16607405.0,KG,KG,1.0,1.0,166074050.0,,KG,,,,,,,,,,16607405.0,sugar,,,,,,4500047064.0,10.0,,,,1.0,,,,,,,,101.0,,,,,ROH,,,,,,,,,,,,,,,,,,,,,,,,,,,,,,,,,,,,,,,,,V,,,,,,,,,,,,,,,,,,,,,,,,,,,,,,,,,,,,,,,,,,,,,,,,,,,,,,,,,,,,16607405.0,16607405.0,,,,,,,,,,B,,,,,,,,,,,,,,,,,,,,,,,,,,,000000006666666667,,GW4AW00F7jogeFdO38AbAm,,,,,,,,,,,,,,,,,,A,,,,,,,,,,,,,,,,,,,,,,,,X,,,,,,,C,,,,,,,,,,,,16607405.0,,,,,,,,,,,,,,,,,,,,,,,,,,,,,,,,,,,,,,,,,,,,,,I,False,2022-03-21 11:19:45.883136+00:00
250,180033038,10,ELN,BHUSHAN,11:12:35,2022-03-21,000000006666666667,,CONDIMENT,1000.0,1001.0,,,,,21530338.0,KG,KG,1.0,1.0,215303380.0,,KG,,,,,,,,,,21530338.0,sugar,,,,,,4500047063.0,10.0,,,,1.0,,,,,,,,101.0,,,,,ROH,,,,,,,,,,,,,,,,,,,,,,,,,,,,,,,,,,,,,,,,,V,,,,,,,,,,,,,,,,,,,,,,,,,,,,,,,,,,,,,,,,,,,,,,,,,,,,,,,,,,,,21530338.0,21530338.0,,,,,,,,,,B,,,,,,,,,,,,,,,,,,,,,,,,,,,000000006666666667,,GW4AW00F7jogeFdO38D5Am,,,,,,,,,,,,,,,,,,A,,,,,,,,,,,,,,,,,,,,,,,,X,,,,,,,C,,,,,,,,,,,,21530338.0,,,,,,,,,,,,,,,,,,,,,,,,,,,,,,,,,,,,,,,,,,,,,,I,False,2022-03-21 11:19:45.883136+00:00
250,180033039,10,ELN,BHUSHAN,11:12:35,2022-03-21,000000006666666667,,CONDIMENT,1000.0,1001.0,,,,,18625889.0,KG,KG,1.0,1.0,186258890.0,,KG,,,,,,,,,,18625889.0,sugar,,,,,,4500047062.0,10.0,,,,1.0,,,,,,,,101.0,,,,,ROH,,,,,,,,,,,,,,,,,,,,,,,,,,,,,,,,,,,,,,,,,V,,,,,,,,,,,,,,,,,,,,,,,,,,,,,,,,,,,,,,,,,,,,,,,,,,,,,,,,,,,,18625889.0,18625889.0,,,,,,,,,,B,,,,,,,,,,,,,,,,,,,,,,,,,,,000000006666666667,,GW4AW00F7jogeFdO38FbAm,,,,,,,,,,,,,,,,,,A,,,,,,,,,,,,,,,,,,,,,,,,X,,,,,,,C,,,,,,,,,,,,18625889.0,,,,,,,,,,,,,,,,,,,,,,,,,,,,,,,,,,,,,,,,,,,,,,I,False,2022-03-21 11:19:45.883136+00:00
250,180033040,10,ELN,BHUSHAN,11:12:35,2022-03-21,000000006666666667,,CONDIMENT,1000.0,1001.0,,,,,20803269.0,KG,KG,1.0,1.0,208032690.0,,KG,,,,,,,,,,20803269.0,sugar,,,,,,4500047061.0,10.0,,,,1.0,,,,,,,,101.0,,,,,ROH,,,,,,,,,,,,,,,,,,,,,,,,,,,,,,,,,,,,,,,,,V,,,,,,,,,,,,,,,,,,,,,,,,,,,,,,,,,,,,,,,,,,,,,,,,,,,,,,,,,,,,20803269.0,20803269.0,,,,,,,,,,B,,,,,,,,,,,,,,,,,,,,,,,,,,,000000006666666667,,GW4AW00F7jogeFdO38I5Am,,,,,,,,,,,,,,,,,,A,,,,,,,,,,,,,,,,,,,,,,,,X,,,,,,,C,,,,,,,,,,,,20803269.0,,,,,,,,,,,,,,,,,,,,,,,,,,,,,,,,,,,,,,,,,,,,,,I,False,2022-03-21 11:19:45.883136+00:00
250,180033041,10,ELN,BHUSHAN,11:12:35,2022-03-21,000000006666666667,,CONDIMENT,1000.0,1001.0,,,,,23910362.0,KG,KG,1.0,1.0,239103620.0,,KG,,,,,,,,,,23910362.0,sugar,,,,,,4500047060.0,10.0,,,,1.0,,,,,,,,101.0,,,,,ROH,,,,,,,,,,,,,,,,,,,,,,,,,,,,,,,,,,,,,,,,,V,,,,,,,,,,,,,,,,,,,,,,,,,,,,,,,,,,,,,,,,,,,,,,,,,,,,,,,,,,,,23910362.0,23910362.0,,,,,,,,,,B,,,,,,,,,,,,,,,,,,,,,,,,,,,000000006666666667,,GW4AW00F7jogeFdO38KbAm,,,,,,,,,,,,,,,,,,A,,,,,,,,,,,,,,,,,,,,,,,,X,,,,,,,C,,,,,,,,,,,,23910362.0,,,,,,,,,,,,,,,,,,,,,,,,,,,,,,,,,,,,,,,,,,,,,,I,False,2022-03-21 11:19:45.883136+00:00
250,180033042,10,ELN,BHUSHAN,11:12:35,2022-03-21,000000006666666667,,CONDIMENT,1000.0,1001.0,,,,,17833068.0,KG,KG,1.0,1.0,178330680.0,,KG,,,,,,,,,,17833068.0,sugar,,,,,,4500047059.0,10.0,,,,1.0,,,,,,,,101.0,,,,,ROH,,,,,,,,,,,,,,,,,,,,,,,,,,,,,,,,,,,,,,,,,V,,,,,,,,,,,,,,,,,,,,,,,,,,,,,,,,,,,,,,,,,,,,,,,,,,,,,,,,,,,,17833068.0,17833068.0,,,,,,,,,,B,,,,,,,,,,,,,,,,,,,,,,,,,,,000000006666666667,,GW4AW00F7jogeFdO38N5Am,,,,,,,,,,,,,,,,,,A,,,,,,,,,,,,,,,,,,,,,,,,X,,,,,,,C,,,,,,,,,,,,17833068.0,,,,,,,,,,,,,,,,,,,,,,,,,,,,,,,,,,,,,,,,,,,,,,I,False,2022-03-21 11:19:45.883136+00:00
250,180033043,10,ELN,BHUSHAN,11:12:35,2022-03-21,000000006666666667,,CONDIMENT,1000.0,1001.0,,,,,25474643.0,KG,KG,1.0,1.0,254746430.0,,KG,,,,,,,,,,25474643.0,sugar,,,,,,4500047058.0,10.0,,,,1.0,,,,,,,,101.0,,,,,ROH,,,,,,,,,,,,,,,,,,,,,,,,,,,,,,,,,,,,,,,,,V,,,,,,,,,,,,,,,,,,,,,,,,,,,,,,,,,,,,,,,,,,,,,,,,,,,,,,,,,,,,25474643.0,25474643.0,,,,,,,,,,B,,,,,,,,,,,,,,,,,,,,,,,,,,,000000006666666667,,GW4AW00F7jogeFdO38PbAm,,,,,,,,,,,,,,,,,,A,,,,,,,,,,,,,,,,,,,,,,,,X,,,,,,,C,,,,,,,,,,,,25474643.0,,,,,,,,,,,,,,,,,,,,,,,,,,,,,,,,,,,,,,,,,,,,,,I,False,2022-03-21 11:19:45.883136+00:00
250,180033044,10,ELN,BHUSHAN,11:12:35,2022-03-21,000000006666666667,,CONDIMENT,1000.0,1001.0,,,,,17226077.0,KG,KG,1.0,1.0,172260770.0,,KG,,,,,,,,,,17226077.0,sugar,,,,,,4500047057.0,10.0,,,,1.0,,,,,,,,101.0,,,,,ROH,,,,,,,,,,,,,,,,,,,,,,,,,,,,,,,,,,,,,,,,,V,,,,,,,,,,,,,,,,,,,,,,,,,,,,,,,,,,,,,,,,,,,,,,,,,,,,,,,,,,,,17226077.0,17226077.0,,,,,,,,,,B,,,,,,,,,,,,,,,,,,,,,,,,,,,000000006666666667,,GW4AW00F7jogeFdO38S5Am,,,,,,,,,,,,,,,,,,A,,,,,,,,,,,,,,,,,,,,,,,,X,,,,,,,C,,,,,,,,,,,,17226077.0,,,,,,,,,,,,,,,,,,,,,,,,,,,,,,,,,,,,,,,,,,,,,,I,False,2022-03-21 11:19:45.883136+00:00
250,180033045,10,ELN,BHUSHAN,11:12:35,2022-03-21,000000006666666667,,CONDIMENT,1000.0,1001.0,,,,,23062579.0,KG,KG,1.0,1.0,230625790.0,,KG,,,,,,,,,,23062579.0,sugar,,,,,,4500047056.0,10.0,,,,1.0,,,,,,,,101.0,,,,,ROH,,,,,,,,,,,,,,,,,,,,,,,,,,,,,,,,,,,,,,,,,V,,,,,,,,,,,,,,,,,,,,,,,,,,,,,,,,,,,,,,,,,,,,,,,,,,,,,,,,,,,,23062579.0,23062579.0,,,,,,,,,,B,,,,,,,,,,,,,,,,,,,,,,,,,,,000000006666666667,,GW4AW00F7jogeFdO38UbAm,,,,,,,,,,,,,,,,,,A,,,,,,,,,,,,,,,,,,,,,,,,X,,,,,,,C,,,,,,,,,,,,23062579.0,,,,,,,,,,,,,,,,,,,,,,,,,,,,,,,,,,,,,,,,,,,,,,I,False,2022-03-21 11:19:45.883136+00:00
250,180033046,10,ELN,BHUSHAN,11:12:35,2022-03-21,000000006666666667,,CONDIMENT,1000.0,1001.0,,,,,13753332.0,KG,KG,1.0,1.0,137533320.0,,KG,,,,,,,,,,13753332.0,sugar,,,,,,4500047023.0,10.0,,,,1.0,,,,,,,,101.0,,,,,ROH,,,,,,,,,,,,,,,,,,,,,,,,,,,,,,,,,,,,,,,,,V,,,,,,,,,,,,,,,,,,,,,,,,,,,,,,,,,,,,,,,,,,,,,,,,,,,,,,,,,,,,13753332.0,13753332.0,,,,,,,,,,B,,,,,,,,,,,,,,,,,,,,,,,,,,,000000006666666667,,GW4AW00F7jogeFdzuzYbAm,,,,,,,,,,,,,,,,,,A,,,,,,,,,,,,,,,,,,,,,,,,X,,,,,,,C,,,,,,,,,,,,13753332.0,,,,,,,,,,,,,,,,,,,,,,,,,,,,,,,,,,,,,,,,,,,,,,I,False,2022-03-21 11:19:45.883136+00:00
250,180033047,10,ELN,BHUSHAN,11:12:36,2022-03-21,000000006666666667,,CONDIMENT,1000.0,1001.0,,,,,20426060.0,KG,KG,1.0,1.0,204260600.0,,KG,,,,,,,,,,20426060.0,sugar,,,,,,4500046990.0,10.0,,,,1.0,,,,,,,,101.0,,,,,ROH,,,,,,,,,,,,,,,,,,,,,,,,,,,,,,,,,,,,,,,,,V,,,,,,,,,,,,,,,,,,,,,,,,,,,,,,,,,,,,,,,,,,,,,,,,,,,,,,,,,,,,20426060.0,20426060.0,,,,,,,,,,B,,,,,,,,,,,,,,,,,,,,,,,,,,,000000006666666667,,GW4AW00F7jogeFdzuzb5Am,,,,,,,,,,,,,,,,,,A,,,,,,,,,,,,,,,,,,,,,,,,X,,,,,,,C,,,,,,,,,,,,20426060.0,,,,,,,,,,,,,,,,,,,,,,,,,,,,,,,,,,,,,,,,,,,,,,I,False,2022-03-21 11:19:45.883136+00:00
