mandt,vbeln,posnr,matnr,matwa,pmatn,charg,matkl,arktx,pstyv,posar,lfrel,fkrel,uepos,grpos,abgru,prodh,zwert,zmeng,zieme,umziz,umzin,meins,smeng,ablfz,abdat,absfz,posex,kdmat,kbver,kever,vkgru,vkaus,grkor,fmeng,uebtk,uebto,untto,faksp,atpkz,rkfkf,spart,gsber,netwr,waerk,antlf,kztlf,chspl,kwmeng,lsmeng,kbmeng,klmeng,vrkme,umvkz,umvkn,brgew,ntgew,gewei,volum,voleh,vbelv,posnv,vgbel,vgpos,voref,upflu,erlre,lprio,werks,lgort,vstel,route,stkey,stdat,stlnr,stpos,awahr,erdat,ernam,erzet,taxm1,taxm2,taxm3,taxm4,taxm5,taxm6,taxm7,taxm8,taxm9,vbeaf,vbeav,vgref,netpr,kpein,kmein,shkzg,sktof,mtvfp,sumbd,kondm,ktgrm,bonus,provg,eannr,prsok,bwtar,bwtex,xchpf,xchar,lfmng,stafo,wavwr,kzwi1,kzwi2,kzwi3,kzwi4,kzwi5,kzwi6,stcur,aedat,ean11,fixmg,prctr,mvgr1,mvgr2,mvgr3,mvgr4,mvgr5,kmpmg,sugrd,sobkz,vpzuo,paobjnr,ps_psp_pnr,aufnr,vpmat,vpwrk,prbme,umref,knttp,kzvbr,sernr,objnr,abgrs,bedae,cmpre,cmtfg,cmpnt,cmkua,cuobj,cuobj_ch,cepok,koupd,serail,anzsn,nachl,magrv,mprok,vgtyp,prosa,uepvw,kalnr,klvar,sposn,kowrr,stadat,exart,prefe,knumh,clint,chmvs,stlty,stlkn,stpoz,stman,zschl_k,kalsm_k,kalvar,kosch,upmat,ukonm,mfrgr,plavo,kannr,cmpre_flt,abfor,abges,j_1bcfop,j_1btaxlw1,j_1btaxlw2,j_1btxsdc,wktnr,wktps,skopf,kzbws,wgru1,wgru2,knuma_pi,knuma_ag,kzfme,lstanr,techs,mwsbp,berid,pctrf,logsys_ext,j_1btaxlw3,j_1btaxlw4,j_1btaxlw5,stockloc,sloctype,msr_ret_reason,msr_refund_code,msr_approv_block,nrab_knumh,trmrisk_relevant,sgt_rcat,handoverloc,handoverdate,handovertime,tc_aut_det,manual_tc_reason,fiscal_incentive,tax_subject_st,fiscal_incentive_id,spcsto,dataaging,revacc_refid,revacc_reftype,session_creation_date,session_creation_time,glo_log_ref1_it,bev1_srfund,aufpl_olc,aplzl_olc,ferc_ind,fsh_season_year,fsh_season,fsh_collection,fsh_theme,fsh_crsd,fsh_searef,fsh_candate,fsh_psm_pfm_split,fsh_vas_rel,fsh_vas_prnt_id,fsh_transaction,fsh_item_group,fsh_item,fsh_vasref,fsh_grid_cond_rec,fsh_pqr_uepos,kostl,fonds,fistl,fkber,grant_nbr,budget_pd,iuid_relevant,mill_se_gposn,prs_objnr,prs_sd_spsnr,prs_work_period,tas,betc,mod_allow,cancel_allow,pay_method,bpn,rep_freq,fmfgus_key,pargb,aufpl_oaa,aplzl_oaa,wrf_charstc1,wrf_charstc2,wrf_charstc3,arsnum,arspos,wtysc_clmitem,operation_flag,is_deleted,recordstamp
800,15353,10,000000000000002733,000000000000002733,,,002,Notebook Basic 15,TAK,,,A,0,0,,1700010000000110.0,,,ST,1.0,1.0,ST,,,,,,,,,,,0,,,,,,,,0,,,USD,9.0,,,32.0,32.0,,,ST,1.0,1.0,134.4,134.4,KG,,,,0,,0,,,,1,,,,,,,,,100,2013-05-27,C5162971,10:01:39,,,,,,,,,,,,,,1.0,ST,,X,,,,,,,,X,,,,,,,,,,,,,,1.0,,,,,,,,,,,,,,0,0,,,,,,,,,,,,,,X,1.0,0,0,,,,,,,,,,,0,,,,,,,,0,0,,0,0,,,,,,,,,,,,,,,,,,,0,,,,,,,,,,,,,T90CLNT090,,,,,,,,,,,,,,,,,,,,0,,,,2020-01-03,01:01:10,,,0,0,,,,,,,,,,,0,,0,0,,,0,,,,,,,,0,,0,0,,,,,,,,,,0,0,,,,0,0,,L,False,2021-08-18 02:15:37.060027+00:00
800,15146,10,000000000000002733,000000000000002733,,,002,Notebook Basic 15,TAK,,,A,0,0,,1700010000000110.0,,,ST,1.0,1.0,ST,,,,,,,,,,,0,,,,,,,,0,,56444.0,USD,9.0,,,137.0,137.0,,,ST,1.0,1.0,575.4,575.4,KG,,,,0,,0,,,,1,,,,,,,,,100,2013-04-10,C5162971,05:46:47,,,,,,,,,,,,,412.0,1.0,ST,,X,,,,,,,,X,,,,,,,,56444.0,56444.0,56444.0,,,,1.0,,,,,,,,,,,,,,0,0,,,,,,,,,,,,412.0,,X,1.0,0,0,,,,,,,A,,,,0,,,,,,,,0,0,,0,0,,,,,,,,,,,412.0,,,,,,,,0,,,,,,,,,,,,,T90CLNT090,,,,,,,,,,,,,,,,,,,,0,,,,2020-01-03,01:01:10,,,0,0,,,,,,,,,,,0,,0,0,,,0,,,,,,,,0,,0,0,,,,,,,,,,0,0,,,,0,0,,L,False,2021-08-18 02:15:24.757374+00:00
800,15136,10,000000000000002733,000000000000002733,,,002,Notebook Basic 15,TAK,,,A,0,0,,1700010000000110.0,,,ST,1.0,1.0,ST,,,,,,,,,,,0,,,,,,,,0,,64820.0,USD,9.0,,,140.0,140.0,,,ST,1.0,1.0,588.0,588.0,KG,,,,0,,0,,,,1,,,,,,,,,100,2013-04-09,C5162971,08:25:00,,,,,,,,,,,,,463.0,1.0,ST,,X,,,,,,,,X,,,,,,,,64820.0,64820.0,64820.0,,,,1.0,2013-04-09,,,,,,,,,,,,,0,0,,,,,,,,,,,,463.0,,X,1.0,0,0,,,,,,,A,,,,0,,,,,,,,0,0,,0,0,,,,,,,,,,,463.0,,,,,,,,0,,,,,,,,,,,,,T90CLNT090,,,,,,,,,,,,,,,,,,,,0,,,,2020-01-03,01:01:10,,,0,0,,,,,,,,,,,0,,0,0,,,0,,,,,,,,0,,0,0,,,,,,,,,,0,0,,,,0,0,,L,False,2021-08-18 02:16:05.057293+00:00
800,15133,10,000000000000002733,000000000000002733,,,002,Notebook Basic 15,TAK,,,A,0,0,,1700010000000110.0,,,ST,1.0,1.0,ST,,,,,,,,,,,0,,,,,,,,0,,45954.0,USD,9.0,,,138.0,138.0,,,ST,1.0,1.0,579.6,579.6,KG,,,,0,,0,,,,1,,,,,,,,,100,2013-04-09,C5162971,10:59:51,,,,,,,,,,,,,333.0,1.0,ST,,X,,,,,,,,X,,,,,,,,45954.0,45954.0,45954.0,,,,1.0,2013-04-10,,,,,,,,,,,,,0,0,,,,,,,,,,,,333.0,,X,1.0,0,0,,,,,,,A,,,,0,,,,,,,,0,0,,0,0,,,,,,,,,,,333.0,,,,,,,,0,,,,,,,,,,,,,T90CLNT090,,,,,,,,,,,,,,,,,,,,0,,,,2020-01-03,01:01:10,,,0,0,,,,,,,,,,,0,,0,0,,,0,,,,,,,,0,,0,0,,,,,,,,,,0,0,,,,0,0,,L,False,2021-08-18 02:15:59.561034+00:00
800,15141,10,000000000000002733,000000000000002733,,,002,Notebook Basic 15,TAK,,,A,0,0,,1700010000000110.0,,,ST,1.0,1.0,ST,,,,,,,,,,,0,,,,,,,,0,,107460.0,USD,9.0,,,180.0,180.0,,,ST,1.0,1.0,756.0,756.0,KG,,,,0,,0,,,,1,,,,,,,,,100,2013-04-10,C5162971,05:37:02,,,,,,,,,,,,,597.0,1.0,ST,,X,,,,,,,,X,,,,,,,,107460.0,107460.0,107460.0,,,,1.0,2013-04-10,,,,,,,,,,,,,0,0,,,,,,,,,,,,597.0,,X,1.0,0,0,,,,,,,A,,,,0,,,,,,,,0,0,,0,0,,,,,,,,,,,597.0,,,,,,,,0,,,,,,,,,,,,,T90CLNT090,,,,,,,,,,,,,,,,,,,,0,,,,2020-01-03,01:01:10,,,0,0,,,,,,,,,,,0,,0,0,,,0,,,,,,,,0,,0,0,,,,,,,,,,0,0,,,,0,0,,L,False,2021-08-18 02:16:05.057293+00:00
800,15135,10,000000000000002733,000000000000002733,,,002,Notebook Basic 15,TAK,,,A,0,0,,1700010000000110.0,,,ST,1.0,1.0,ST,,,,,,,,,,,0,,,,,,,,0,,46320.0,USD,9.0,,,60.0,60.0,,,ST,1.0,1.0,252.0,252.0,KG,,,,0,,0,,,,1,,,,,,,,,100,2013-04-09,C5162971,08:22:46,,,,,,,,,,,,,772.0,1.0,ST,,X,,,,,,,,X,,,,,,,,46320.0,46320.0,46320.0,,,,1.0,2013-04-09,,,,,,,,,,,,,0,0,,,,,,,,,,,,772.0,,X,1.0,0,0,,,,,,,A,,,,0,,,,,,,,0,0,,0,0,,,,,,,,,,,772.0,,,,,,,,0,,,,,,,,,,,,,T90CLNT090,,,,,,,,,,,,,,,,,,,,0,,,,2020-01-03,01:01:10,,,0,0,,,,,,,,,,,0,,0,0,,,0,,,,,,,,0,,0,0,,,,,,,,,,0,0,,,,0,0,,L,False,2021-08-18 02:16:05.057293+00:00
800,15134,10,000000000000002733,000000000000002733,,,002,Notebook Basic 15,TAK,,,A,0,0,,1700010000000110.0,,,ST,1.0,1.0,ST,,,,,,,,,,,0,,,,,,,,0,,120460.0,USD,9.0,,,190.0,190.0,,,ST,1.0,1.0,798.0,798.0,KG,,,,0,,0,,,,1,,,,,,,,,100,2013-04-09,C5162971,08:15:32,,,,,,,,,,,,,634.0,1.0,ST,,X,,,,,,,,X,,,,,,,,120460.0,120460.0,120460.0,,,,1.0,2013-04-09,,,,,,,,,,,,,0,0,,,,,,,,,,,,634.0,,X,1.0,0,0,,,,,,,A,,,,0,,,,,,,,0,0,,0,0,,,,,,,,,,,634.0,,,,,,,,0,,,,,,,,,,,,,T90CLNT090,,,,,,,,,,,,,,,,,,,,0,,,,2020-01-03,01:01:10,,,0,0,,,,,,,,,,,0,,0,0,,,0,,,,,,,,0,,0,0,,,,,,,,,,0,0,,,,0,0,,L,False,2021-08-18 02:16:05.057293+00:00
800,15139,10,000000000000002733,000000000000002733,,,002,Notebook Basic 15,TAK,,,A,0,0,,1700010000000110.0,,,ST,1.0,1.0,ST,,,,,,,,,,,0,,,,,,,,0,,106344.0,USD,9.0,,,168.0,168.0,,,ST,1.0,1.0,705.6,705.6,KG,,,,0,,0,,,,1,,,,,,,,,100,2013-04-10,C5162971,04:07:44,,,,,,,,,,,,,633.0,1.0,ST,,X,,,,,,,,X,,,,,,,,106344.0,106344.0,106344.0,,,,1.0,2013-04-10,,,,,,,,,,,,,0,0,,,,,,,,,,,,633.0,,X,1.0,0,0,,,,,,,A,,,,0,,,,,,,,0,0,,0,0,,,,,,,,,,,633.0,,,,,,,,0,,,,,,,,,,,,,T90CLNT090,,,,,,,,,,,,,,,,,,,,0,,,,2020-01-03,01:01:10,,,0,0,,,,,,,,,,,0,,0,0,,,0,,,,,,,,0,,0,0,,,,,,,,,,0,0,,,,0,0,,L,False,2021-08-18 02:16:05.057293+00:00
800,15138,10,000000000000002733,000000000000002733,,,002,Notebook Basic 15,TAK,,,A,0,0,,1700010000000110.0,,,ST,1.0,1.0,ST,,,,,,,,,,,0,,,,,,,,0,,189600.0,USD,9.0,,,300.0,300.0,,,ST,1.0,1.0,1260.0,1260.0,KG,,,,0,,0,,,,1,,,,,,,,,100,2013-04-09,C5162971,11:15:07,,,,,,,,,,,,,632.0,1.0,ST,,X,,,,,,,,X,,,,,,,,189600.0,189600.0,189600.0,,,,1.0,2013-04-09,,,,,,,,,,,,,0,0,,,,,,,,,,,,632.0,,X,1.0,0,0,,,,,,,A,,,,0,,,,,,,,0,0,,0,0,,,,,,,,,,,632.0,,,,,,,,0,,,,,,,,,,,,,T90CLNT090,,,,,,,,,,,,,,,,,,,,0,,,,2020-01-03,01:01:10,,,0,0,,,,,,,,,,,0,,0,0,,,0,,,,,,,,0,,0,0,,,,,,,,,,0,0,,,,0,0,,L,False,2021-08-18 02:16:05.057293+00:00
800,15145,10,000000000000002733,000000000000002733,,,002,Notebook Basic 15,TAK,,,A,0,0,,1700010000000110.0,,,ST,1.0,1.0,ST,,,,,,,,,,,0,,,,,,,,0,,102204.0,USD,9.0,,,167.0,167.0,,,ST,1.0,1.0,701.4,701.4,KG,,,,0,,0,,,,1,,,,,,,,,100,2013-04-10,C5162971,05:43:42,,,,,,,,,,,,,612.0,1.0,ST,,X,,,,,,,,X,,,,,,,,102204.0,102204.0,102204.0,,,,1.0,2013-04-10,,,,,,,,,,,,,0,0,,,,,,,,,,,,612.0,,X,1.0,0,0,,,,,,,A,,,,0,,,,,,,,0,0,,0,0,,,,,,,,,,,612.0,,,,,,,,0,,,,,,,,,,,,,T90CLNT090,,,,,,,,,,,,,,,,,,,,0,,,,2020-01-03,01:01:10,,,0,0,,,,,,,,,,,0,,0,0,,,0,,,,,,,,0,,0,0,,,,,,,,,,0,0,,,,0,0,,L,False,2021-08-18 02:16:05.057293+00:00
800,15144,10,000000000000002733,000000000000002733,,,002,Notebook Basic 15,TAK,,,A,0,0,,1700010000000110.0,,,ST,1.0,1.0,ST,,,,,,,,,,,0,,,,,,,,0,,79560.0,USD,9.0,,,130.0,130.0,,,ST,1.0,1.0,546.0,546.0,KG,,,,0,,0,,,,1,,,,,,,,,100,2013-04-10,C5162971,05:40:39,,,,,,,,,,,,,612.0,1.0,ST,,X,,,,,,,,X,,,,,,,,79560.0,79560.0,79560.0,,,,1.0,2013-04-10,,,,,,,,,,,,,0,0,,,,,,,,,,,,612.0,,X,1.0,0,0,,,,,,,A,,,,0,,,,,,,,0,0,,0,0,,,,,,,,,,,612.0,,,,,,,,0,,,,,,,,,,,,,T90CLNT090,,,,,,,,,,,,,,,,,,,,0,,,,2020-01-03,01:01:10,,,0,0,,,,,,,,,,,0,,0,0,,,0,,,,,,,,0,,0,0,,,,,,,,,,0,0,,,,0,0,,L,False,2021-08-18 02:16:05.057293+00:00
800,15142,10,000000000000002733,000000000000002733,,,002,Notebook Basic 15,TAK,,,A,0,0,,1700010000000110.0,,,ST,1.0,1.0,ST,,,,,,,,,,,0,,,,,,,,0,,95472.0,USD,9.0,,,156.0,156.0,,,ST,1.0,1.0,655.2,655.2,KG,,,,0,,0,,,,1,,,,,,,,,100,2013-04-10,C5162971,05:38:49,,,,,,,,,,,,,612.0,1.0,ST,,X,,,,,,,,X,,,,,,,,95472.0,95472.0,95472.0,,,,1.0,2013-04-10,,,,,,,,,,,,,0,0,,,,,,,,,,,,612.0,,X,1.0,0,0,,,,,,,A,,,,0,,,,,,,,0,0,,0,0,,,,,,,,,,,612.0,,,,,,,,0,,,,,,,,,,,,,T90CLNT090,,,,,,,,,,,,,,,,,,,,0,,,,2020-01-03,01:01:10,,,0,0,,,,,,,,,,,0,,0,0,,,0,,,,,,,,0,,0,0,,,,,,,,,,0,0,,,,0,0,,L,False,2021-08-18 02:16:05.057293+00:00
800,15143,10,000000000000002733,000000000000002733,,,002,Notebook Basic 15,TAK,,,A,0,0,,1700010000000110.0,,,ST,1.0,1.0,ST,,,,,,,,,,,0,,,,,,,,0,,82620.0,USD,9.0,,,135.0,135.0,,,ST,1.0,1.0,567.0,567.0,KG,,,,0,,0,,,,1,,,,,,,,,100,2013-04-10,C5162971,05:39:49,,,,,,,,,,,,,612.0,1.0,ST,,X,,,,,,,,X,,,,,,,,82620.0,82620.0,82620.0,,,,1.0,2013-04-10,,,,,,,,,,,,,0,0,,,,,,,,,,,,612.0,,X,1.0,0,0,,,,,,,A,,,,0,,,,,,,,0,0,,0,0,,,,,,,,,,,612.0,,,,,,,,0,,,,,,,,,,,,,T90CLNT090,,,,,,,,,,,,,,,,,,,,0,,,,2020-01-03,01:01:10,,,0,0,,,,,,,,,,,0,,0,0,,,0,,,,,,,,0,,0,0,,,,,,,,,,0,0,,,,0,0,,L,False,2021-08-18 02:16:05.057293+00:00
800,15140,10,000000000000002733,000000000000002733,,,002,Notebook Basic 15,TAK,,,A,0,0,,1700010000000110.0,,,ST,1.0,1.0,ST,,,,,,,,,,,0,,,,,,,,0,,105440.0,USD,9.0,,,160.0,160.0,,,ST,1.0,1.0,672.0,672.0,KG,,,,0,,0,,,,1,,,,,,,,,100,2013-04-10,C5162971,05:34:58,,,,,,,,,,,,,659.0,1.0,ST,,X,,,,,,,,X,,,,,,,,105440.0,105440.0,105440.0,,,,1.0,2013-04-10,,,,,,,,,,,,,0,0,,,,,,,,,,,,659.0,,X,1.0,0,0,,,,,,,A,,,,0,,,,,,,,0,0,,0,0,,,,,,,,,,,659.0,,,,,,,,0,,,,,,,,,,,,,T90CLNT090,,,,,,,,,,,,,,,,,,,,0,,,,2020-01-03,01:01:10,,,0,0,,,,,,,,,,,0,,0,0,,,0,,,,,,,,0,,0,0,,,,,,,,,,0,0,,,,0,0,,L,False,2021-08-18 02:16:05.057293+00:00
800,15152,10,R-1001,R-1001,,,012,Maxitec R-3100 PC,TAN,,,A,0,0,,1250010000000100.0,,,ST,1.0,1.0,ST,,,,,,,,,,,0,,,,,,,,7,,185484.0,USD,9.0,,,156.0,156.0,,,ST,1.0,1.0,4992.0,4836.0,KG,31.2,M3,,0,,0,,,,2,,,,,,,,,100,2013-04-10,C5162971,08:42:27,,,,,,,,,,,,,1189.0,1.0,ST,,,,,,,,,,X,,,,,,,,185484.0,185484.0,185484.0,,,,1.0,,,,,,,,,,,,,,0,0,,,,,,,,,,,,1189.0,,X,1.0,0,0,,,,,,,,,,,0,,,,,,,,0,0,,0,0,,,,,,,,,,,1189.0,,,,,,,,0,,,,,,,,,,,,,T90CLNT090,,,,,,,,,,,,,,,,,,,,0,,,,2020-01-03,01:01:10,,,0,0,,,,,,,,,,,0,,0,0,,,0,,,,,,,,0,,0,0,,,,,,,,,,0,0,,,,0,0,,L,False,2021-08-18 02:15:00.281377+00:00
800,15162,10,R-1001,R-1001,,,012,Maxitec R-3100 PC,TAN,,,A,0,0,,1250010000000100.0,,,ST,1.0,1.0,ST,,,,,,,,,,,0,,,,,,,,7,,154570.0,USD,9.0,,,130.0,130.0,,,ST,1.0,1.0,4160.0,4030.0,KG,26.0,M3,,0,,0,,,,0,,,,,,,,,100,2013-04-10,C5162971,09:35:26,,,,,,,,,,,,,1189.0,1.0,ST,,,,,,,,,,X,,,,,,,,154570.0,154570.0,154570.0,,,,1.0,,,,,,,,,,,,,,0,0,,,,,,,,,,,,1189.0,,X,1.0,0,0,,,,,,,,,,,0,,,,,,,,0,0,,0,0,,,,,,,,,,,1189.0,,,,,,,,0,,,,,,,,,,,,,T90CLNT090,,,,,,,,,,,,,,,,,,,,0,,,,2020-01-03,01:01:10,,,0,0,,,,,,,,,,,0,,0,0,,,0,,,,,,,,0,,0,0,,,,,,,,,,0,0,,,,0,0,,L,False,2021-08-18 02:15:00.281377+00:00
800,15156,10,R-1001,R-1001,,,012,Maxitec R-3100 PC,TAN,,,A,0,0,,1250010000000100.0,,,ST,1.0,1.0,ST,,,,,,,,,,,0,,,,,,,,7,,202130.0,USD,9.0,,,170.0,170.0,,,ST,1.0,1.0,5440.0,5270.0,KG,34.0,M3,,0,,0,,,,2,,,,,,,,,100,2013-04-10,C5162971,09:02:32,,,,,,,,,,,,,1189.0,1.0,ST,,,,,,,,,,X,,,,,,,,202130.0,202130.0,202130.0,,,,1.0,,,,,,,,,,,,,,0,0,,,,,,,,,,,,1189.0,,X,1.0,0,0,,,,,,,,,,,0,,,,,,,,0,0,,0,0,,,,,,,,,,,1189.0,,,,,,,,0,,,,,,,,,,,,,T90CLNT090,,,,,,,,,,,,,,,,,,,,0,,,,2020-01-03,01:01:10,,,0,0,,,,,,,,,,,0,,0,0,,,0,,,,,,,,0,,0,0,,,,,,,,,,0,0,,,,0,0,,L,False,2021-08-18 02:15:00.281377+00:00
800,15155,10,R-1001,R-1001,,,012,Maxitec R-3100 PC,TAN,,,A,0,0,,1250010000000100.0,,,ST,1.0,1.0,ST,,,,,,,,,,,0,,,,,,,,7,,178350.0,USD,9.0,,,150.0,150.0,,,ST,1.0,1.0,4800.0,4650.0,KG,30.0,M3,,0,,0,,,,2,,,,,,,,,100,2013-04-10,C5162971,08:59:45,,,,,,,,,,,,,1189.0,1.0,ST,,,,,,,,,,X,,,,,,,,178350.0,178350.0,178350.0,,,,1.0,,,,,,,,,,,,,,0,0,,,,,,,,,,,,1189.0,,X,1.0,0,0,,,,,,,,,,,0,,,,,,,,0,0,,0,0,,,,,,,,,,,1189.0,,,,,,,,0,,,,,,,,,,,,,T90CLNT090,,,,,,,,,,,,,,,,,,,,0,,,,2020-01-03,01:01:10,,,0,0,,,,,,,,,,,0,,0,0,,,0,,,,,,,,0,,0,0,,,,,,,,,,0,0,,,,0,0,,L,False,2021-08-18 02:15:00.281377+00:00
800,15161,10,R-1001,R-1001,,,012,Maxitec R-3100 PC,TAN,,,A,0,0,,1250010000000100.0,,,ST,1.0,1.0,ST,,,,,,,,,,,0,,,,,,,,7,,166460.0,USD,9.0,,,140.0,140.0,,,ST,1.0,1.0,4480.0,4340.0,KG,28.0,M3,,0,,0,,,,0,,,,,,,,,100,2013-04-10,C5162971,09:34:43,,,,,,,,,,,,,1189.0,1.0,ST,,,,,,,,,,X,,,,,,,,166460.0,166460.0,166460.0,,,,1.0,,,,,,,,,,,,,,0,0,,,,,,,,,,,,1189.0,,X,1.0,0,0,,,,,,,,,,,0,,,,,,,,0,0,,0,0,,,,,,,,,,,1189.0,,,,,,,,0,,,,,,,,,,,,,T90CLNT090,,,,,,,,,,,,,,,,,,,,0,,,,2020-01-03,01:01:10,,,0,0,,,,,,,,,,,0,,0,0,,,0,,,,,,,,0,,0,0,,,,,,,,,,0,0,,,,0,0,,L,False,2021-08-18 02:15:00.281377+00:00
800,15151,10,R-1001,R-1001,,,012,Maxitec R-3100 PC,TAN,,,A,0,0,,1250010000000100.0,,,ST,1.0,1.0,ST,,,,,,,,,,,0,,,,,,,,7,,196185.0,USD,9.0,,,165.0,165.0,,,ST,1.0,1.0,5280.0,5115.0,KG,33.0,M3,,0,,0,,,,2,,,,,,,,,100,2013-04-10,C5162971,08:41:35,,,,,,,,,,,,,1189.0,1.0,ST,,,,,,,,,,X,,,,,,,,196185.0,196185.0,196185.0,,,,1.0,,,,,,,,,,,,,,0,0,,,,,,,,,,,,1189.0,,X,1.0,0,0,,,,,,,,,,,0,,,,,,,,0,0,,0,0,,,,,,,,,,,1189.0,,,,,,,,0,,,,,,,,,,,,,T90CLNT090,,,,,,,,,,,,,,,,,,,,0,,,,2020-01-03,01:01:10,,,0,0,,,,,,,,,,,0,,0,0,,,0,,,,,,,,0,,0,0,,,,,,,,,,0,0,,,,0,0,,L,False,2021-08-18 02:15:00.281377+00:00
800,15149,10,R-1001,R-1001,,,012,Maxitec R-3100 PC,TAN,,,A,0,0,,1250010000000100.0,,,ST,1.0,1.0,ST,,,,,,,,,,,0,,,,,,,,7,,124845.0,USD,9.0,,,105.0,105.0,,,ST,1.0,1.0,3360.0,3255.0,KG,21.0,M3,,0,,0,,,,2,,,,,,,,,100,2013-04-10,C5162971,08:38:53,,,,,,,,,,,,,1189.0,1.0,ST,,,,,,,,,,X,,,,,,,,124845.0,124845.0,124845.0,,,,1.0,,,,,,,,,,,,,,0,0,,,,,,,,,,,,1189.0,,X,1.0,0,0,,,,,,,,,,,0,,,,,,,,0,0,,0,0,,,,,,,,,,,1189.0,,,,,,,,0,,,,,,,,,,,,,T90CLNT090,,,,,,,,,,,,,,,,,,,,0,,,,2020-01-03,01:01:10,,,0,0,,,,,,,,,,,0,,0,0,,,0,,,,,,,,0,,0,0,,,,,,,,,,0,0,,,,0,0,,L,False,2021-08-18 02:15:00.281377+00:00
800,15150,10,R-1001,R-1001,,,012,Maxitec R-3100 PC,TAN,,,A,0,0,,1250010000000100.0,,,ST,1.0,1.0,ST,,,,,,,,,,,0,,,,,,,,7,,178350.0,USD,9.0,,,150.0,150.0,,,ST,1.0,1.0,4800.0,4650.0,KG,30.0,M3,,0,,0,,,,2,,,,,,,,,100,2013-04-10,C5162971,08:40:21,,,,,,,,,,,,,1189.0,1.0,ST,,,,,,,,,,X,,,,,,,,178350.0,178350.0,178350.0,,,,1.0,,,,,,,,,,,,,,0,0,,,,,,,,,,,,1189.0,,X,1.0,0,0,,,,,,,,,,,0,,,,,,,,0,0,,0,0,,,,,,,,,,,1189.0,,,,,,,,0,,,,,,,,,,,,,T90CLNT090,,,,,,,,,,,,,,,,,,,,0,,,,2020-01-03,01:01:10,,,0,0,,,,,,,,,,,0,,0,0,,,0,,,,,,,,0,,0,0,,,,,,,,,,0,0,,,,0,0,,L,False,2021-08-18 02:15:00.281377+00:00
800,15148,10,R-1001,R-1001,,,012,Maxitec R-3100 PC,TAN,,,A,0,0,,1250010000000100.0,,,ST,1.0,1.0,ST,,,,,,,,,,,0,,,,,,,,7,,184295.0,USD,9.0,,,155.0,155.0,,,ST,1.0,1.0,4960.0,4805.0,KG,31.0,M3,,0,,0,,,,2,,,,,,,,,100,2013-04-10,C5162971,07:46:44,,,,,,,,,,,,,1189.0,1.0,ST,,,,,,,,,,X,,,,,,,,184295.0,184295.0,184295.0,,,,1.0,,,,,,,,,,,,,,0,0,,,,,,,,,,,,1189.0,,X,1.0,0,0,,,,,,,,,,,0,,,,,,,,0,0,,0,0,,,,,,,,,,,1189.0,,,,,,,,0,,,,,,,,,,,,,T90CLNT090,,,,,,,,,,,,,,,,,,,,0,,,,2020-01-03,01:01:10,,,0,0,,,,,,,,,,,0,,0,0,,,0,,,,,,,,0,,0,0,,,,,,,,,,0,0,,,,0,0,,L,False,2021-08-18 02:15:00.281377+00:00
800,15147,10,R-1001,R-1001,,,012,Maxitec R-3100 PC,TAN,,,A,0,0,,1250010000000100.0,,,ST,1.0,1.0,ST,,,,,,,,,,,0,,,,,,,,7,,154570.0,USD,9.0,,,130.0,130.0,,,ST,1.0,1.0,4160.0,4030.0,KG,26.0,M3,,0,,0,,,,2,,,,,,,,,100,2013-04-10,C5162971,07:45:31,,,,,,,,,,,,,1189.0,1.0,ST,,,,,,,,,,X,,,,,,,,154570.0,154570.0,154570.0,,,,1.0,,,,,,,,,,,,,,0,0,,,,,,,,,,,,1189.0,,X,1.0,0,0,,,,,,,,,,,0,,,,,,,,0,0,,0,0,,,,,,,,,,,1189.0,,,,,,,,0,,,,,,,,,,,,,T90CLNT090,,,,,,,,,,,,,,,,,,,,0,,,,2020-01-03,01:01:10,,,0,0,,,,,,,,,,,0,,0,0,,,0,,,,,,,,0,,0,0,,,,,,,,,,0,0,,,,0,0,,L,False,2021-08-18 02:15:00.281377+00:00
800,5002428,10,HT-1007,HT-1007,,,002,1UMTS PDA,TAN,,,A,0,0,,1700010000000110.0,,,ST,1.0,1.0,ST,,,,,10.0,,,,,,0,,,,,,,,7,,199680.0,USD,,,,400.0,400.0,,,ST,1.0,1.0,80.0,80.0,KG,,,,0,,0,,,,0,,,,,,,,,100,2012-07-27,SALESMAN,10:09:53,,,,,,,,,,,,,499.2,1.0,ST,,X,,,,,,,,X,,,,,,,,199600.0,199600.0,199680.0,80.0,,,1.0,,,,,,,,,,,,,,0,0,,,,,,,,,,,,499.2,,X,,0,0,,,,,,,,,,,0,,,,,,,,0,0,,0,0,,,,,,,,,,,499.2,,,,,,,,0,,,,,,,,,,,,,DTZ_800,,,,,,,,,,,,,,,,,,,,0,,,,2020-01-03,01:01:10,,,0,0,,,,,,,,,,,0,,0,0,,,0,,,,,,,,0,,0,0,,,,,,,,,,0,0,,,,0,0,,L,False,2021-08-18 02:15:18.377916+00:00
800,18668,10,FI1-PRD-M121,FI1-PRD-M121,,,FIOMRP3,Portable DVD Player PDP-121,TAN,,,A,0,0,,,,,PC,1.0,1.0,PC,,,,,,,,,,,0,,,,,,,,1,1.0,750.0,EUR,9.0,,,75.0,75.0,,,PC,1.0,1.0,,75.0,KG,,,,0,,0,,,,0,1.0,,,,,,,,100,2017-02-06,MRPUSER,22:25:35,,,,,,,,,,,,,10.0,1.0,PC,,X,2.0,A,,,,,,X,,,,,,,,750.0,750.0,750.0,,,,1.0,,,,,,,,,,,,,1.0,0,0,,,,,,,,,VB0000018668000010,,KSV,10.0,,X,,0,0,,,,,,,A,,,,0,,,,,,,,0,0,,0,0,,,,,,,,,,,10.0,,,,,,,,0,,,,,,,,,,,1.0,,T90CLNT090,,,,,,,,,,,,,,,,,,,,0,,,,2020-01-03,01:01:10,,,0,0,,,,,,,,,,,0,,0,0,,,0,,,,,,,,0,,0,0,,,,,,,,,,0,0,,,,0,0,,L,False,2021-08-18 02:15:43.031469+00:00
800,18668,10,FI1-PRD-M121,FI1-PRD-M121,,,FIOMRP3,Portable DVD Player PDP-121,TAN,,,A,0,0,,,,,PC,1.0,1.0,PC,,,,,,,,,,,0,,,,,,,,1,1.0,750.0,EUR,9.0,,,75.0,75.0,,,PC,1.0,1.0,,75.0,KG,,,,0,,0,,,,0,1.0,,,,,,,,100,2017-02-06,MRPUSER,22:25:35,,,,,,,,,,,,,10.0,1.0,PC,,X,2.0,A,,,,,,X,,,,,,,,750.0,750.0,750.0,,,,1.0,,,,,,,,,,,,,1.0,0,0,,,,,,,,,VB0000018668000010,,KSV,10.0,,X,,0,0,,,,,,,A,,,,0,,,,,,,,0,0,,0,0,,,,,,,,,,,10.0,,,,,,,,0,,,,,,,,,,,1.0,,T90CLNT090,,,,,,,,,,,,,,,,,,,,0,,,,2020-01-03,01:01:10,,,0,0,,,,,,,,,,,0,,0,0,,,0,,,,,,,,0,,0,0,,,,,,,,,,0,0,,,,0,0,,I,False,2021-08-18 02:17:16.210832+00:00
800,18672,10,FI1-PRD-M122,FI1-PRD-M122,,,FIOMRP3,Portable DVD Player PDP-122,TAN,,,A,0,0,,,,,PC,1.0,1.0,PC,,,,,,,,,,,0,,,,,,,,1,1.0,750.0,EUR,9.0,,,75.0,75.0,,,PC,1.0,1.0,,75.0,KG,,,,0,,0,,,,0,1.0,,,,,,,,100,2017-02-06,MRPUSER,22:25:37,,,,,,,,,,,,,10.0,1.0,PC,,X,2.0,A,,,,,,X,,,,,,,,750.0,750.0,750.0,,,,1.0,,,,,,,,,,,,,1.0,0,0,,,,,,,,,VB0000018672000010,,KSV,10.0,,X,,0,0,,,,,,,A,,,,0,,,,,,,,0,0,,0,0,,,,,,,,,,,10.0,,,,,,,,0,,,,,,,,,,,1.0,,T90CLNT090,,,,,,,,,,,,,,,,,,,,0,,,,2020-01-03,01:01:10,,,0,0,,,,,,,,,,,0,,0,0,,,0,,,,,,,,0,,0,0,,,,,,,,,,0,0,,,,0,0,,I,False,2021-08-18 02:17:16.210832+00:00
800,18672,10,FI1-PRD-M122,FI1-PRD-M122,,,FIOMRP3,Portable DVD Player PDP-122,TAN,,,A,0,0,,,,,PC,1.0,1.0,PC,,,,,,,,,,,0,,,,,,,,1,1.0,750.0,EUR,9.0,,,75.0,75.0,,,PC,1.0,1.0,,75.0,KG,,,,0,,0,,,,0,1.0,,,,,,,,100,2017-02-06,MRPUSER,22:25:37,,,,,,,,,,,,,10.0,1.0,PC,,X,2.0,A,,,,,,X,,,,,,,,750.0,750.0,750.0,,,,1.0,,,,,,,,,,,,,1.0,0,0,,,,,,,,,VB0000018672000010,,KSV,10.0,,X,,0,0,,,,,,,A,,,,0,,,,,,,,0,0,,0,0,,,,,,,,,,,10.0,,,,,,,,0,,,,,,,,,,,1.0,,T90CLNT090,,,,,,,,,,,,,,,,,,,,0,,,,2020-01-03,01:01:10,,,0,0,,,,,,,,,,,0,,0,0,,,0,,,,,,,,0,,0,0,,,,,,,,,,0,0,,,,0,0,,L,False,2021-08-18 02:15:43.031469+00:00
800,18676,10,FI1-PRD-M123,FI1-PRD-M123,,,FIOMRP3,Portable DVD Player PDP-123,TAN,,,A,0,0,,,,,PC,1.0,1.0,PC,,,,,,,,,,,0,,,,,,,,1,1.0,750.0,EUR,9.0,,,75.0,75.0,,,PC,1.0,1.0,,75.0,KG,,,,0,,0,,,,0,1.0,,,,,,,,100,2017-02-06,MRPUSER,22:25:39,,,,,,,,,,,,,10.0,1.0,PC,,X,2.0,A,,,,,,X,,,,,,,,750.0,750.0,750.0,,,,1.0,,,,,,,,,,,,,1.0,0,0,,,,,,,,,VB0000018676000010,,KSV,10.0,,X,,0,0,,,,,,,A,,,,0,,,,,,,,0,0,,0,0,,,,,,,,,,,10.0,,,,,,,,0,,,,,,,,,,,1.0,,T90CLNT090,,,,,,,,,,,,,,,,,,,,0,,,,2020-01-03,01:01:10,,,0,0,,,,,,,,,,,0,,0,0,,,0,,,,,,,,0,,0,0,,,,,,,,,,0,0,,,,0,0,,I,False,2021-08-18 02:17:16.210832+00:00
800,18676,10,FI1-PRD-M123,FI1-PRD-M123,,,FIOMRP3,Portable DVD Player PDP-123,TAN,,,A,0,0,,,,,PC,1.0,1.0,PC,,,,,,,,,,,0,,,,,,,,1,1.0,750.0,EUR,9.0,,,75.0,75.0,,,PC,1.0,1.0,,75.0,KG,,,,0,,0,,,,0,1.0,,,,,,,,100,2017-02-06,MRPUSER,22:25:39,,,,,,,,,,,,,10.0,1.0,PC,,X,2.0,A,,,,,,X,,,,,,,,750.0,750.0,750.0,,,,1.0,,,,,,,,,,,,,1.0,0,0,,,,,,,,,VB0000018676000010,,KSV,10.0,,X,,0,0,,,,,,,A,,,,0,,,,,,,,0,0,,0,0,,,,,,,,,,,10.0,,,,,,,,0,,,,,,,,,,,1.0,,T90CLNT090,,,,,,,,,,,,,,,,,,,,0,,,,2020-01-03,01:01:10,,,0,0,,,,,,,,,,,0,,0,0,,,0,,,,,,,,0,,0,0,,,,,,,,,,0,0,,,,0,0,,L,False,2021-08-18 02:15:43.031469+00:00
800,18680,10,FI1-PRD-M124,FI1-PRD-M124,,,FIOMRP3,Portable DVD Player PDP-124,TAN,,,A,0,0,,,,,PC,1.0,1.0,PC,,,,,,,,,,,0,,,,,,,,1,1.0,750.0,EUR,9.0,,,75.0,75.0,,,PC,1.0,1.0,,75.0,KG,,,,0,,0,,,,0,1.0,,,,,,,,100,2017-02-06,MRPUSER,22:25:40,,,,,,,,,,,,,10.0,1.0,PC,,X,2.0,A,,,,,,X,,,,,,,,750.0,750.0,750.0,,,,1.0,,,,,,,,,,,,,1.0,0,0,,,,,,,,,VB0000018680000010,,KSV,10.0,,X,,0,0,,,,,,,A,,,,0,,,,,,,,0,0,,0,0,,,,,,,,,,,10.0,,,,,,,,0,,,,,,,,,,,1.0,,T90CLNT090,,,,,,,,,,,,,,,,,,,,0,,,,2020-01-03,01:01:10,,,0,0,,,,,,,,,,,0,,0,0,,,0,,,,,,,,0,,0,0,,,,,,,,,,0,0,,,,0,0,,I,False,2021-08-18 02:17:16.210832+00:00
800,18680,10,FI1-PRD-M124,FI1-PRD-M124,,,FIOMRP3,Portable DVD Player PDP-124,TAN,,,A,0,0,,,,,PC,1.0,1.0,PC,,,,,,,,,,,0,,,,,,,,1,1.0,750.0,EUR,9.0,,,75.0,75.0,,,PC,1.0,1.0,,75.0,KG,,,,0,,0,,,,0,1.0,,,,,,,,100,2017-02-06,MRPUSER,22:25:40,,,,,,,,,,,,,10.0,1.0,PC,,X,2.0,A,,,,,,X,,,,,,,,750.0,750.0,750.0,,,,1.0,,,,,,,,,,,,,1.0,0,0,,,,,,,,,VB0000018680000010,,KSV,10.0,,X,,0,0,,,,,,,A,,,,0,,,,,,,,0,0,,0,0,,,,,,,,,,,10.0,,,,,,,,0,,,,,,,,,,,1.0,,T90CLNT090,,,,,,,,,,,,,,,,,,,,0,,,,2020-01-03,01:01:10,,,0,0,,,,,,,,,,,0,,0,0,,,0,,,,,,,,0,,0,0,,,,,,,,,,0,0,,,,0,0,,L,False,2021-08-18 02:15:43.031469+00:00
800,18971,10,FI2-PRD-M121,FI2-PRD-M121,,,FIOMRP3,Portable DVD Player PDP-121,TAN,,,A,0,0,,,,,PC,1.0,1.0,PC,,,,,,,,,,,0,,,,,,,,1,1.0,750.0,EUR,9.0,,,75.0,75.0,,,PC,1.0,1.0,,75.0,KG,,,,0,,0,,,,0,1.0,,,,,,,,100,2017-02-06,MRPUSER,22:41:09,,,,,,,,,,,,,10.0,1.0,PC,,X,2.0,A,,,,,,X,,,,,,,,750.0,750.0,750.0,,,,1.0,,,,,,,,,,,,,1.0,0,0,,,,,,,,,VB0000018971000010,,KSV,10.0,,X,,0,0,,,,,,,A,,,,0,,,,,,,,0,0,,0,0,,,,,,,,,,,10.0,,,,,,,,0,,,,,,,,,,,1.0,,T90CLNT090,,,,,,,,,,,,,,,,,,,,0,,,,2020-01-03,01:01:10,,,0,0,,,,,,,,,,,0,,0,0,,,0,,,,,,,,0,,0,0,,,,,,,,,,0,0,,,,0,0,,L,False,2021-08-18 02:15:43.031469+00:00
800,18971,10,FI2-PRD-M121,FI2-PRD-M121,,,FIOMRP3,Portable DVD Player PDP-121,TAN,,,A,0,0,,,,,PC,1.0,1.0,PC,,,,,,,,,,,0,,,,,,,,1,1.0,750.0,EUR,9.0,,,75.0,75.0,,,PC,1.0,1.0,,75.0,KG,,,,0,,0,,,,0,1.0,,,,,,,,100,2017-02-06,MRPUSER,22:41:09,,,,,,,,,,,,,10.0,1.0,PC,,X,2.0,A,,,,,,X,,,,,,,,750.0,750.0,750.0,,,,1.0,,,,,,,,,,,,,1.0,0,0,,,,,,,,,VB0000018971000010,,KSV,10.0,,X,,0,0,,,,,,,A,,,,0,,,,,,,,0,0,,0,0,,,,,,,,,,,10.0,,,,,,,,0,,,,,,,,,,,1.0,,T90CLNT090,,,,,,,,,,,,,,,,,,,,0,,,,2020-01-03,01:01:10,,,0,0,,,,,,,,,,,0,,0,0,,,0,,,,,,,,0,,0,0,,,,,,,,,,0,0,,,,0,0,,I,False,2021-08-18 02:17:16.210832+00:00
800,18975,10,FI2-PRD-M122,FI2-PRD-M122,,,FIOMRP3,Portable DVD Player PDP-122,TAN,,,A,0,0,,,,,PC,1.0,1.0,PC,,,,,,,,,,,0,,,,,,,,1,1.0,750.0,EUR,9.0,,,75.0,75.0,,,PC,1.0,1.0,,75.0,KG,,,,0,,0,,,,0,1.0,,,,,,,,100,2017-02-06,MRPUSER,22:41:10,,,,,,,,,,,,,10.0,1.0,PC,,X,2.0,A,,,,,,X,,,,,,,,750.0,750.0,750.0,,,,1.0,,,,,,,,,,,,,1.0,0,0,,,,,,,,,VB0000018975000010,,KSV,10.0,,X,,0,0,,,,,,,A,,,,0,,,,,,,,0,0,,0,0,,,,,,,,,,,10.0,,,,,,,,0,,,,,,,,,,,1.0,,T90CLNT090,,,,,,,,,,,,,,,,,,,,0,,,,2020-01-03,01:01:10,,,0,0,,,,,,,,,,,0,,0,0,,,0,,,,,,,,0,,0,0,,,,,,,,,,0,0,,,,0,0,,L,False,2021-08-18 02:15:43.031469+00:00
800,18975,10,FI2-PRD-M122,FI2-PRD-M122,,,FIOMRP3,Portable DVD Player PDP-122,TAN,,,A,0,0,,,,,PC,1.0,1.0,PC,,,,,,,,,,,0,,,,,,,,1,1.0,750.0,EUR,9.0,,,75.0,75.0,,,PC,1.0,1.0,,75.0,KG,,,,0,,0,,,,0,1.0,,,,,,,,100,2017-02-06,MRPUSER,22:41:10,,,,,,,,,,,,,10.0,1.0,PC,,X,2.0,A,,,,,,X,,,,,,,,750.0,750.0,750.0,,,,1.0,,,,,,,,,,,,,1.0,0,0,,,,,,,,,VB0000018975000010,,KSV,10.0,,X,,0,0,,,,,,,A,,,,0,,,,,,,,0,0,,0,0,,,,,,,,,,,10.0,,,,,,,,0,,,,,,,,,,,1.0,,T90CLNT090,,,,,,,,,,,,,,,,,,,,0,,,,2020-01-03,01:01:10,,,0,0,,,,,,,,,,,0,,0,0,,,0,,,,,,,,0,,0,0,,,,,,,,,,0,0,,,,0,0,,I,False,2021-08-18 02:17:16.210832+00:00
800,18979,10,FI2-PRD-M123,FI2-PRD-M123,,,FIOMRP3,Portable DVD Player PDP-123,TAN,,,A,0,0,,,,,PC,1.0,1.0,PC,,,,,,,,,,,0,,,,,,,,1,1.0,750.0,EUR,9.0,,,75.0,75.0,,,PC,1.0,1.0,,75.0,KG,,,,0,,0,,,,0,1.0,,,,,,,,100,2017-02-06,MRPUSER,22:41:27,,,,,,,,,,,,,10.0,1.0,PC,,X,2.0,A,,,,,,X,,,,,,,,750.0,750.0,750.0,,,,1.0,,,,,,,,,,,,,1.0,0,0,,,,,,,,,VB0000018979000010,,KSV,10.0,,X,,0,0,,,,,,,A,,,,0,,,,,,,,0,0,,0,0,,,,,,,,,,,10.0,,,,,,,,0,,,,,,,,,,,1.0,,T90CLNT090,,,,,,,,,,,,,,,,,,,,0,,,,2020-01-03,01:01:10,,,0,0,,,,,,,,,,,0,,0,0,,,0,,,,,,,,0,,0,0,,,,,,,,,,0,0,,,,0,0,,L,False,2021-08-18 02:15:43.031469+00:00
800,18979,10,FI2-PRD-M123,FI2-PRD-M123,,,FIOMRP3,Portable DVD Player PDP-123,TAN,,,A,0,0,,,,,PC,1.0,1.0,PC,,,,,,,,,,,0,,,,,,,,1,1.0,750.0,EUR,9.0,,,75.0,75.0,,,PC,1.0,1.0,,75.0,KG,,,,0,,0,,,,0,1.0,,,,,,,,100,2017-02-06,MRPUSER,22:41:27,,,,,,,,,,,,,10.0,1.0,PC,,X,2.0,A,,,,,,X,,,,,,,,750.0,750.0,750.0,,,,1.0,,,,,,,,,,,,,1.0,0,0,,,,,,,,,VB0000018979000010,,KSV,10.0,,X,,0,0,,,,,,,A,,,,0,,,,,,,,0,0,,0,0,,,,,,,,,,,10.0,,,,,,,,0,,,,,,,,,,,1.0,,T90CLNT090,,,,,,,,,,,,,,,,,,,,0,,,,2020-01-03,01:01:10,,,0,0,,,,,,,,,,,0,,0,0,,,0,,,,,,,,0,,0,0,,,,,,,,,,0,0,,,,0,0,,I,False,2021-08-18 02:17:16.210832+00:00
800,18983,10,FI2-PRD-M124,FI2-PRD-M124,,,FIOMRP3,Portable DVD Player PDP-124,TAN,,,A,0,0,,,,,PC,1.0,1.0,PC,,,,,,,,,,,0,,,,,,,,1,1.0,750.0,EUR,9.0,,,75.0,75.0,,,PC,1.0,1.0,,75.0,KG,,,,0,,0,,,,0,1.0,,,,,,,,100,2017-02-06,MRPUSER,22:41:28,,,,,,,,,,,,,10.0,1.0,PC,,X,2.0,A,,,,,,X,,,,,,,,750.0,750.0,750.0,,,,1.0,,,,,,,,,,,,,1.0,0,0,,,,,,,,,VB0000018983000010,,KSV,10.0,,X,,0,0,,,,,,,A,,,,0,,,,,,,,0,0,,0,0,,,,,,,,,,,10.0,,,,,,,,0,,,,,,,,,,,1.0,,T90CLNT090,,,,,,,,,,,,,,,,,,,,0,,,,2020-01-03,01:01:10,,,0,0,,,,,,,,,,,0,,0,0,,,0,,,,,,,,0,,0,0,,,,,,,,,,0,0,,,,0,0,,I,False,2021-08-18 02:17:16.210832+00:00
800,18983,10,FI2-PRD-M124,FI2-PRD-M124,,,FIOMRP3,Portable DVD Player PDP-124,TAN,,,A,0,0,,,,,PC,1.0,1.0,PC,,,,,,,,,,,0,,,,,,,,1,1.0,750.0,EUR,9.0,,,75.0,75.0,,,PC,1.0,1.0,,75.0,KG,,,,0,,0,,,,0,1.0,,,,,,,,100,2017-02-06,MRPUSER,22:41:28,,,,,,,,,,,,,10.0,1.0,PC,,X,2.0,A,,,,,,X,,,,,,,,750.0,750.0,750.0,,,,1.0,,,,,,,,,,,,,1.0,0,0,,,,,,,,,VB0000018983000010,,KSV,10.0,,X,,0,0,,,,,,,A,,,,0,,,,,,,,0,0,,0,0,,,,,,,,,,,10.0,,,,,,,,0,,,,,,,,,,,1.0,,T90CLNT090,,,,,,,,,,,,,,,,,,,,0,,,,2020-01-03,01:01:10,,,0,0,,,,,,,,,,,0,,0,0,,,0,,,,,,,,0,,0,0,,,,,,,,,,0,0,,,,0,0,,L,False,2021-08-18 02:15:43.031469+00:00
800,19274,10,FI3-PRD-M121,FI3-PRD-M121,,,FIOMRP3,Portable DVD Player PDP-121,TAN,,,A,0,0,,,,,PC,1.0,1.0,PC,,,,,,,,,,,0,,,,,,,,1,1.0,750.0,EUR,9.0,,,75.0,75.0,,,PC,1.0,1.0,,75.0,KG,,,,0,,0,,,,0,1.0,,,,,,,,100,2017-02-06,MRPUSER,22:54:07,,,,,,,,,,,,,10.0,1.0,PC,,X,2.0,A,,,,,,X,,,,,,,,750.0,750.0,750.0,,,,1.0,,,,,,,,,,,,,1.0,0,0,,,,,,,,,VB0000019274000010,,KSV,10.0,,X,,0,0,,,,,,,A,,,,0,,,,,,,,0,0,,0,0,,,,,,,,,,,10.0,,,,,,,,0,,,,,,,,,,,1.0,,T90CLNT090,,,,,,,,,,,,,,,,,,,,0,,,,2020-01-03,01:01:10,,,0,0,,,,,,,,,,,0,,0,0,,,0,,,,,,,,0,,0,0,,,,,,,,,,0,0,,,,0,0,,L,False,2021-08-18 02:15:43.031469+00:00
800,19274,10,FI3-PRD-M121,FI3-PRD-M121,,,FIOMRP3,Portable DVD Player PDP-121,TAN,,,A,0,0,,,,,PC,1.0,1.0,PC,,,,,,,,,,,0,,,,,,,,1,1.0,750.0,EUR,9.0,,,75.0,75.0,,,PC,1.0,1.0,,75.0,KG,,,,0,,0,,,,0,1.0,,,,,,,,100,2017-02-06,MRPUSER,22:54:07,,,,,,,,,,,,,10.0,1.0,PC,,X,2.0,A,,,,,,X,,,,,,,,750.0,750.0,750.0,,,,1.0,,,,,,,,,,,,,1.0,0,0,,,,,,,,,VB0000019274000010,,KSV,10.0,,X,,0,0,,,,,,,A,,,,0,,,,,,,,0,0,,0,0,,,,,,,,,,,10.0,,,,,,,,0,,,,,,,,,,,1.0,,T90CLNT090,,,,,,,,,,,,,,,,,,,,0,,,,2020-01-03,01:01:10,,,0,0,,,,,,,,,,,0,,0,0,,,0,,,,,,,,0,,0,0,,,,,,,,,,0,0,,,,0,0,,I,False,2021-08-18 02:17:16.210832+00:00
800,19278,10,FI3-PRD-M122,FI3-PRD-M122,,,FIOMRP3,Portable DVD Player PDP-122,TAN,,,A,0,0,,,,,PC,1.0,1.0,PC,,,,,,,,,,,0,,,,,,,,1,1.0,750.0,EUR,9.0,,,75.0,75.0,,,PC,1.0,1.0,,75.0,KG,,,,0,,0,,,,0,1.0,,,,,,,,100,2017-02-06,MRPUSER,22:54:08,,,,,,,,,,,,,10.0,1.0,PC,,X,2.0,A,,,,,,X,,,,,,,,750.0,750.0,750.0,,,,1.0,,,,,,,,,,,,,1.0,0,0,,,,,,,,,VB0000019278000010,,KSV,10.0,,X,,0,0,,,,,,,A,,,,0,,,,,,,,0,0,,0,0,,,,,,,,,,,10.0,,,,,,,,0,,,,,,,,,,,1.0,,T90CLNT090,,,,,,,,,,,,,,,,,,,,0,,,,2020-01-03,01:01:10,,,0,0,,,,,,,,,,,0,,0,0,,,0,,,,,,,,0,,0,0,,,,,,,,,,0,0,,,,0,0,,L,False,2021-08-18 02:15:43.031469+00:00
800,19278,10,FI3-PRD-M122,FI3-PRD-M122,,,FIOMRP3,Portable DVD Player PDP-122,TAN,,,A,0,0,,,,,PC,1.0,1.0,PC,,,,,,,,,,,0,,,,,,,,1,1.0,750.0,EUR,9.0,,,75.0,75.0,,,PC,1.0,1.0,,75.0,KG,,,,0,,0,,,,0,1.0,,,,,,,,100,2017-02-06,MRPUSER,22:54:08,,,,,,,,,,,,,10.0,1.0,PC,,X,2.0,A,,,,,,X,,,,,,,,750.0,750.0,750.0,,,,1.0,,,,,,,,,,,,,1.0,0,0,,,,,,,,,VB0000019278000010,,KSV,10.0,,X,,0,0,,,,,,,A,,,,0,,,,,,,,0,0,,0,0,,,,,,,,,,,10.0,,,,,,,,0,,,,,,,,,,,1.0,,T90CLNT090,,,,,,,,,,,,,,,,,,,,0,,,,2020-01-03,01:01:10,,,0,0,,,,,,,,,,,0,,0,0,,,0,,,,,,,,0,,0,0,,,,,,,,,,0,0,,,,0,0,,I,False,2021-08-18 02:17:16.210832+00:00
800,19282,10,FI3-PRD-M123,FI3-PRD-M123,,,FIOMRP3,Portable DVD Player PDP-123,TAN,,,A,0,0,,,,,PC,1.0,1.0,PC,,,,,,,,,,,0,,,,,,,,1,1.0,750.0,EUR,9.0,,,75.0,75.0,,,PC,1.0,1.0,,75.0,KG,,,,0,,0,,,,0,1.0,,,,,,,,100,2017-02-06,MRPUSER,22:54:10,,,,,,,,,,,,,10.0,1.0,PC,,X,2.0,A,,,,,,X,,,,,,,,750.0,750.0,750.0,,,,1.0,,,,,,,,,,,,,1.0,0,0,,,,,,,,,VB0000019282000010,,KSV,10.0,,X,,0,0,,,,,,,A,,,,0,,,,,,,,0,0,,0,0,,,,,,,,,,,10.0,,,,,,,,0,,,,,,,,,,,1.0,,T90CLNT090,,,,,,,,,,,,,,,,,,,,0,,,,2020-01-03,01:01:10,,,0,0,,,,,,,,,,,0,,0,0,,,0,,,,,,,,0,,0,0,,,,,,,,,,0,0,,,,0,0,,L,False,2021-08-18 02:15:43.031469+00:00
800,19282,10,FI3-PRD-M123,FI3-PRD-M123,,,FIOMRP3,Portable DVD Player PDP-123,TAN,,,A,0,0,,,,,PC,1.0,1.0,PC,,,,,,,,,,,0,,,,,,,,1,1.0,750.0,EUR,9.0,,,75.0,75.0,,,PC,1.0,1.0,,75.0,KG,,,,0,,0,,,,0,1.0,,,,,,,,100,2017-02-06,MRPUSER,22:54:10,,,,,,,,,,,,,10.0,1.0,PC,,X,2.0,A,,,,,,X,,,,,,,,750.0,750.0,750.0,,,,1.0,,,,,,,,,,,,,1.0,0,0,,,,,,,,,VB0000019282000010,,KSV,10.0,,X,,0,0,,,,,,,A,,,,0,,,,,,,,0,0,,0,0,,,,,,,,,,,10.0,,,,,,,,0,,,,,,,,,,,1.0,,T90CLNT090,,,,,,,,,,,,,,,,,,,,0,,,,2020-01-03,01:01:10,,,0,0,,,,,,,,,,,0,,0,0,,,0,,,,,,,,0,,0,0,,,,,,,,,,0,0,,,,0,0,,I,False,2021-08-18 02:17:16.210832+00:00
800,19286,10,FI3-PRD-M124,FI3-PRD-M124,,,FIOMRP3,Portable DVD Player PDP-124,TAN,,,A,0,0,,,,,PC,1.0,1.0,PC,,,,,,,,,,,0,,,,,,,,1,1.0,750.0,EUR,9.0,,,75.0,75.0,,,PC,1.0,1.0,,75.0,KG,,,,0,,0,,,,0,1.0,,,,,,,,100,2017-02-06,MRPUSER,22:54:12,,,,,,,,,,,,,10.0,1.0,PC,,X,2.0,A,,,,,,X,,,,,,,,750.0,750.0,750.0,,,,1.0,,,,,,,,,,,,,1.0,0,0,,,,,,,,,VB0000019286000010,,KSV,10.0,,X,,0,0,,,,,,,A,,,,0,,,,,,,,0,0,,0,0,,,,,,,,,,,10.0,,,,,,,,0,,,,,,,,,,,1.0,,T90CLNT090,,,,,,,,,,,,,,,,,,,,0,,,,2020-01-03,01:01:10,,,0,0,,,,,,,,,,,0,,0,0,,,0,,,,,,,,0,,0,0,,,,,,,,,,0,0,,,,0,0,,I,False,2021-08-18 02:17:16.210832+00:00
800,19286,10,FI3-PRD-M124,FI3-PRD-M124,,,FIOMRP3,Portable DVD Player PDP-124,TAN,,,A,0,0,,,,,PC,1.0,1.0,PC,,,,,,,,,,,0,,,,,,,,1,1.0,750.0,EUR,9.0,,,75.0,75.0,,,PC,1.0,1.0,,75.0,KG,,,,0,,0,,,,0,1.0,,,,,,,,100,2017-02-06,MRPUSER,22:54:12,,,,,,,,,,,,,10.0,1.0,PC,,X,2.0,A,,,,,,X,,,,,,,,750.0,750.0,750.0,,,,1.0,,,,,,,,,,,,,1.0,0,0,,,,,,,,,VB0000019286000010,,KSV,10.0,,X,,0,0,,,,,,,A,,,,0,,,,,,,,0,0,,0,0,,,,,,,,,,,10.0,,,,,,,,0,,,,,,,,,,,1.0,,T90CLNT090,,,,,,,,,,,,,,,,,,,,0,,,,2020-01-03,01:01:10,,,0,0,,,,,,,,,,,0,,0,0,,,0,,,,,,,,0,,0,0,,,,,,,,,,0,0,,,,0,0,,L,False,2021-08-18 02:15:43.031469+00:00
800,19577,10,FI4-PRD-M121,FI4-PRD-M121,,,FIOMRP3,Portable DVD Player PDP-121,TAN,,,A,0,0,,,,,PC,1.0,1.0,PC,,,,,,,,,,,0,,,,,,,,1,1.0,750.0,EUR,9.0,,,75.0,75.0,,,PC,1.0,1.0,,75.0,KG,,,,0,,0,,,,0,1.0,,,,,,,,100,2017-02-06,MRPUSER,23:07:26,,,,,,,,,,,,,10.0,1.0,PC,,X,2.0,A,,,,,,X,,,,,,,,750.0,750.0,750.0,,,,1.0,,,,,,,,,,,,,1.0,0,0,,,,,,,,,VB0000019577000010,,KSV,10.0,,X,,0,0,,,,,,,A,,,,0,,,,,,,,0,0,,0,0,,,,,,,,,,,10.0,,,,,,,,0,,,,,,,,,,,1.0,,T90CLNT090,,,,,,,,,,,,,,,,,,,,0,,,,2020-01-03,01:01:10,,,0,0,,,,,,,,,,,0,,0,0,,,0,,,,,,,,0,,0,0,,,,,,,,,,0,0,,,,0,0,,L,False,2021-08-18 02:15:43.031469+00:00
800,19577,10,FI4-PRD-M121,FI4-PRD-M121,,,FIOMRP3,Portable DVD Player PDP-121,TAN,,,A,0,0,,,,,PC,1.0,1.0,PC,,,,,,,,,,,0,,,,,,,,1,1.0,750.0,EUR,9.0,,,75.0,75.0,,,PC,1.0,1.0,,75.0,KG,,,,0,,0,,,,0,1.0,,,,,,,,100,2017-02-06,MRPUSER,23:07:26,,,,,,,,,,,,,10.0,1.0,PC,,X,2.0,A,,,,,,X,,,,,,,,750.0,750.0,750.0,,,,1.0,,,,,,,,,,,,,1.0,0,0,,,,,,,,,VB0000019577000010,,KSV,10.0,,X,,0,0,,,,,,,A,,,,0,,,,,,,,0,0,,0,0,,,,,,,,,,,10.0,,,,,,,,0,,,,,,,,,,,1.0,,T90CLNT090,,,,,,,,,,,,,,,,,,,,0,,,,2020-01-03,01:01:10,,,0,0,,,,,,,,,,,0,,0,0,,,0,,,,,,,,0,,0,0,,,,,,,,,,0,0,,,,0,0,,I,False,2021-08-18 02:17:16.210832+00:00
800,19581,10,FI4-PRD-M122,FI4-PRD-M122,,,FIOMRP3,Portable DVD Player PDP-122,TAN,,,A,0,0,,,,,PC,1.0,1.0,PC,,,,,,,,,,,0,,,,,,,,1,1.0,750.0,EUR,9.0,,,75.0,75.0,,,PC,1.0,1.0,,75.0,KG,,,,0,,0,,,,0,1.0,,,,,,,,100,2017-02-06,MRPUSER,23:07:28,,,,,,,,,,,,,10.0,1.0,PC,,X,2.0,A,,,,,,X,,,,,,,,750.0,750.0,750.0,,,,1.0,,,,,,,,,,,,,1.0,0,0,,,,,,,,,VB0000019581000010,,KSV,10.0,,X,,0,0,,,,,,,A,,,,0,,,,,,,,0,0,,0,0,,,,,,,,,,,10.0,,,,,,,,0,,,,,,,,,,,1.0,,T90CLNT090,,,,,,,,,,,,,,,,,,,,0,,,,2020-01-03,01:01:10,,,0,0,,,,,,,,,,,0,,0,0,,,0,,,,,,,,0,,0,0,,,,,,,,,,0,0,,,,0,0,,L,False,2021-08-18 02:15:43.031469+00:00
800,19581,10,FI4-PRD-M122,FI4-PRD-M122,,,FIOMRP3,Portable DVD Player PDP-122,TAN,,,A,0,0,,,,,PC,1.0,1.0,PC,,,,,,,,,,,0,,,,,,,,1,1.0,750.0,EUR,9.0,,,75.0,75.0,,,PC,1.0,1.0,,75.0,KG,,,,0,,0,,,,0,1.0,,,,,,,,100,2017-02-06,MRPUSER,23:07:28,,,,,,,,,,,,,10.0,1.0,PC,,X,2.0,A,,,,,,X,,,,,,,,750.0,750.0,750.0,,,,1.0,,,,,,,,,,,,,1.0,0,0,,,,,,,,,VB0000019581000010,,KSV,10.0,,X,,0,0,,,,,,,A,,,,0,,,,,,,,0,0,,0,0,,,,,,,,,,,10.0,,,,,,,,0,,,,,,,,,,,1.0,,T90CLNT090,,,,,,,,,,,,,,,,,,,,0,,,,2020-01-03,01:01:10,,,0,0,,,,,,,,,,,0,,0,0,,,0,,,,,,,,0,,0,0,,,,,,,,,,0,0,,,,0,0,,I,False,2021-08-18 02:17:16.210832+00:00
800,19585,10,FI4-PRD-M123,FI4-PRD-M123,,,FIOMRP3,Portable DVD Player PDP-123,TAN,,,A,0,0,,,,,PC,1.0,1.0,PC,,,,,,,,,,,0,,,,,,,,1,1.0,750.0,EUR,9.0,,,75.0,75.0,,,PC,1.0,1.0,,75.0,KG,,,,0,,0,,,,0,1.0,,,,,,,,100,2017-02-06,MRPUSER,23:07:30,,,,,,,,,,,,,10.0,1.0,PC,,X,2.0,A,,,,,,X,,,,,,,,750.0,750.0,750.0,,,,1.0,,,,,,,,,,,,,1.0,0,0,,,,,,,,,VB0000019585000010,,KSV,10.0,,X,,0,0,,,,,,,A,,,,0,,,,,,,,0,0,,0,0,,,,,,,,,,,10.0,,,,,,,,0,,,,,,,,,,,1.0,,T90CLNT090,,,,,,,,,,,,,,,,,,,,0,,,,2020-01-03,01:01:10,,,0,0,,,,,,,,,,,0,,0,0,,,0,,,,,,,,0,,0,0,,,,,,,,,,0,0,,,,0,0,,I,False,2021-08-18 02:17:16.210832+00:00
800,19585,10,FI4-PRD-M123,FI4-PRD-M123,,,FIOMRP3,Portable DVD Player PDP-123,TAN,,,A,0,0,,,,,PC,1.0,1.0,PC,,,,,,,,,,,0,,,,,,,,1,1.0,750.0,EUR,9.0,,,75.0,75.0,,,PC,1.0,1.0,,75.0,KG,,,,0,,0,,,,0,1.0,,,,,,,,100,2017-02-06,MRPUSER,23:07:30,,,,,,,,,,,,,10.0,1.0,PC,,X,2.0,A,,,,,,X,,,,,,,,750.0,750.0,750.0,,,,1.0,,,,,,,,,,,,,1.0,0,0,,,,,,,,,VB0000019585000010,,KSV,10.0,,X,,0,0,,,,,,,A,,,,0,,,,,,,,0,0,,0,0,,,,,,,,,,,10.0,,,,,,,,0,,,,,,,,,,,1.0,,T90CLNT090,,,,,,,,,,,,,,,,,,,,0,,,,2020-01-03,01:01:10,,,0,0,,,,,,,,,,,0,,0,0,,,0,,,,,,,,0,,0,0,,,,,,,,,,0,0,,,,0,0,,L,False,2021-08-18 02:15:43.031469+00:00
800,19589,10,FI4-PRD-M124,FI4-PRD-M124,,,FIOMRP3,Portable DVD Player PDP-124,TAN,,,A,0,0,,,,,PC,1.0,1.0,PC,,,,,,,,,,,0,,,,,,,,1,1.0,750.0,EUR,9.0,,,75.0,75.0,,,PC,1.0,1.0,,75.0,KG,,,,0,,0,,,,0,1.0,,,,,,,,100,2017-02-06,MRPUSER,23:07:32,,,,,,,,,,,,,10.0,1.0,PC,,X,2.0,A,,,,,,X,,,,,,,,750.0,750.0,750.0,,,,1.0,,,,,,,,,,,,,1.0,0,0,,,,,,,,,VB0000019589000010,,KSV,10.0,,X,,0,0,,,,,,,A,,,,0,,,,,,,,0,0,,0,0,,,,,,,,,,,10.0,,,,,,,,0,,,,,,,,,,,1.0,,T90CLNT090,,,,,,,,,,,,,,,,,,,,0,,,,2020-01-03,01:01:10,,,0,0,,,,,,,,,,,0,,0,0,,,0,,,,,,,,0,,0,0,,,,,,,,,,0,0,,,,0,0,,I,False,2021-08-18 02:17:16.210832+00:00
800,19589,10,FI4-PRD-M124,FI4-PRD-M124,,,FIOMRP3,Portable DVD Player PDP-124,TAN,,,A,0,0,,,,,PC,1.0,1.0,PC,,,,,,,,,,,0,,,,,,,,1,1.0,750.0,EUR,9.0,,,75.0,75.0,,,PC,1.0,1.0,,75.0,KG,,,,0,,0,,,,0,1.0,,,,,,,,100,2017-02-06,MRPUSER,23:07:32,,,,,,,,,,,,,10.0,1.0,PC,,X,2.0,A,,,,,,X,,,,,,,,750.0,750.0,750.0,,,,1.0,,,,,,,,,,,,,1.0,0,0,,,,,,,,,VB0000019589000010,,KSV,10.0,,X,,0,0,,,,,,,A,,,,0,,,,,,,,0,0,,0,0,,,,,,,,,,,10.0,,,,,,,,0,,,,,,,,,,,1.0,,T90CLNT090,,,,,,,,,,,,,,,,,,,,0,,,,2020-01-03,01:01:10,,,0,0,,,,,,,,,,,0,,0,0,,,0,,,,,,,,0,,0,0,,,,,,,,,,0,0,,,,0,0,,L,False,2021-08-18 02:15:43.031469+00:00
800,19880,10,FI5-PRD-M121,FI5-PRD-M121,,,FIOMRP3,Portable DVD Player PDP-121,TAN,,,A,0,0,,,,,PC,1.0,1.0,PC,,,,,,,,,,,0,,,,,,,,1,1.0,750.0,EUR,9.0,,,75.0,75.0,,,PC,1.0,1.0,,75.0,KG,,,,0,,0,,,,0,1.0,,,,,,,,100,2017-02-06,MRPUSER,23:19:58,,,,,,,,,,,,,10.0,1.0,PC,,X,2.0,A,,,,,,X,,,,,,,,750.0,750.0,750.0,,,,1.0,,,,,,,,,,,,,1.0,0,0,,,,,,,,,VB0000019880000010,,KSV,10.0,,X,,0,0,,,,,,,A,,,,0,,,,,,,,0,0,,0,0,,,,,,,,,,,10.0,,,,,,,,0,,,,,,,,,,,1.0,,T90CLNT090,,,,,,,,,,,,,,,,,,,,0,,,,2020-01-03,01:01:10,,,0,0,,,,,,,,,,,0,,0,0,,,0,,,,,,,,0,,0,0,,,,,,,,,,0,0,,,,0,0,,I,False,2021-08-18 02:17:16.210832+00:00
800,19880,10,FI5-PRD-M121,FI5-PRD-M121,,,FIOMRP3,Portable DVD Player PDP-121,TAN,,,A,0,0,,,,,PC,1.0,1.0,PC,,,,,,,,,,,0,,,,,,,,1,1.0,750.0,EUR,9.0,,,75.0,75.0,,,PC,1.0,1.0,,75.0,KG,,,,0,,0,,,,0,1.0,,,,,,,,100,2017-02-06,MRPUSER,23:19:58,,,,,,,,,,,,,10.0,1.0,PC,,X,2.0,A,,,,,,X,,,,,,,,750.0,750.0,750.0,,,,1.0,,,,,,,,,,,,,1.0,0,0,,,,,,,,,VB0000019880000010,,KSV,10.0,,X,,0,0,,,,,,,A,,,,0,,,,,,,,0,0,,0,0,,,,,,,,,,,10.0,,,,,,,,0,,,,,,,,,,,1.0,,T90CLNT090,,,,,,,,,,,,,,,,,,,,0,,,,2020-01-03,01:01:10,,,0,0,,,,,,,,,,,0,,0,0,,,0,,,,,,,,0,,0,0,,,,,,,,,,0,0,,,,0,0,,L,False,2021-08-18 02:15:43.031469+00:00
800,19884,10,FI5-PRD-M122,FI5-PRD-M122,,,FIOMRP3,Portable DVD Player PDP-122,TAN,,,A,0,0,,,,,PC,1.0,1.0,PC,,,,,,,,,,,0,,,,,,,,1,1.0,750.0,EUR,9.0,,,75.0,75.0,,,PC,1.0,1.0,,75.0,KG,,,,0,,0,,,,0,1.0,,,,,,,,100,2017-02-06,MRPUSER,23:19:59,,,,,,,,,,,,,10.0,1.0,PC,,X,2.0,A,,,,,,X,,,,,,,,750.0,750.0,750.0,,,,1.0,,,,,,,,,,,,,1.0,0,0,,,,,,,,,VB0000019884000010,,KSV,10.0,,X,,0,0,,,,,,,A,,,,0,,,,,,,,0,0,,0,0,,,,,,,,,,,10.0,,,,,,,,0,,,,,,,,,,,1.0,,T90CLNT090,,,,,,,,,,,,,,,,,,,,0,,,,2020-01-03,01:01:10,,,0,0,,,,,,,,,,,0,,0,0,,,0,,,,,,,,0,,0,0,,,,,,,,,,0,0,,,,0,0,,I,False,2021-08-18 02:17:16.210832+00:00
800,19884,10,FI5-PRD-M122,FI5-PRD-M122,,,FIOMRP3,Portable DVD Player PDP-122,TAN,,,A,0,0,,,,,PC,1.0,1.0,PC,,,,,,,,,,,0,,,,,,,,1,1.0,750.0,EUR,9.0,,,75.0,75.0,,,PC,1.0,1.0,,75.0,KG,,,,0,,0,,,,0,1.0,,,,,,,,100,2017-02-06,MRPUSER,23:19:59,,,,,,,,,,,,,10.0,1.0,PC,,X,2.0,A,,,,,,X,,,,,,,,750.0,750.0,750.0,,,,1.0,,,,,,,,,,,,,1.0,0,0,,,,,,,,,VB0000019884000010,,KSV,10.0,,X,,0,0,,,,,,,A,,,,0,,,,,,,,0,0,,0,0,,,,,,,,,,,10.0,,,,,,,,0,,,,,,,,,,,1.0,,T90CLNT090,,,,,,,,,,,,,,,,,,,,0,,,,2020-01-03,01:01:10,,,0,0,,,,,,,,,,,0,,0,0,,,0,,,,,,,,0,,0,0,,,,,,,,,,0,0,,,,0,0,,L,False,2021-08-18 02:15:43.031469+00:00
800,19888,10,FI5-PRD-M123,FI5-PRD-M123,,,FIOMRP3,Portable DVD Player PDP-123,TAN,,,A,0,0,,,,,PC,1.0,1.0,PC,,,,,,,,,,,0,,,,,,,,1,1.0,750.0,EUR,9.0,,,75.0,75.0,,,PC,1.0,1.0,,75.0,KG,,,,0,,0,,,,0,1.0,,,,,,,,100,2017-02-06,MRPUSER,23:20:01,,,,,,,,,,,,,10.0,1.0,PC,,X,2.0,A,,,,,,X,,,,,,,,750.0,750.0,750.0,,,,1.0,,,,,,,,,,,,,1.0,0,0,,,,,,,,,VB0000019888000010,,KSV,10.0,,X,,0,0,,,,,,,A,,,,0,,,,,,,,0,0,,0,0,,,,,,,,,,,10.0,,,,,,,,0,,,,,,,,,,,1.0,,T90CLNT090,,,,,,,,,,,,,,,,,,,,0,,,,2020-01-03,01:01:10,,,0,0,,,,,,,,,,,0,,0,0,,,0,,,,,,,,0,,0,0,,,,,,,,,,0,0,,,,0,0,,L,False,2021-08-18 02:15:43.031469+00:00
800,19888,10,FI5-PRD-M123,FI5-PRD-M123,,,FIOMRP3,Portable DVD Player PDP-123,TAN,,,A,0,0,,,,,PC,1.0,1.0,PC,,,,,,,,,,,0,,,,,,,,1,1.0,750.0,EUR,9.0,,,75.0,75.0,,,PC,1.0,1.0,,75.0,KG,,,,0,,0,,,,0,1.0,,,,,,,,100,2017-02-06,MRPUSER,23:20:01,,,,,,,,,,,,,10.0,1.0,PC,,X,2.0,A,,,,,,X,,,,,,,,750.0,750.0,750.0,,,,1.0,,,,,,,,,,,,,1.0,0,0,,,,,,,,,VB0000019888000010,,KSV,10.0,,X,,0,0,,,,,,,A,,,,0,,,,,,,,0,0,,0,0,,,,,,,,,,,10.0,,,,,,,,0,,,,,,,,,,,1.0,,T90CLNT090,,,,,,,,,,,,,,,,,,,,0,,,,2020-01-03,01:01:10,,,0,0,,,,,,,,,,,0,,0,0,,,0,,,,,,,,0,,0,0,,,,,,,,,,0,0,,,,0,0,,I,False,2021-08-18 02:17:16.210832+00:00
800,19892,10,FI5-PRD-M124,FI5-PRD-M124,,,FIOMRP3,Portable DVD Player PDP-124,TAN,,,A,0,0,,,,,PC,1.0,1.0,PC,,,,,,,,,,,0,,,,,,,,1,1.0,750.0,EUR,9.0,,,75.0,75.0,,,PC,1.0,1.0,,75.0,KG,,,,0,,0,,,,0,1.0,,,,,,,,100,2017-02-06,MRPUSER,23:20:03,,,,,,,,,,,,,10.0,1.0,PC,,X,2.0,A,,,,,,X,,,,,,,,750.0,750.0,750.0,,,,1.0,,,,,,,,,,,,,1.0,0,0,,,,,,,,,VB0000019892000010,,KSV,10.0,,X,,0,0,,,,,,,A,,,,0,,,,,,,,0,0,,0,0,,,,,,,,,,,10.0,,,,,,,,0,,,,,,,,,,,1.0,,T90CLNT090,,,,,,,,,,,,,,,,,,,,0,,,,2020-01-03,01:01:10,,,0,0,,,,,,,,,,,0,,0,0,,,0,,,,,,,,0,,0,0,,,,,,,,,,0,0,,,,0,0,,L,False,2021-08-18 02:15:43.031469+00:00
800,19892,10,FI5-PRD-M124,FI5-PRD-M124,,,FIOMRP3,Portable DVD Player PDP-124,TAN,,,A,0,0,,,,,PC,1.0,1.0,PC,,,,,,,,,,,0,,,,,,,,1,1.0,750.0,EUR,9.0,,,75.0,75.0,,,PC,1.0,1.0,,75.0,KG,,,,0,,0,,,,0,1.0,,,,,,,,100,2017-02-06,MRPUSER,23:20:03,,,,,,,,,,,,,10.0,1.0,PC,,X,2.0,A,,,,,,X,,,,,,,,750.0,750.0,750.0,,,,1.0,,,,,,,,,,,,,1.0,0,0,,,,,,,,,VB0000019892000010,,KSV,10.0,,X,,0,0,,,,,,,A,,,,0,,,,,,,,0,0,,0,0,,,,,,,,,,,10.0,,,,,,,,0,,,,,,,,,,,1.0,,T90CLNT090,,,,,,,,,,,,,,,,,,,,0,,,,2020-01-03,01:01:10,,,0,0,,,,,,,,,,,0,,0,0,,,0,,,,,,,,0,,0,0,,,,,,,,,,0,0,,,,0,0,,I,False,2021-08-18 02:17:16.210832+00:00
800,20183,10,FI6-PRD-M121,FI6-PRD-M121,,,FIOMRP3,Portable DVD Player PDP-121,TAN,,,A,0,0,,,,,PC,1.0,1.0,PC,,,,,,,,,,,0,,,,,,,,1,1.0,750.0,EUR,9.0,,,75.0,75.0,,,PC,1.0,1.0,,75.0,KG,,,,0,,0,,,,0,1.0,,,,,,,,100,2017-02-06,MRPUSER,23:35:34,,,,,,,,,,,,,10.0,1.0,PC,,X,2.0,A,,,,,,X,,,,,,,,750.0,750.0,750.0,,,,1.0,,,,,,,,,,,,,1.0,0,0,,,,,,,,,VB0000020183000010,,KSV,10.0,,X,,0,0,,,,,,,A,,,,0,,,,,,,,0,0,,0,0,,,,,,,,,,,10.0,,,,,,,,0,,,,,,,,,,,1.0,,T90CLNT090,,,,,,,,,,,,,,,,,,,,0,,,,2020-01-03,01:01:10,,,0,0,,,,,,,,,,,0,,0,0,,,0,,,,,,,,0,,0,0,,,,,,,,,,0,0,,,,0,0,,I,False,2021-08-18 02:17:16.210832+00:00
800,20183,10,FI6-PRD-M121,FI6-PRD-M121,,,FIOMRP3,Portable DVD Player PDP-121,TAN,,,A,0,0,,,,,PC,1.0,1.0,PC,,,,,,,,,,,0,,,,,,,,1,1.0,750.0,EUR,9.0,,,75.0,75.0,,,PC,1.0,1.0,,75.0,KG,,,,0,,0,,,,0,1.0,,,,,,,,100,2017-02-06,MRPUSER,23:35:34,,,,,,,,,,,,,10.0,1.0,PC,,X,2.0,A,,,,,,X,,,,,,,,750.0,750.0,750.0,,,,1.0,,,,,,,,,,,,,1.0,0,0,,,,,,,,,VB0000020183000010,,KSV,10.0,,X,,0,0,,,,,,,A,,,,0,,,,,,,,0,0,,0,0,,,,,,,,,,,10.0,,,,,,,,0,,,,,,,,,,,1.0,,T90CLNT090,,,,,,,,,,,,,,,,,,,,0,,,,2020-01-03,01:01:10,,,0,0,,,,,,,,,,,0,,0,0,,,0,,,,,,,,0,,0,0,,,,,,,,,,0,0,,,,0,0,,L,False,2021-08-18 02:15:43.031469+00:00
800,20187,10,FI6-PRD-M122,FI6-PRD-M122,,,FIOMRP3,Portable DVD Player PDP-122,TAN,,,A,0,0,,,,,PC,1.0,1.0,PC,,,,,,,,,,,0,,,,,,,,1,1.0,750.0,EUR,9.0,,,75.0,75.0,,,PC,1.0,1.0,,75.0,KG,,,,0,,0,,,,0,1.0,,,,,,,,100,2017-02-06,MRPUSER,23:35:36,,,,,,,,,,,,,10.0,1.0,PC,,X,2.0,A,,,,,,X,,,,,,,,750.0,750.0,750.0,,,,1.0,,,,,,,,,,,,,1.0,0,0,,,,,,,,,VB0000020187000010,,KSV,10.0,,X,,0,0,,,,,,,A,,,,0,,,,,,,,0,0,,0,0,,,,,,,,,,,10.0,,,,,,,,0,,,,,,,,,,,1.0,,T90CLNT090,,,,,,,,,,,,,,,,,,,,0,,,,2020-01-03,01:01:10,,,0,0,,,,,,,,,,,0,,0,0,,,0,,,,,,,,0,,0,0,,,,,,,,,,0,0,,,,0,0,,I,False,2021-08-18 02:17:16.210832+00:00
800,20187,10,FI6-PRD-M122,FI6-PRD-M122,,,FIOMRP3,Portable DVD Player PDP-122,TAN,,,A,0,0,,,,,PC,1.0,1.0,PC,,,,,,,,,,,0,,,,,,,,1,1.0,750.0,EUR,9.0,,,75.0,75.0,,,PC,1.0,1.0,,75.0,KG,,,,0,,0,,,,0,1.0,,,,,,,,100,2017-02-06,MRPUSER,23:35:36,,,,,,,,,,,,,10.0,1.0,PC,,X,2.0,A,,,,,,X,,,,,,,,750.0,750.0,750.0,,,,1.0,,,,,,,,,,,,,1.0,0,0,,,,,,,,,VB0000020187000010,,KSV,10.0,,X,,0,0,,,,,,,A,,,,0,,,,,,,,0,0,,0,0,,,,,,,,,,,10.0,,,,,,,,0,,,,,,,,,,,1.0,,T90CLNT090,,,,,,,,,,,,,,,,,,,,0,,,,2020-01-03,01:01:10,,,0,0,,,,,,,,,,,0,,0,0,,,0,,,,,,,,0,,0,0,,,,,,,,,,0,0,,,,0,0,,L,False,2021-08-18 02:15:43.031469+00:00
800,20191,10,FI6-PRD-M123,FI6-PRD-M123,,,FIOMRP3,Portable DVD Player PDP-123,TAN,,,A,0,0,,,,,PC,1.0,1.0,PC,,,,,,,,,,,0,,,,,,,,1,1.0,750.0,EUR,9.0,,,75.0,75.0,,,PC,1.0,1.0,,75.0,KG,,,,0,,0,,,,0,1.0,,,,,,,,100,2017-02-06,MRPUSER,23:35:39,,,,,,,,,,,,,10.0,1.0,PC,,X,2.0,A,,,,,,X,,,,,,,,750.0,750.0,750.0,,,,1.0,,,,,,,,,,,,,1.0,0,0,,,,,,,,,VB0000020191000010,,KSV,10.0,,X,,0,0,,,,,,,A,,,,0,,,,,,,,0,0,,0,0,,,,,,,,,,,10.0,,,,,,,,0,,,,,,,,,,,1.0,,T90CLNT090,,,,,,,,,,,,,,,,,,,,0,,,,2020-01-03,01:01:10,,,0,0,,,,,,,,,,,0,,0,0,,,0,,,,,,,,0,,0,0,,,,,,,,,,0,0,,,,0,0,,L,False,2021-08-18 02:15:43.031469+00:00
800,20191,10,FI6-PRD-M123,FI6-PRD-M123,,,FIOMRP3,Portable DVD Player PDP-123,TAN,,,A,0,0,,,,,PC,1.0,1.0,PC,,,,,,,,,,,0,,,,,,,,1,1.0,750.0,EUR,9.0,,,75.0,75.0,,,PC,1.0,1.0,,75.0,KG,,,,0,,0,,,,0,1.0,,,,,,,,100,2017-02-06,MRPUSER,23:35:39,,,,,,,,,,,,,10.0,1.0,PC,,X,2.0,A,,,,,,X,,,,,,,,750.0,750.0,750.0,,,,1.0,,,,,,,,,,,,,1.0,0,0,,,,,,,,,VB0000020191000010,,KSV,10.0,,X,,0,0,,,,,,,A,,,,0,,,,,,,,0,0,,0,0,,,,,,,,,,,10.0,,,,,,,,0,,,,,,,,,,,1.0,,T90CLNT090,,,,,,,,,,,,,,,,,,,,0,,,,2020-01-03,01:01:10,,,0,0,,,,,,,,,,,0,,0,0,,,0,,,,,,,,0,,0,0,,,,,,,,,,0,0,,,,0,0,,I,False,2021-08-18 02:17:16.210832+00:00
800,20195,10,FI6-PRD-M124,FI6-PRD-M124,,,FIOMRP3,Portable DVD Player PDP-124,TAN,,,A,0,0,,,,,PC,1.0,1.0,PC,,,,,,,,,,,0,,,,,,,,1,1.0,750.0,EUR,9.0,,,75.0,75.0,,,PC,1.0,1.0,,75.0,KG,,,,0,,0,,,,0,1.0,,,,,,,,100,2017-02-06,MRPUSER,23:35:41,,,,,,,,,,,,,10.0,1.0,PC,,X,2.0,A,,,,,,X,,,,,,,,750.0,750.0,750.0,,,,1.0,,,,,,,,,,,,,1.0,0,0,,,,,,,,,VB0000020195000010,,KSV,10.0,,X,,0,0,,,,,,,A,,,,0,,,,,,,,0,0,,0,0,,,,,,,,,,,10.0,,,,,,,,0,,,,,,,,,,,1.0,,T90CLNT090,,,,,,,,,,,,,,,,,,,,0,,,,2020-01-03,01:01:10,,,0,0,,,,,,,,,,,0,,0,0,,,0,,,,,,,,0,,0,0,,,,,,,,,,0,0,,,,0,0,,I,False,2021-08-18 02:17:16.210832+00:00
800,20195,10,FI6-PRD-M124,FI6-PRD-M124,,,FIOMRP3,Portable DVD Player PDP-124,TAN,,,A,0,0,,,,,PC,1.0,1.0,PC,,,,,,,,,,,0,,,,,,,,1,1.0,750.0,EUR,9.0,,,75.0,75.0,,,PC,1.0,1.0,,75.0,KG,,,,0,,0,,,,0,1.0,,,,,,,,100,2017-02-06,MRPUSER,23:35:41,,,,,,,,,,,,,10.0,1.0,PC,,X,2.0,A,,,,,,X,,,,,,,,750.0,750.0,750.0,,,,1.0,,,,,,,,,,,,,1.0,0,0,,,,,,,,,VB0000020195000010,,KSV,10.0,,X,,0,0,,,,,,,A,,,,0,,,,,,,,0,0,,0,0,,,,,,,,,,,10.0,,,,,,,,0,,,,,,,,,,,1.0,,T90CLNT090,,,,,,,,,,,,,,,,,,,,0,,,,2020-01-03,01:01:10,,,0,0,,,,,,,,,,,0,,0,0,,,0,,,,,,,,0,,0,0,,,,,,,,,,0,0,,,,0,0,,L,False,2021-08-18 02:15:43.031469+00:00
800,20486,10,FI7-PRD-M121,FI7-PRD-M121,,,FIOMRP3,Portable DVD Player PDP-121,TAN,,,A,0,0,,,,,PC,1.0,1.0,PC,,,,,,,,,,,0,,,,,,,,1,1.0,750.0,EUR,9.0,,,75.0,75.0,,,PC,1.0,1.0,,75.0,KG,,,,0,,0,,,,0,1.0,,,,,,,,100,2017-02-06,MRPUSER,23:49:30,,,,,,,,,,,,,10.0,1.0,PC,,X,2.0,A,,,,,,X,,,,,,,,750.0,750.0,750.0,,,,1.0,,,,,,,,,,,,,1.0,0,0,,,,,,,,,VB0000020486000010,,KSV,10.0,,X,,0,0,,,,,,,A,,,,0,,,,,,,,0,0,,0,0,,,,,,,,,,,10.0,,,,,,,,0,,,,,,,,,,,1.0,,T90CLNT090,,,,,,,,,,,,,,,,,,,,0,,,,2020-01-03,01:01:10,,,0,0,,,,,,,,,,,0,,0,0,,,0,,,,,,,,0,,0,0,,,,,,,,,,0,0,,,,0,0,,I,False,2021-08-18 02:17:16.210832+00:00
800,20486,10,FI7-PRD-M121,FI7-PRD-M121,,,FIOMRP3,Portable DVD Player PDP-121,TAN,,,A,0,0,,,,,PC,1.0,1.0,PC,,,,,,,,,,,0,,,,,,,,1,1.0,750.0,EUR,9.0,,,75.0,75.0,,,PC,1.0,1.0,,75.0,KG,,,,0,,0,,,,0,1.0,,,,,,,,100,2017-02-06,MRPUSER,23:49:30,,,,,,,,,,,,,10.0,1.0,PC,,X,2.0,A,,,,,,X,,,,,,,,750.0,750.0,750.0,,,,1.0,,,,,,,,,,,,,1.0,0,0,,,,,,,,,VB0000020486000010,,KSV,10.0,,X,,0,0,,,,,,,A,,,,0,,,,,,,,0,0,,0,0,,,,,,,,,,,10.0,,,,,,,,0,,,,,,,,,,,1.0,,T90CLNT090,,,,,,,,,,,,,,,,,,,,0,,,,2020-01-03,01:01:10,,,0,0,,,,,,,,,,,0,,0,0,,,0,,,,,,,,0,,0,0,,,,,,,,,,0,0,,,,0,0,,L,False,2021-08-18 02:15:43.031469+00:00
800,20490,10,FI7-PRD-M122,FI7-PRD-M122,,,FIOMRP3,Portable DVD Player PDP-122,TAN,,,A,0,0,,,,,PC,1.0,1.0,PC,,,,,,,,,,,0,,,,,,,,1,1.0,750.0,EUR,9.0,,,75.0,75.0,,,PC,1.0,1.0,,75.0,KG,,,,0,,0,,,,0,1.0,,,,,,,,100,2017-02-06,MRPUSER,23:49:33,,,,,,,,,,,,,10.0,1.0,PC,,X,2.0,A,,,,,,X,,,,,,,,750.0,750.0,750.0,,,,1.0,,,,,,,,,,,,,1.0,0,0,,,,,,,,,VB0000020490000010,,KSV,10.0,,X,,0,0,,,,,,,A,,,,0,,,,,,,,0,0,,0,0,,,,,,,,,,,10.0,,,,,,,,0,,,,,,,,,,,1.0,,T90CLNT090,,,,,,,,,,,,,,,,,,,,0,,,,2020-01-03,01:01:10,,,0,0,,,,,,,,,,,0,,0,0,,,0,,,,,,,,0,,0,0,,,,,,,,,,0,0,,,,0,0,,I,False,2021-08-18 02:17:16.210832+00:00
800,20490,10,FI7-PRD-M122,FI7-PRD-M122,,,FIOMRP3,Portable DVD Player PDP-122,TAN,,,A,0,0,,,,,PC,1.0,1.0,PC,,,,,,,,,,,0,,,,,,,,1,1.0,750.0,EUR,9.0,,,75.0,75.0,,,PC,1.0,1.0,,75.0,KG,,,,0,,0,,,,0,1.0,,,,,,,,100,2017-02-06,MRPUSER,23:49:33,,,,,,,,,,,,,10.0,1.0,PC,,X,2.0,A,,,,,,X,,,,,,,,750.0,750.0,750.0,,,,1.0,,,,,,,,,,,,,1.0,0,0,,,,,,,,,VB0000020490000010,,KSV,10.0,,X,,0,0,,,,,,,A,,,,0,,,,,,,,0,0,,0,0,,,,,,,,,,,10.0,,,,,,,,0,,,,,,,,,,,1.0,,T90CLNT090,,,,,,,,,,,,,,,,,,,,0,,,,2020-01-03,01:01:10,,,0,0,,,,,,,,,,,0,,0,0,,,0,,,,,,,,0,,0,0,,,,,,,,,,0,0,,,,0,0,,L,False,2021-08-18 02:15:43.031469+00:00
800,20494,10,FI7-PRD-M123,FI7-PRD-M123,,,FIOMRP3,Portable DVD Player PDP-123,TAN,,,A,0,0,,,,,PC,1.0,1.0,PC,,,,,,,,,,,0,,,,,,,,1,1.0,750.0,EUR,9.0,,,75.0,75.0,,,PC,1.0,1.0,,75.0,KG,,,,0,,0,,,,0,1.0,,,,,,,,100,2017-02-06,MRPUSER,23:49:35,,,,,,,,,,,,,10.0,1.0,PC,,X,2.0,A,,,,,,X,,,,,,,,750.0,750.0,750.0,,,,1.0,,,,,,,,,,,,,1.0,0,0,,,,,,,,,VB0000020494000010,,KSV,10.0,,X,,0,0,,,,,,,A,,,,0,,,,,,,,0,0,,0,0,,,,,,,,,,,10.0,,,,,,,,0,,,,,,,,,,,1.0,,T90CLNT090,,,,,,,,,,,,,,,,,,,,0,,,,2020-01-03,01:01:10,,,0,0,,,,,,,,,,,0,,0,0,,,0,,,,,,,,0,,0,0,,,,,,,,,,0,0,,,,0,0,,I,False,2021-08-18 02:17:16.210832+00:00
800,20494,10,FI7-PRD-M123,FI7-PRD-M123,,,FIOMRP3,Portable DVD Player PDP-123,TAN,,,A,0,0,,,,,PC,1.0,1.0,PC,,,,,,,,,,,0,,,,,,,,1,1.0,750.0,EUR,9.0,,,75.0,75.0,,,PC,1.0,1.0,,75.0,KG,,,,0,,0,,,,0,1.0,,,,,,,,100,2017-02-06,MRPUSER,23:49:35,,,,,,,,,,,,,10.0,1.0,PC,,X,2.0,A,,,,,,X,,,,,,,,750.0,750.0,750.0,,,,1.0,,,,,,,,,,,,,1.0,0,0,,,,,,,,,VB0000020494000010,,KSV,10.0,,X,,0,0,,,,,,,A,,,,0,,,,,,,,0,0,,0,0,,,,,,,,,,,10.0,,,,,,,,0,,,,,,,,,,,1.0,,T90CLNT090,,,,,,,,,,,,,,,,,,,,0,,,,2020-01-03,01:01:10,,,0,0,,,,,,,,,,,0,,0,0,,,0,,,,,,,,0,,0,0,,,,,,,,,,0,0,,,,0,0,,L,False,2021-08-18 02:15:43.031469+00:00
800,20498,10,FI7-PRD-M124,FI7-PRD-M124,,,FIOMRP3,Portable DVD Player PDP-124,TAN,,,A,0,0,,,,,PC,1.0,1.0,PC,,,,,,,,,,,0,,,,,,,,1,1.0,750.0,EUR,9.0,,,75.0,75.0,,,PC,1.0,1.0,,75.0,KG,,,,0,,0,,,,0,1.0,,,,,,,,100,2017-02-06,MRPUSER,23:49:37,,,,,,,,,,,,,10.0,1.0,PC,,X,2.0,A,,,,,,X,,,,,,,,750.0,750.0,750.0,,,,1.0,,,,,,,,,,,,,1.0,0,0,,,,,,,,,VB0000020498000010,,KSV,10.0,,X,,0,0,,,,,,,A,,,,0,,,,,,,,0,0,,0,0,,,,,,,,,,,10.0,,,,,,,,0,,,,,,,,,,,1.0,,T90CLNT090,,,,,,,,,,,,,,,,,,,,0,,,,2020-01-03,01:01:10,,,0,0,,,,,,,,,,,0,,0,0,,,0,,,,,,,,0,,0,0,,,,,,,,,,0,0,,,,0,0,,L,False,2021-08-18 02:15:43.031469+00:00
800,20498,10,FI7-PRD-M124,FI7-PRD-M124,,,FIOMRP3,Portable DVD Player PDP-124,TAN,,,A,0,0,,,,,PC,1.0,1.0,PC,,,,,,,,,,,0,,,,,,,,1,1.0,750.0,EUR,9.0,,,75.0,75.0,,,PC,1.0,1.0,,75.0,KG,,,,0,,0,,,,0,1.0,,,,,,,,100,2017-02-06,MRPUSER,23:49:37,,,,,,,,,,,,,10.0,1.0,PC,,X,2.0,A,,,,,,X,,,,,,,,750.0,750.0,750.0,,,,1.0,,,,,,,,,,,,,1.0,0,0,,,,,,,,,VB0000020498000010,,KSV,10.0,,X,,0,0,,,,,,,A,,,,0,,,,,,,,0,0,,0,0,,,,,,,,,,,10.0,,,,,,,,0,,,,,,,,,,,1.0,,T90CLNT090,,,,,,,,,,,,,,,,,,,,0,,,,2020-01-03,01:01:10,,,0,0,,,,,,,,,,,0,,0,0,,,0,,,,,,,,0,,0,0,,,,,,,,,,0,0,,,,0,0,,I,False,2021-08-18 02:17:16.210832+00:00
800,20789,10,FI8-PRD-M121,FI8-PRD-M121,,,FIOMRP3,Portable DVD Player PDP-121,TAN,,,A,0,0,,,,,PC,1.0,1.0,PC,,,,,,,,,,,0,,,,,,,,1,1.0,750.0,EUR,9.0,,,75.0,75.0,,,PC,1.0,1.0,,75.0,KG,,,,0,,0,,,,0,1.0,,,,,,,,100,2017-02-07,MRPUSER,00:03:37,,,,,,,,,,,,,10.0,1.0,PC,,X,2.0,A,,,,,,X,,,,,,,,750.0,750.0,750.0,,,,1.0,,,,,,,,,,,,,1.0,0,0,,,,,,,,,VB0000020789000010,,KSV,10.0,,X,,0,0,,,,,,,A,,,,0,,,,,,,,0,0,,0,0,,,,,,,,,,,10.0,,,,,,,,0,,,,,,,,,,,1.0,,T90CLNT090,,,,,,,,,,,,,,,,,,,,0,,,,2020-01-03,01:01:10,,,0,0,,,,,,,,,,,0,,0,0,,,0,,,,,,,,0,,0,0,,,,,,,,,,0,0,,,,0,0,,I,False,2021-08-18 02:17:16.210832+00:00
800,20789,10,FI8-PRD-M121,FI8-PRD-M121,,,FIOMRP3,Portable DVD Player PDP-121,TAN,,,A,0,0,,,,,PC,1.0,1.0,PC,,,,,,,,,,,0,,,,,,,,1,1.0,750.0,EUR,9.0,,,75.0,75.0,,,PC,1.0,1.0,,75.0,KG,,,,0,,0,,,,0,1.0,,,,,,,,100,2017-02-07,MRPUSER,00:03:37,,,,,,,,,,,,,10.0,1.0,PC,,X,2.0,A,,,,,,X,,,,,,,,750.0,750.0,750.0,,,,1.0,,,,,,,,,,,,,1.0,0,0,,,,,,,,,VB0000020789000010,,KSV,10.0,,X,,0,0,,,,,,,A,,,,0,,,,,,,,0,0,,0,0,,,,,,,,,,,10.0,,,,,,,,0,,,,,,,,,,,1.0,,T90CLNT090,,,,,,,,,,,,,,,,,,,,0,,,,2020-01-03,01:01:10,,,0,0,,,,,,,,,,,0,,0,0,,,0,,,,,,,,0,,0,0,,,,,,,,,,0,0,,,,0,0,,L,False,2021-08-18 02:15:43.031469+00:00
800,20793,10,FI8-PRD-M122,FI8-PRD-M122,,,FIOMRP3,Portable DVD Player PDP-122,TAN,,,A,0,0,,,,,PC,1.0,1.0,PC,,,,,,,,,,,0,,,,,,,,1,1.0,750.0,EUR,9.0,,,75.0,75.0,,,PC,1.0,1.0,,75.0,KG,,,,0,,0,,,,0,1.0,,,,,,,,100,2017-02-07,MRPUSER,00:03:39,,,,,,,,,,,,,10.0,1.0,PC,,X,2.0,A,,,,,,X,,,,,,,,750.0,750.0,750.0,,,,1.0,,,,,,,,,,,,,1.0,0,0,,,,,,,,,VB0000020793000010,,KSV,10.0,,X,,0,0,,,,,,,A,,,,0,,,,,,,,0,0,,0,0,,,,,,,,,,,10.0,,,,,,,,0,,,,,,,,,,,1.0,,T90CLNT090,,,,,,,,,,,,,,,,,,,,0,,,,2020-01-03,01:01:10,,,0,0,,,,,,,,,,,0,,0,0,,,0,,,,,,,,0,,0,0,,,,,,,,,,0,0,,,,0,0,,I,False,2021-08-18 02:17:16.210832+00:00
800,20793,10,FI8-PRD-M122,FI8-PRD-M122,,,FIOMRP3,Portable DVD Player PDP-122,TAN,,,A,0,0,,,,,PC,1.0,1.0,PC,,,,,,,,,,,0,,,,,,,,1,1.0,750.0,EUR,9.0,,,75.0,75.0,,,PC,1.0,1.0,,75.0,KG,,,,0,,0,,,,0,1.0,,,,,,,,100,2017-02-07,MRPUSER,00:03:39,,,,,,,,,,,,,10.0,1.0,PC,,X,2.0,A,,,,,,X,,,,,,,,750.0,750.0,750.0,,,,1.0,,,,,,,,,,,,,1.0,0,0,,,,,,,,,VB0000020793000010,,KSV,10.0,,X,,0,0,,,,,,,A,,,,0,,,,,,,,0,0,,0,0,,,,,,,,,,,10.0,,,,,,,,0,,,,,,,,,,,1.0,,T90CLNT090,,,,,,,,,,,,,,,,,,,,0,,,,2020-01-03,01:01:10,,,0,0,,,,,,,,,,,0,,0,0,,,0,,,,,,,,0,,0,0,,,,,,,,,,0,0,,,,0,0,,L,False,2021-08-18 02:15:43.031469+00:00
800,20797,10,FI8-PRD-M123,FI8-PRD-M123,,,FIOMRP3,Portable DVD Player PDP-123,TAN,,,A,0,0,,,,,PC,1.0,1.0,PC,,,,,,,,,,,0,,,,,,,,1,1.0,750.0,EUR,9.0,,,75.0,75.0,,,PC,1.0,1.0,,75.0,KG,,,,0,,0,,,,0,1.0,,,,,,,,100,2017-02-07,MRPUSER,00:03:41,,,,,,,,,,,,,10.0,1.0,PC,,X,2.0,A,,,,,,X,,,,,,,,750.0,750.0,750.0,,,,1.0,,,,,,,,,,,,,1.0,0,0,,,,,,,,,VB0000020797000010,,KSV,10.0,,X,,0,0,,,,,,,A,,,,0,,,,,,,,0,0,,0,0,,,,,,,,,,,10.0,,,,,,,,0,,,,,,,,,,,1.0,,T90CLNT090,,,,,,,,,,,,,,,,,,,,0,,,,2020-01-03,01:01:10,,,0,0,,,,,,,,,,,0,,0,0,,,0,,,,,,,,0,,0,0,,,,,,,,,,0,0,,,,0,0,,I,False,2021-08-18 02:17:16.210832+00:00
800,20797,10,FI8-PRD-M123,FI8-PRD-M123,,,FIOMRP3,Portable DVD Player PDP-123,TAN,,,A,0,0,,,,,PC,1.0,1.0,PC,,,,,,,,,,,0,,,,,,,,1,1.0,750.0,EUR,9.0,,,75.0,75.0,,,PC,1.0,1.0,,75.0,KG,,,,0,,0,,,,0,1.0,,,,,,,,100,2017-02-07,MRPUSER,00:03:41,,,,,,,,,,,,,10.0,1.0,PC,,X,2.0,A,,,,,,X,,,,,,,,750.0,750.0,750.0,,,,1.0,,,,,,,,,,,,,1.0,0,0,,,,,,,,,VB0000020797000010,,KSV,10.0,,X,,0,0,,,,,,,A,,,,0,,,,,,,,0,0,,0,0,,,,,,,,,,,10.0,,,,,,,,0,,,,,,,,,,,1.0,,T90CLNT090,,,,,,,,,,,,,,,,,,,,0,,,,2020-01-03,01:01:10,,,0,0,,,,,,,,,,,0,,0,0,,,0,,,,,,,,0,,0,0,,,,,,,,,,0,0,,,,0,0,,L,False,2021-08-18 02:15:43.031469+00:00
800,20801,10,FI8-PRD-M124,FI8-PRD-M124,,,FIOMRP3,Portable DVD Player PDP-124,TAN,,,A,0,0,,,,,PC,1.0,1.0,PC,,,,,,,,,,,0,,,,,,,,1,1.0,750.0,EUR,9.0,,,75.0,75.0,,,PC,1.0,1.0,,75.0,KG,,,,0,,0,,,,0,1.0,,,,,,,,100,2017-02-07,MRPUSER,00:03:43,,,,,,,,,,,,,10.0,1.0,PC,,X,2.0,A,,,,,,X,,,,,,,,750.0,750.0,750.0,,,,1.0,,,,,,,,,,,,,1.0,0,0,,,,,,,,,VB0000020801000010,,KSV,10.0,,X,,0,0,,,,,,,A,,,,0,,,,,,,,0,0,,0,0,,,,,,,,,,,10.0,,,,,,,,0,,,,,,,,,,,1.0,,T90CLNT090,,,,,,,,,,,,,,,,,,,,0,,,,2020-01-03,01:01:10,,,0,0,,,,,,,,,,,0,,0,0,,,0,,,,,,,,0,,0,0,,,,,,,,,,0,0,,,,0,0,,I,False,2021-08-18 02:17:16.210832+00:00
800,20801,10,FI8-PRD-M124,FI8-PRD-M124,,,FIOMRP3,Portable DVD Player PDP-124,TAN,,,A,0,0,,,,,PC,1.0,1.0,PC,,,,,,,,,,,0,,,,,,,,1,1.0,750.0,EUR,9.0,,,75.0,75.0,,,PC,1.0,1.0,,75.0,KG,,,,0,,0,,,,0,1.0,,,,,,,,100,2017-02-07,MRPUSER,00:03:43,,,,,,,,,,,,,10.0,1.0,PC,,X,2.0,A,,,,,,X,,,,,,,,750.0,750.0,750.0,,,,1.0,,,,,,,,,,,,,1.0,0,0,,,,,,,,,VB0000020801000010,,KSV,10.0,,X,,0,0,,,,,,,A,,,,0,,,,,,,,0,0,,0,0,,,,,,,,,,,10.0,,,,,,,,0,,,,,,,,,,,1.0,,T90CLNT090,,,,,,,,,,,,,,,,,,,,0,,,,2020-01-03,01:01:10,,,0,0,,,,,,,,,,,0,,0,0,,,0,,,,,,,,0,,0,0,,,,,,,,,,0,0,,,,0,0,,L,False,2021-08-18 02:15:43.031469+00:00
800,21092,10,FI9-PRD-M121,FI9-PRD-M121,,,FIOMRP3,Portable DVD Player PDP-121,TAN,,,A,0,0,,,,,PC,1.0,1.0,PC,,,,,,,,,,,0,,,,,,,,1,1.0,750.0,EUR,9.0,,,75.0,75.0,,,PC,1.0,1.0,,75.0,KG,,,,0,,0,,,,0,1.0,,,,,,,,100,2017-02-07,MRPUSER,00:17:21,,,,,,,,,,,,,10.0,1.0,PC,,X,2.0,A,,,,,,X,,,,,,,,750.0,750.0,750.0,,,,1.0,,,,,,,,,,,,,1.0,0,0,,,,,,,,,VB0000021092000010,,KSV,10.0,,X,,0,0,,,,,,,A,,,,0,,,,,,,,0,0,,0,0,,,,,,,,,,,10.0,,,,,,,,0,,,,,,,,,,,1.0,,T90CLNT090,,,,,,,,,,,,,,,,,,,,0,,,,2020-01-03,01:01:10,,,0,0,,,,,,,,,,,0,,0,0,,,0,,,,,,,,0,,0,0,,,,,,,,,,0,0,,,,0,0,,L,False,2021-08-18 02:15:43.031469+00:00
800,21092,10,FI9-PRD-M121,FI9-PRD-M121,,,FIOMRP3,Portable DVD Player PDP-121,TAN,,,A,0,0,,,,,PC,1.0,1.0,PC,,,,,,,,,,,0,,,,,,,,1,1.0,750.0,EUR,9.0,,,75.0,75.0,,,PC,1.0,1.0,,75.0,KG,,,,0,,0,,,,0,1.0,,,,,,,,100,2017-02-07,MRPUSER,00:17:21,,,,,,,,,,,,,10.0,1.0,PC,,X,2.0,A,,,,,,X,,,,,,,,750.0,750.0,750.0,,,,1.0,,,,,,,,,,,,,1.0,0,0,,,,,,,,,VB0000021092000010,,KSV,10.0,,X,,0,0,,,,,,,A,,,,0,,,,,,,,0,0,,0,0,,,,,,,,,,,10.0,,,,,,,,0,,,,,,,,,,,1.0,,T90CLNT090,,,,,,,,,,,,,,,,,,,,0,,,,2020-01-03,01:01:10,,,0,0,,,,,,,,,,,0,,0,0,,,0,,,,,,,,0,,0,0,,,,,,,,,,0,0,,,,0,0,,I,False,2021-08-18 02:17:16.210832+00:00
800,21096,10,FI9-PRD-M122,FI9-PRD-M122,,,FIOMRP3,Portable DVD Player PDP-122,TAN,,,A,0,0,,,,,PC,1.0,1.0,PC,,,,,,,,,,,0,,,,,,,,1,1.0,750.0,EUR,9.0,,,75.0,75.0,,,PC,1.0,1.0,,75.0,KG,,,,0,,0,,,,0,1.0,,,,,,,,100,2017-02-07,MRPUSER,00:17:24,,,,,,,,,,,,,10.0,1.0,PC,,X,2.0,A,,,,,,X,,,,,,,,750.0,750.0,750.0,,,,1.0,,,,,,,,,,,,,1.0,0,0,,,,,,,,,VB0000021096000010,,KSV,10.0,,X,,0,0,,,,,,,A,,,,0,,,,,,,,0,0,,0,0,,,,,,,,,,,10.0,,,,,,,,0,,,,,,,,,,,1.0,,T90CLNT090,,,,,,,,,,,,,,,,,,,,0,,,,2020-01-03,01:01:10,,,0,0,,,,,,,,,,,0,,0,0,,,0,,,,,,,,0,,0,0,,,,,,,,,,0,0,,,,0,0,,I,False,2021-08-18 02:17:16.210832+00:00
800,21096,10,FI9-PRD-M122,FI9-PRD-M122,,,FIOMRP3,Portable DVD Player PDP-122,TAN,,,A,0,0,,,,,PC,1.0,1.0,PC,,,,,,,,,,,0,,,,,,,,1,1.0,750.0,EUR,9.0,,,75.0,75.0,,,PC,1.0,1.0,,75.0,KG,,,,0,,0,,,,0,1.0,,,,,,,,100,2017-02-07,MRPUSER,00:17:24,,,,,,,,,,,,,10.0,1.0,PC,,X,2.0,A,,,,,,X,,,,,,,,750.0,750.0,750.0,,,,1.0,,,,,,,,,,,,,1.0,0,0,,,,,,,,,VB0000021096000010,,KSV,10.0,,X,,0,0,,,,,,,A,,,,0,,,,,,,,0,0,,0,0,,,,,,,,,,,10.0,,,,,,,,0,,,,,,,,,,,1.0,,T90CLNT090,,,,,,,,,,,,,,,,,,,,0,,,,2020-01-03,01:01:10,,,0,0,,,,,,,,,,,0,,0,0,,,0,,,,,,,,0,,0,0,,,,,,,,,,0,0,,,,0,0,,L,False,2021-08-18 02:15:43.031469+00:00
800,21100,10,FI9-PRD-M123,FI9-PRD-M123,,,FIOMRP3,Portable DVD Player PDP-123,TAN,,,A,0,0,,,,,PC,1.0,1.0,PC,,,,,,,,,,,0,,,,,,,,1,1.0,750.0,EUR,9.0,,,75.0,75.0,,,PC,1.0,1.0,,75.0,KG,,,,0,,0,,,,0,1.0,,,,,,,,100,2017-02-07,MRPUSER,00:17:27,,,,,,,,,,,,,10.0,1.0,PC,,X,2.0,A,,,,,,X,,,,,,,,750.0,750.0,750.0,,,,1.0,,,,,,,,,,,,,1.0,0,0,,,,,,,,,VB0000021100000010,,KSV,10.0,,X,,0,0,,,,,,,A,,,,0,,,,,,,,0,0,,0,0,,,,,,,,,,,10.0,,,,,,,,0,,,,,,,,,,,1.0,,T90CLNT090,,,,,,,,,,,,,,,,,,,,0,,,,2020-01-03,01:01:10,,,0,0,,,,,,,,,,,0,,0,0,,,0,,,,,,,,0,,0,0,,,,,,,,,,0,0,,,,0,0,,I,False,2021-08-18 02:17:16.210832+00:00
800,21100,10,FI9-PRD-M123,FI9-PRD-M123,,,FIOMRP3,Portable DVD Player PDP-123,TAN,,,A,0,0,,,,,PC,1.0,1.0,PC,,,,,,,,,,,0,,,,,,,,1,1.0,750.0,EUR,9.0,,,75.0,75.0,,,PC,1.0,1.0,,75.0,KG,,,,0,,0,,,,0,1.0,,,,,,,,100,2017-02-07,MRPUSER,00:17:27,,,,,,,,,,,,,10.0,1.0,PC,,X,2.0,A,,,,,,X,,,,,,,,750.0,750.0,750.0,,,,1.0,,,,,,,,,,,,,1.0,0,0,,,,,,,,,VB0000021100000010,,KSV,10.0,,X,,0,0,,,,,,,A,,,,0,,,,,,,,0,0,,0,0,,,,,,,,,,,10.0,,,,,,,,0,,,,,,,,,,,1.0,,T90CLNT090,,,,,,,,,,,,,,,,,,,,0,,,,2020-01-03,01:01:10,,,0,0,,,,,,,,,,,0,,0,0,,,0,,,,,,,,0,,0,0,,,,,,,,,,0,0,,,,0,0,,L,False,2021-08-18 02:15:43.031469+00:00
800,21104,10,FI9-PRD-M124,FI9-PRD-M124,,,FIOMRP3,Portable DVD Player PDP-124,TAN,,,A,0,0,,,,,PC,1.0,1.0,PC,,,,,,,,,,,0,,,,,,,,1,1.0,750.0,EUR,9.0,,,75.0,75.0,,,PC,1.0,1.0,,75.0,KG,,,,0,,0,,,,0,1.0,,,,,,,,100,2017-02-07,MRPUSER,00:17:29,,,,,,,,,,,,,10.0,1.0,PC,,X,2.0,A,,,,,,X,,,,,,,,750.0,750.0,750.0,,,,1.0,,,,,,,,,,,,,1.0,0,0,,,,,,,,,VB0000021104000010,,KSV,10.0,,X,,0,0,,,,,,,A,,,,0,,,,,,,,0,0,,0,0,,,,,,,,,,,10.0,,,,,,,,0,,,,,,,,,,,1.0,,T90CLNT090,,,,,,,,,,,,,,,,,,,,0,,,,2020-01-03,01:01:10,,,0,0,,,,,,,,,,,0,,0,0,,,0,,,,,,,,0,,0,0,,,,,,,,,,0,0,,,,0,0,,I,False,2021-08-18 02:17:16.210832+00:00
800,21104,10,FI9-PRD-M124,FI9-PRD-M124,,,FIOMRP3,Portable DVD Player PDP-124,TAN,,,A,0,0,,,,,PC,1.0,1.0,PC,,,,,,,,,,,0,,,,,,,,1,1.0,750.0,EUR,9.0,,,75.0,75.0,,,PC,1.0,1.0,,75.0,KG,,,,0,,0,,,,0,1.0,,,,,,,,100,2017-02-07,MRPUSER,00:17:29,,,,,,,,,,,,,10.0,1.0,PC,,X,2.0,A,,,,,,X,,,,,,,,750.0,750.0,750.0,,,,1.0,,,,,,,,,,,,,1.0,0,0,,,,,,,,,VB0000021104000010,,KSV,10.0,,X,,0,0,,,,,,,A,,,,0,,,,,,,,0,0,,0,0,,,,,,,,,,,10.0,,,,,,,,0,,,,,,,,,,,1.0,,T90CLNT090,,,,,,,,,,,,,,,,,,,,0,,,,2020-01-03,01:01:10,,,0,0,,,,,,,,,,,0,,0,0,,,0,,,,,,,,0,,0,0,,,,,,,,,,0,0,,,,0,0,,L,False,2021-08-18 02:15:43.031469+00:00
800,21395,10,FIO-PRD-M121,FIO-PRD-M121,,,FIOMRP3,Portable DVD Player PDP-121,TAN,,,A,0,0,,,,,PC,1.0,1.0,PC,,,,,,,,,,,0,,,,,,,,1,1.0,750.0,EUR,9.0,,,75.0,75.0,,,PC,1.0,1.0,,75.0,KG,,,,0,,0,,,,0,1.0,,,,,,,,100,2017-02-07,MRPUSER,00:31:24,,,,,,,,,,,,,10.0,1.0,PC,,X,2.0,A,,,,,,X,,,,,,,,750.0,750.0,750.0,,,,1.0,,,,,,,,,,,,,1.0,0,0,,,,,,,,,VB0000021395000010,,KSV,10.0,,X,,0,0,,,,,,,A,,,,0,,,,,,,,0,0,,0,0,,,,,,,,,,,10.0,,,,,,,,0,,,,,,,,,,,1.0,,T90CLNT090,,,,,,,,,,,,,,,,,,,,0,,,,2020-01-03,01:01:10,,,0,0,,,,,,,,,,,0,,0,0,,,0,,,,,,,,0,,0,0,,,,,,,,,,0,0,,,,0,0,,I,False,2021-08-18 02:17:16.210832+00:00
800,21395,10,FIO-PRD-M121,FIO-PRD-M121,,,FIOMRP3,Portable DVD Player PDP-121,TAN,,,A,0,0,,,,,PC,1.0,1.0,PC,,,,,,,,,,,0,,,,,,,,1,1.0,750.0,EUR,9.0,,,75.0,75.0,,,PC,1.0,1.0,,75.0,KG,,,,0,,0,,,,0,1.0,,,,,,,,100,2017-02-07,MRPUSER,00:31:24,,,,,,,,,,,,,10.0,1.0,PC,,X,2.0,A,,,,,,X,,,,,,,,750.0,750.0,750.0,,,,1.0,,,,,,,,,,,,,1.0,0,0,,,,,,,,,VB0000021395000010,,KSV,10.0,,X,,0,0,,,,,,,A,,,,0,,,,,,,,0,0,,0,0,,,,,,,,,,,10.0,,,,,,,,0,,,,,,,,,,,1.0,,T90CLNT090,,,,,,,,,,,,,,,,,,,,0,,,,2020-01-03,01:01:10,,,0,0,,,,,,,,,,,0,,0,0,,,0,,,,,,,,0,,0,0,,,,,,,,,,0,0,,,,0,0,,L,False,2021-08-18 02:15:43.031469+00:00
800,21399,10,FIO-PRD-M122,FIO-PRD-M122,,,FIOMRP3,Portable DVD Player PDP-122,TAN,,,A,0,0,,,,,PC,1.0,1.0,PC,,,,,,,,,,,0,,,,,,,,1,1.0,750.0,EUR,9.0,,,75.0,75.0,,,PC,1.0,1.0,,75.0,KG,,,,0,,0,,,,0,1.0,,,,,,,,100,2017-02-07,MRPUSER,00:31:27,,,,,,,,,,,,,10.0,1.0,PC,,X,2.0,A,,,,,,X,,,,,,,,750.0,750.0,750.0,,,,1.0,,,,,,,,,,,,,1.0,0,0,,,,,,,,,VB0000021399000010,,KSV,10.0,,X,,0,0,,,,,,,A,,,,0,,,,,,,,0,0,,0,0,,,,,,,,,,,10.0,,,,,,,,0,,,,,,,,,,,1.0,,T90CLNT090,,,,,,,,,,,,,,,,,,,,0,,,,2020-01-03,01:01:10,,,0,0,,,,,,,,,,,0,,0,0,,,0,,,,,,,,0,,0,0,,,,,,,,,,0,0,,,,0,0,,I,False,2021-08-18 02:17:16.210832+00:00
800,21399,10,FIO-PRD-M122,FIO-PRD-M122,,,FIOMRP3,Portable DVD Player PDP-122,TAN,,,A,0,0,,,,,PC,1.0,1.0,PC,,,,,,,,,,,0,,,,,,,,1,1.0,750.0,EUR,9.0,,,75.0,75.0,,,PC,1.0,1.0,,75.0,KG,,,,0,,0,,,,0,1.0,,,,,,,,100,2017-02-07,MRPUSER,00:31:27,,,,,,,,,,,,,10.0,1.0,PC,,X,2.0,A,,,,,,X,,,,,,,,750.0,750.0,750.0,,,,1.0,,,,,,,,,,,,,1.0,0,0,,,,,,,,,VB0000021399000010,,KSV,10.0,,X,,0,0,,,,,,,A,,,,0,,,,,,,,0,0,,0,0,,,,,,,,,,,10.0,,,,,,,,0,,,,,,,,,,,1.0,,T90CLNT090,,,,,,,,,,,,,,,,,,,,0,,,,2020-01-03,01:01:10,,,0,0,,,,,,,,,,,0,,0,0,,,0,,,,,,,,0,,0,0,,,,,,,,,,0,0,,,,0,0,,L,False,2021-08-18 02:15:43.031469+00:00
800,21403,10,FIO-PRD-M123,FIO-PRD-M123,,,FIOMRP3,Portable DVD Player PDP-123,TAN,,,A,0,0,,,,,PC,1.0,1.0,PC,,,,,,,,,,,0,,,,,,,,1,1.0,750.0,EUR,9.0,,,75.0,75.0,,,PC,1.0,1.0,,75.0,KG,,,,0,,0,,,,0,1.0,,,,,,,,100,2017-02-07,MRPUSER,00:31:29,,,,,,,,,,,,,10.0,1.0,PC,,X,2.0,A,,,,,,X,,,,,,,,750.0,750.0,750.0,,,,1.0,,,,,,,,,,,,,1.0,0,0,,,,,,,,,VB0000021403000010,,KSV,10.0,,X,,0,0,,,,,,,A,,,,0,,,,,,,,0,0,,0,0,,,,,,,,,,,10.0,,,,,,,,0,,,,,,,,,,,1.0,,T90CLNT090,,,,,,,,,,,,,,,,,,,,0,,,,2020-01-03,01:01:10,,,0,0,,,,,,,,,,,0,,0,0,,,0,,,,,,,,0,,0,0,,,,,,,,,,0,0,,,,0,0,,L,False,2021-08-18 02:15:43.031469+00:00
800,21403,10,FIO-PRD-M123,FIO-PRD-M123,,,FIOMRP3,Portable DVD Player PDP-123,TAN,,,A,0,0,,,,,PC,1.0,1.0,PC,,,,,,,,,,,0,,,,,,,,1,1.0,750.0,EUR,9.0,,,75.0,75.0,,,PC,1.0,1.0,,75.0,KG,,,,0,,0,,,,0,1.0,,,,,,,,100,2017-02-07,MRPUSER,00:31:29,,,,,,,,,,,,,10.0,1.0,PC,,X,2.0,A,,,,,,X,,,,,,,,750.0,750.0,750.0,,,,1.0,,,,,,,,,,,,,1.0,0,0,,,,,,,,,VB0000021403000010,,KSV,10.0,,X,,0,0,,,,,,,A,,,,0,,,,,,,,0,0,,0,0,,,,,,,,,,,10.0,,,,,,,,0,,,,,,,,,,,1.0,,T90CLNT090,,,,,,,,,,,,,,,,,,,,0,,,,2020-01-03,01:01:10,,,0,0,,,,,,,,,,,0,,0,0,,,0,,,,,,,,0,,0,0,,,,,,,,,,0,0,,,,0,0,,I,False,2021-08-18 02:17:16.210832+00:00
800,21407,10,FIO-PRD-M124,FIO-PRD-M124,,,FIOMRP3,Portable DVD Player PDP-124,TAN,,,A,0,0,,,,,PC,1.0,1.0,PC,,,,,,,,,,,0,,,,,,,,1,1.0,750.0,EUR,9.0,,,75.0,75.0,,,PC,1.0,1.0,,75.0,KG,,,,0,,0,,,,0,1.0,,,,,,,,100,2017-02-07,MRPUSER,00:31:33,,,,,,,,,,,,,10.0,1.0,PC,,X,2.0,A,,,,,,X,,,,,,,,750.0,750.0,750.0,,,,1.0,,,,,,,,,,,,,1.0,0,0,,,,,,,,,VB0000021407000010,,KSV,10.0,,X,,0,0,,,,,,,A,,,,0,,,,,,,,0,0,,0,0,,,,,,,,,,,10.0,,,,,,,,0,,,,,,,,,,,1.0,,T90CLNT090,,,,,,,,,,,,,,,,,,,,0,,,,2020-01-03,01:01:10,,,0,0,,,,,,,,,,,0,,0,0,,,0,,,,,,,,0,,0,0,,,,,,,,,,0,0,,,,0,0,,L,False,2021-08-18 02:15:43.031469+00:00
800,21407,10,FIO-PRD-M124,FIO-PRD-M124,,,FIOMRP3,Portable DVD Player PDP-124,TAN,,,A,0,0,,,,,PC,1.0,1.0,PC,,,,,,,,,,,0,,,,,,,,1,1.0,750.0,EUR,9.0,,,75.0,75.0,,,PC,1.0,1.0,,75.0,KG,,,,0,,0,,,,0,1.0,,,,,,,,100,2017-02-07,MRPUSER,00:31:33,,,,,,,,,,,,,10.0,1.0,PC,,X,2.0,A,,,,,,X,,,,,,,,750.0,750.0,750.0,,,,1.0,,,,,,,,,,,,,1.0,0,0,,,,,,,,,VB0000021407000010,,KSV,10.0,,X,,0,0,,,,,,,A,,,,0,,,,,,,,0,0,,0,0,,,,,,,,,,,10.0,,,,,,,,0,,,,,,,,,,,1.0,,T90CLNT090,,,,,,,,,,,,,,,,,,,,0,,,,2020-01-03,01:01:10,,,0,0,,,,,,,,,,,0,,0,0,,,0,,,,,,,,0,,0,0,,,,,,,,,,0,0,,,,0,0,,I,False,2021-08-18 02:17:16.210832+00:00
800,21698,10,MRP-PRD-M121,MRP-PRD-M121,,,FIOMRP3,Portable DVD Player PDP-121,TAN,,,A,0,0,,,,,PC,1.0,1.0,PC,,,,,,,,,,,0,,,,,,,,1,1.0,750.0,EUR,9.0,,,75.0,75.0,,,PC,1.0,1.0,,75.0,KG,,,,0,,0,,,,0,1.0,,,,,,,,100,2017-02-07,MRPUSER,00:44:58,,,,,,,,,,,,,10.0,1.0,PC,,X,2.0,A,,,,,,X,,,,,,,,750.0,750.0,750.0,,,,1.0,,,,,,,,,,,,,1.0,0,0,,,,,,,,,VB0000021698000010,,KSV,10.0,,X,,0,0,,,,,,,A,,,,0,,,,,,,,0,0,,0,0,,,,,,,,,,,10.0,,,,,,,,0,,,,,,,,,,,1.0,,T90CLNT090,,,,,,,,,,,,,,,,,,,,0,,,,2020-01-03,01:01:10,,,0,0,,,,,,,,,,,0,,0,0,,,0,,,,,,,,0,,0,0,,,,,,,,,,0,0,,,,0,0,,L,False,2021-08-18 02:15:43.031469+00:00
800,21698,10,MRP-PRD-M121,MRP-PRD-M121,,,FIOMRP3,Portable DVD Player PDP-121,TAN,,,A,0,0,,,,,PC,1.0,1.0,PC,,,,,,,,,,,0,,,,,,,,1,1.0,750.0,EUR,9.0,,,75.0,75.0,,,PC,1.0,1.0,,75.0,KG,,,,0,,0,,,,0,1.0,,,,,,,,100,2017-02-07,MRPUSER,00:44:58,,,,,,,,,,,,,10.0,1.0,PC,,X,2.0,A,,,,,,X,,,,,,,,750.0,750.0,750.0,,,,1.0,,,,,,,,,,,,,1.0,0,0,,,,,,,,,VB0000021698000010,,KSV,10.0,,X,,0,0,,,,,,,A,,,,0,,,,,,,,0,0,,0,0,,,,,,,,,,,10.0,,,,,,,,0,,,,,,,,,,,1.0,,T90CLNT090,,,,,,,,,,,,,,,,,,,,0,,,,2020-01-03,01:01:10,,,0,0,,,,,,,,,,,0,,0,0,,,0,,,,,,,,0,,0,0,,,,,,,,,,0,0,,,,0,0,,I,False,2021-08-18 02:17:16.210832+00:00
800,21702,10,MRP-PRD-M122,MRP-PRD-M122,,,FIOMRP3,Portable DVD Player PDP-122,TAN,,,A,0,0,,,,,PC,1.0,1.0,PC,,,,,,,,,,,0,,,,,,,,1,1.0,750.0,EUR,9.0,,,75.0,75.0,,,PC,1.0,1.0,,75.0,KG,,,,0,,0,,,,0,1.0,,,,,,,,100,2017-02-07,MRPUSER,00:45:01,,,,,,,,,,,,,10.0,1.0,PC,,X,2.0,A,,,,,,X,,,,,,,,750.0,750.0,750.0,,,,1.0,,,,,,,,,,,,,1.0,0,0,,,,,,,,,VB0000021702000010,,KSV,10.0,,X,,0,0,,,,,,,A,,,,0,,,,,,,,0,0,,0,0,,,,,,,,,,,10.0,,,,,,,,0,,,,,,,,,,,1.0,,T90CLNT090,,,,,,,,,,,,,,,,,,,,0,,,,2020-01-03,01:01:10,,,0,0,,,,,,,,,,,0,,0,0,,,0,,,,,,,,0,,0,0,,,,,,,,,,0,0,,,,0,0,,L,False,2021-08-18 02:15:43.031469+00:00
800,21702,10,MRP-PRD-M122,MRP-PRD-M122,,,FIOMRP3,Portable DVD Player PDP-122,TAN,,,A,0,0,,,,,PC,1.0,1.0,PC,,,,,,,,,,,0,,,,,,,,1,1.0,750.0,EUR,9.0,,,75.0,75.0,,,PC,1.0,1.0,,75.0,KG,,,,0,,0,,,,0,1.0,,,,,,,,100,2017-02-07,MRPUSER,00:45:01,,,,,,,,,,,,,10.0,1.0,PC,,X,2.0,A,,,,,,X,,,,,,,,750.0,750.0,750.0,,,,1.0,,,,,,,,,,,,,1.0,0,0,,,,,,,,,VB0000021702000010,,KSV,10.0,,X,,0,0,,,,,,,A,,,,0,,,,,,,,0,0,,0,0,,,,,,,,,,,10.0,,,,,,,,0,,,,,,,,,,,1.0,,T90CLNT090,,,,,,,,,,,,,,,,,,,,0,,,,2020-01-03,01:01:10,,,0,0,,,,,,,,,,,0,,0,0,,,0,,,,,,,,0,,0,0,,,,,,,,,,0,0,,,,0,0,,I,False,2021-08-18 02:17:16.210832+00:00
800,21706,10,MRP-PRD-M123,MRP-PRD-M123,,,FIOMRP3,Portable DVD Player PDP-123,TAN,,,A,0,0,,,,,PC,1.0,1.0,PC,,,,,,,,,,,0,,,,,,,,1,1.0,750.0,EUR,9.0,,,75.0,75.0,,,PC,1.0,1.0,,75.0,KG,,,,0,,0,,,,0,1.0,,,,,,,,100,2017-02-07,MRPUSER,00:45:03,,,,,,,,,,,,,10.0,1.0,PC,,X,2.0,A,,,,,,X,,,,,,,,750.0,750.0,750.0,,,,1.0,,,,,,,,,,,,,1.0,0,0,,,,,,,,,VB0000021706000010,,KSV,10.0,,X,,0,0,,,,,,,A,,,,0,,,,,,,,0,0,,0,0,,,,,,,,,,,10.0,,,,,,,,0,,,,,,,,,,,1.0,,T90CLNT090,,,,,,,,,,,,,,,,,,,,0,,,,2020-01-03,01:01:10,,,0,0,,,,,,,,,,,0,,0,0,,,0,,,,,,,,0,,0,0,,,,,,,,,,0,0,,,,0,0,,L,False,2021-08-18 02:15:43.031469+00:00
800,21706,10,MRP-PRD-M123,MRP-PRD-M123,,,FIOMRP3,Portable DVD Player PDP-123,TAN,,,A,0,0,,,,,PC,1.0,1.0,PC,,,,,,,,,,,0,,,,,,,,1,1.0,750.0,EUR,9.0,,,75.0,75.0,,,PC,1.0,1.0,,75.0,KG,,,,0,,0,,,,0,1.0,,,,,,,,100,2017-02-07,MRPUSER,00:45:03,,,,,,,,,,,,,10.0,1.0,PC,,X,2.0,A,,,,,,X,,,,,,,,750.0,750.0,750.0,,,,1.0,,,,,,,,,,,,,1.0,0,0,,,,,,,,,VB0000021706000010,,KSV,10.0,,X,,0,0,,,,,,,A,,,,0,,,,,,,,0,0,,0,0,,,,,,,,,,,10.0,,,,,,,,0,,,,,,,,,,,1.0,,T90CLNT090,,,,,,,,,,,,,,,,,,,,0,,,,2020-01-03,01:01:10,,,0,0,,,,,,,,,,,0,,0,0,,,0,,,,,,,,0,,0,0,,,,,,,,,,0,0,,,,0,0,,I,False,2021-08-18 02:17:16.210832+00:00
800,21710,10,MRP-PRD-M124,MRP-PRD-M124,,,FIOMRP3,Portable DVD Player PDP-124,TAN,,,A,0,0,,,,,PC,1.0,1.0,PC,,,,,,,,,,,0,,,,,,,,1,1.0,750.0,EUR,9.0,,,75.0,75.0,,,PC,1.0,1.0,,75.0,KG,,,,0,,0,,,,0,1.0,,,,,,,,100,2017-02-07,MRPUSER,00:45:07,,,,,,,,,,,,,10.0,1.0,PC,,X,2.0,A,,,,,,X,,,,,,,,750.0,750.0,750.0,,,,1.0,,,,,,,,,,,,,1.0,0,0,,,,,,,,,VB0000021710000010,,KSV,10.0,,X,,0,0,,,,,,,A,,,,0,,,,,,,,0,0,,0,0,,,,,,,,,,,10.0,,,,,,,,0,,,,,,,,,,,1.0,,T90CLNT090,,,,,,,,,,,,,,,,,,,,0,,,,2020-01-03,01:01:10,,,0,0,,,,,,,,,,,0,,0,0,,,0,,,,,,,,0,,0,0,,,,,,,,,,0,0,,,,0,0,,I,False,2021-08-18 02:17:16.210832+00:00
800,21710,10,MRP-PRD-M124,MRP-PRD-M124,,,FIOMRP3,Portable DVD Player PDP-124,TAN,,,A,0,0,,,,,PC,1.0,1.0,PC,,,,,,,,,,,0,,,,,,,,1,1.0,750.0,EUR,9.0,,,75.0,75.0,,,PC,1.0,1.0,,75.0,KG,,,,0,,0,,,,0,1.0,,,,,,,,100,2017-02-07,MRPUSER,00:45:07,,,,,,,,,,,,,10.0,1.0,PC,,X,2.0,A,,,,,,X,,,,,,,,750.0,750.0,750.0,,,,1.0,,,,,,,,,,,,,1.0,0,0,,,,,,,,,VB0000021710000010,,KSV,10.0,,X,,0,0,,,,,,,A,,,,0,,,,,,,,0,0,,0,0,,,,,,,,,,,10.0,,,,,,,,0,,,,,,,,,,,1.0,,T90CLNT090,,,,,,,,,,,,,,,,,,,,0,,,,2020-01-03,01:01:10,,,0,0,,,,,,,,,,,0,,0,0,,,0,,,,,,,,0,,0,0,,,,,,,,,,0,0,,,,0,0,,L,False,2021-08-18 02:15:43.031469+00:00
800,18654,10,FI1-NAV-001001,FI1-NAV-001001,,,FIOMRP5,USB Charger 230V,TAN,,,A,0,0,,,,,PC,1.0,1.0,PC,,,,,,,,,,,0,,,,,,,,1,1.0,2300.0,EUR,9.0,,,230.0,230.0,230.0,230.0,PC,1.0,1.0,,230.0,KG,,,,0,,0,,,,0,1.0,,,,,,,,100,2017-02-06,MRPUSER,22:25:29,,,,,,,,,,,,,10.0,1.0,PC,,X,2.0,A,,,,,,X,,,,,,,,2300.0,2300.0,2300.0,,,,1.0,,,,,,,,,,,,,1.0,0,0,,,,,,,,,VB0000018654000010,,KSV,10.0,,X,,0,0,,,,,,,A,,,,0,,,,,,,,0,0,,0,0,,,,,,,,,,,10.0,,,,,,,,0,,,,,,,,,,,1.0,,T90CLNT090,,,,,,,,,,,,,,,,,,,,0,,,,2020-01-03,01:01:10,,,0,0,,,,,,,,,,,0,,0,0,,,0,,,,,,,,0,,0,0,,,,,,,,,,0,0,,,,0,0,,L,False,2021-08-18 02:15:43.031469+00:00
800,18653,10,FI1-NAV-001001,FI1-NAV-001001,,,FIOMRP5,USB Charger 230V,TAN,,,A,0,0,,,,,PC,1.0,1.0,PC,,,,,,,,,,,0,,,,,,,,1,1.0,650.0,EUR,9.0,,,65.0,65.0,65.0,65.0,PC,1.0,1.0,,65.0,KG,,,,0,,0,,,,0,1.0,,,,,,,,100,2017-02-06,MRPUSER,22:25:28,,,,,,,,,,,,,10.0,1.0,PC,,X,2.0,A,,,,,,X,,,,,,,,650.0,650.0,650.0,,,,1.0,,,,,,,,,,,,,1.0,0,0,,,,,,,,,VB0000018653000010,,KSV,10.0,,X,,0,0,,,,,,,A,,,,0,,,,,,,,0,0,,0,0,,,,,,,,,,,10.0,,,,,,,,0,,,,,,,,,,,1.0,,T90CLNT090,,,,,,,,,,,,,,,,,,,,0,,,,2020-01-03,01:01:10,,,0,0,,,,,,,,,,,0,,0,0,,,0,,,,,,,,0,,0,0,,,,,,,,,,0,0,,,,0,0,,I,False,2021-08-18 02:17:16.210832+00:00
800,18654,10,FI1-NAV-001001,FI1-NAV-001001,,,FIOMRP5,USB Charger 230V,TAN,,,A,0,0,,,,,PC,1.0,1.0,PC,,,,,,,,,,,0,,,,,,,,1,1.0,2300.0,EUR,9.0,,,230.0,230.0,230.0,230.0,PC,1.0,1.0,,230.0,KG,,,,0,,0,,,,0,1.0,,,,,,,,100,2017-02-06,MRPUSER,22:25:29,,,,,,,,,,,,,10.0,1.0,PC,,X,2.0,A,,,,,,X,,,,,,,,2300.0,2300.0,2300.0,,,,1.0,,,,,,,,,,,,,1.0,0,0,,,,,,,,,VB0000018654000010,,KSV,10.0,,X,,0,0,,,,,,,A,,,,0,,,,,,,,0,0,,0,0,,,,,,,,,,,10.0,,,,,,,,0,,,,,,,,,,,1.0,,T90CLNT090,,,,,,,,,,,,,,,,,,,,0,,,,2020-01-03,01:01:10,,,0,0,,,,,,,,,,,0,,0,0,,,0,,,,,,,,0,,0,0,,,,,,,,,,0,0,,,,0,0,,I,False,2021-08-18 02:17:16.210832+00:00
800,18655,10,FI1-NAV-001001,FI1-NAV-001001,,,FIOMRP5,USB Charger 230V,TAN,,,A,0,0,,,,,PC,1.0,1.0,PC,,,,,,,,,,,0,,,,,,,,1,1.0,3650.0,EUR,9.0,,,365.0,365.0,365.0,365.0,PC,1.0,1.0,,365.0,KG,,,,0,,0,,,,0,1.0,,,,,,,,100,2017-02-06,MRPUSER,22:25:29,,,,,,,,,,,,,10.0,1.0,PC,,X,2.0,A,,,,,,X,,,,,,,,3650.0,3650.0,3650.0,,,,1.0,,,,,,,,,,,,,1.0,0,0,,,,,,,,,VB0000018655000010,,KSV,10.0,,X,,0,0,,,,,,,A,,,,0,,,,,,,,0,0,,0,0,,,,,,,,,,,10.0,,,,,,,,0,,,,,,,,,,,1.0,,T90CLNT090,,,,,,,,,,,,,,,,,,,,0,,,,2020-01-03,01:01:10,,,0,0,,,,,,,,,,,0,,0,0,,,0,,,,,,,,0,,0,0,,,,,,,,,,0,0,,,,0,0,,I,False,2021-08-18 02:17:16.210832+00:00
800,18653,10,FI1-NAV-001001,FI1-NAV-001001,,,FIOMRP5,USB Charger 230V,TAN,,,A,0,0,,,,,PC,1.0,1.0,PC,,,,,,,,,,,0,,,,,,,,1,1.0,650.0,EUR,9.0,,,65.0,65.0,65.0,65.0,PC,1.0,1.0,,65.0,KG,,,,0,,0,,,,0,1.0,,,,,,,,100,2017-02-06,MRPUSER,22:25:28,,,,,,,,,,,,,10.0,1.0,PC,,X,2.0,A,,,,,,X,,,,,,,,650.0,650.0,650.0,,,,1.0,,,,,,,,,,,,,1.0,0,0,,,,,,,,,VB0000018653000010,,KSV,10.0,,X,,0,0,,,,,,,A,,,,0,,,,,,,,0,0,,0,0,,,,,,,,,,,10.0,,,,,,,,0,,,,,,,,,,,1.0,,T90CLNT090,,,,,,,,,,,,,,,,,,,,0,,,,2020-01-03,01:01:10,,,0,0,,,,,,,,,,,0,,0,0,,,0,,,,,,,,0,,0,0,,,,,,,,,,0,0,,,,0,0,,L,False,2021-08-18 02:15:43.031469+00:00
800,18655,10,FI1-NAV-001001,FI1-NAV-001001,,,FIOMRP5,USB Charger 230V,TAN,,,A,0,0,,,,,PC,1.0,1.0,PC,,,,,,,,,,,0,,,,,,,,1,1.0,3650.0,EUR,9.0,,,365.0,365.0,365.0,365.0,PC,1.0,1.0,,365.0,KG,,,,0,,0,,,,0,1.0,,,,,,,,100,2017-02-06,MRPUSER,22:25:29,,,,,,,,,,,,,10.0,1.0,PC,,X,2.0,A,,,,,,X,,,,,,,,3650.0,3650.0,3650.0,,,,1.0,,,,,,,,,,,,,1.0,0,0,,,,,,,,,VB0000018655000010,,KSV,10.0,,X,,0,0,,,,,,,A,,,,0,,,,,,,,0,0,,0,0,,,,,,,,,,,10.0,,,,,,,,0,,,,,,,,,,,1.0,,T90CLNT090,,,,,,,,,,,,,,,,,,,,0,,,,2020-01-03,01:01:10,,,0,0,,,,,,,,,,,0,,0,0,,,0,,,,,,,,0,,0,0,,,,,,,,,,0,0,,,,0,0,,L,False,2021-08-18 02:15:43.031469+00:00
800,18657,10,FI1-NAV-001003,FI1-NAV-001003,,,FIOMRP5,Car Charging Cable Mini USB,TAN,,,A,0,0,,,,,PC,1.0,1.0,PC,,,,,,,,,,,0,,,,,,,,1,1.0,2200.0,EUR,9.0,,,220.0,220.0,220.0,220.0,PC,1.0,1.0,,220.0,KG,,,,0,,0,,,,0,1.0,,,,,,,,100,2017-02-06,MRPUSER,22:25:30,,,,,,,,,,,,,10.0,1.0,PC,,X,2.0,A,,,,,,X,,,,,,,,2200.0,2200.0,2200.0,,,,1.0,,,,,,,,,,,,,,0,0,,,,,,,,,VB0000018657000010,KUND,KL,10.0,,X,,0,0,,,,,,,A,,,,0,,,,,,,,0,0,,0,0,,,COGS,,,,,,,,10.0,,,,,,,,0,,,,,,,,,,,1.0,,T90CLNT090,,,,,,,,,,,,,,,,,,,,0,,,,2020-01-03,01:01:10,,,0,0,,,,,,,,,,,0,,0,0,,,0,,,,,,,,0,,0,0,,,,,,,,,,0,0,,,,0,0,,I,False,2021-08-18 02:17:16.210832+00:00
800,18656,10,FI1-NAV-001003,FI1-NAV-001003,,,FIOMRP5,Car Charging Cable Mini USB,TAN,,,A,0,0,,,,,PC,1.0,1.0,PC,,,,,,,,,,,0,,,,,,,,1,1.0,1500.0,EUR,9.0,,,150.0,150.0,150.0,150.0,PC,1.0,1.0,,150.0,KG,,,,0,,0,,,,0,1.0,,,,,,,,100,2017-02-06,MRPUSER,22:25:29,,,,,,,,,,,,,10.0,1.0,PC,,X,2.0,A,,,,,,X,,,,,,,,1500.0,1500.0,1500.0,,,,1.0,,,,,,,,,,,,,,0,0,,,,,,,,,VB0000018656000010,KUND,KL,10.0,,X,,0,0,,,,,,,A,,,,0,,,,,,,,0,0,,0,0,,,COGS,,,,,,,,10.0,,,,,,,,0,,,,,,,,,,,1.0,,T90CLNT090,,,,,,,,,,,,,,,,,,,,0,,,,2020-01-03,01:01:10,,,0,0,,,,,,,,,,,0,,0,0,,,0,,,,,,,,0,,0,0,,,,,,,,,,0,0,,,,0,0,,I,False,2021-08-18 02:17:16.210832+00:00
800,18656,10,FI1-NAV-001003,FI1-NAV-001003,,,FIOMRP5,Car Charging Cable Mini USB,TAN,,,A,0,0,,,,,PC,1.0,1.0,PC,,,,,,,,,,,0,,,,,,,,1,1.0,1500.0,EUR,9.0,,,150.0,150.0,150.0,150.0,PC,1.0,1.0,,150.0,KG,,,,0,,0,,,,0,1.0,,,,,,,,100,2017-02-06,MRPUSER,22:25:29,,,,,,,,,,,,,10.0,1.0,PC,,X,2.0,A,,,,,,X,,,,,,,,1500.0,1500.0,1500.0,,,,1.0,,,,,,,,,,,,,,0,0,,,,,,,,,VB0000018656000010,KUND,KL,10.0,,X,,0,0,,,,,,,A,,,,0,,,,,,,,0,0,,0,0,,,COGS,,,,,,,,10.0,,,,,,,,0,,,,,,,,,,,1.0,,T90CLNT090,,,,,,,,,,,,,,,,,,,,0,,,,2020-01-03,01:01:10,,,0,0,,,,,,,,,,,0,,0,0,,,0,,,,,,,,0,,0,0,,,,,,,,,,0,0,,,,0,0,,L,False,2021-08-18 02:15:43.031469+00:00
800,18657,10,FI1-NAV-001003,FI1-NAV-001003,,,FIOMRP5,Car Charging Cable Mini USB,TAN,,,A,0,0,,,,,PC,1.0,1.0,PC,,,,,,,,,,,0,,,,,,,,1,1.0,2200.0,EUR,9.0,,,220.0,220.0,220.0,220.0,PC,1.0,1.0,,220.0,KG,,,,0,,0,,,,0,1.0,,,,,,,,100,2017-02-06,MRPUSER,22:25:30,,,,,,,,,,,,,10.0,1.0,PC,,X,2.0,A,,,,,,X,,,,,,,,2200.0,2200.0,2200.0,,,,1.0,,,,,,,,,,,,,,0,0,,,,,,,,,VB0000018657000010,KUND,KL,10.0,,X,,0,0,,,,,,,A,,,,0,,,,,,,,0,0,,0,0,,,COGS,,,,,,,,10.0,,,,,,,,0,,,,,,,,,,,1.0,,T90CLNT090,,,,,,,,,,,,,,,,,,,,0,,,,2020-01-03,01:01:10,,,0,0,,,,,,,,,,,0,,0,0,,,0,,,,,,,,0,,0,0,,,,,,,,,,0,0,,,,0,0,,L,False,2021-08-18 02:15:43.031469+00:00
800,18660,10,FI1-NAV-001005,FI1-NAV-001005,,,FIOMRP5,Windshild Universal Mount,TAN,,,A,0,0,,,,,PC,1.0,1.0,PC,,,,,,,,,,,0,,,,,,,,1,1.0,930.0,EUR,9.0,,,93.0,93.0,93.0,93.0,PC,1.0,1.0,,93.0,KG,,,,0,,0,,,,0,1.0,,,,,,,,100,2017-02-06,MRPUSER,22:25:31,,,,,,,,,,,,,10.0,1.0,PC,,X,2.0,A,,,,,,X,,,,,,,,930.0,930.0,930.0,,,,1.0,,,,,,,,,,,,,1.0,0,0,,,,,,,,,VB0000018660000010,,KSV,10.0,,X,,0,0,,,,,,,A,,,,0,,,,,,,,0,0,,0,0,,,,,,,,,,,10.0,,,,,,,,0,,,,,,,,,,,1.0,,T90CLNT090,,,,,,,,,,,,,,,,,,,,0,,,,2020-01-03,01:01:10,,,0,0,,,,,,,,,,,0,,0,0,,,0,,,,,,,,0,,0,0,,,,,,,,,,0,0,,,,0,0,,L,False,2021-08-18 02:15:43.031469+00:00
800,18658,10,FI1-NAV-001005,FI1-NAV-001005,,,FIOMRP5,Windshild Universal Mount,TAN,,,A,0,0,,,,,PC,1.0,1.0,PC,,,,,,,,,,,0,,,,,,,,1,1.0,350.0,EUR,9.0,,,35.0,35.0,35.0,35.0,PC,1.0,1.0,,35.0,KG,,,,0,,0,,,,0,1.0,,,,,,,,100,2017-02-06,MRPUSER,22:25:30,,,,,,,,,,,,,10.0,1.0,PC,,X,2.0,A,,,,,,X,,,,,,,,350.0,350.0,350.0,,,,1.0,,,,,,,,,,,,,1.0,0,0,,,,,,,,,VB0000018658000010,,KSV,10.0,,X,,0,0,,,,,,,A,,,,0,,,,,,,,0,0,,0,0,,,,,,,,,,,10.0,,,,,,,,0,,,,,,,,,,,1.0,,T90CLNT090,,,,,,,,,,,,,,,,,,,,0,,,,2020-01-03,01:01:10,,,0,0,,,,,,,,,,,0,,0,0,,,0,,,,,,,,0,,0,0,,,,,,,,,,0,0,,,,0,0,,I,False,2021-08-18 02:17:16.210832+00:00
800,18664,10,FI1-NAV-001005,FI1-NAV-001005,,,FIOMRP5,Windshild Universal Mount,TAN,,,A,0,0,,,,,PC,1.0,1.0,PC,,,,,,,,,,,0,,,,,,,,1,1.0,170.0,EUR,9.0,,,17.0,17.0,17.0,17.0,PC,1.0,1.0,,17.0,KG,,,,0,,0,,,,0,1.0,,,,,,,,100,2017-02-06,MRPUSER,22:25:33,,,,,,,,,,,,,10.0,1.0,PC,,X,2.0,A,,,,,,X,,,,,,,,170.0,170.0,170.0,,,,1.0,,,,,,,,,,,,,1.0,0,0,,,,,,,,,VB0000018664000010,,KSV,10.0,,X,,0,0,,,,,,,A,,,,0,,,,,,,,0,0,,0,0,,,,,,,,,,,10.0,,,,,,,,0,,,,,,,,,,,1.0,,T90CLNT090,,,,,,,,,,,,,,,,,,,,0,,,,2020-01-03,01:01:10,,,0,0,,,,,,,,,,,0,,0,0,,,0,,,,,,,,0,,0,0,,,,,,,,,,0,0,,,,0,0,,L,False,2021-08-18 02:15:43.031469+00:00
800,18660,10,FI1-NAV-001005,FI1-NAV-001005,,,FIOMRP5,Windshild Universal Mount,TAN,,,A,0,0,,,,,PC,1.0,1.0,PC,,,,,,,,,,,0,,,,,,,,1,1.0,930.0,EUR,9.0,,,93.0,93.0,93.0,93.0,PC,1.0,1.0,,93.0,KG,,,,0,,0,,,,0,1.0,,,,,,,,100,2017-02-06,MRPUSER,22:25:31,,,,,,,,,,,,,10.0,1.0,PC,,X,2.0,A,,,,,,X,,,,,,,,930.0,930.0,930.0,,,,1.0,,,,,,,,,,,,,1.0,0,0,,,,,,,,,VB0000018660000010,,KSV,10.0,,X,,0,0,,,,,,,A,,,,0,,,,,,,,0,0,,0,0,,,,,,,,,,,10.0,,,,,,,,0,,,,,,,,,,,1.0,,T90CLNT090,,,,,,,,,,,,,,,,,,,,0,,,,2020-01-03,01:01:10,,,0,0,,,,,,,,,,,0,,0,0,,,0,,,,,,,,0,,0,0,,,,,,,,,,0,0,,,,0,0,,I,False,2021-08-18 02:17:16.210832+00:00
800,18661,10,FI1-NAV-001005,FI1-NAV-001005,,,FIOMRP5,Windshild Universal Mount,TAN,,,A,0,0,,,,,PC,1.0,1.0,PC,,,,,,,,,,,0,,,,,,,,1,1.0,790.0,EUR,9.0,,,79.0,79.0,79.0,79.0,PC,1.0,1.0,,79.0,KG,,,,0,,0,,,,0,1.0,,,,,,,,100,2017-02-06,MRPUSER,22:25:31,,,,,,,,,,,,,10.0,1.0,PC,,X,2.0,A,,,,,,X,,,,,,,,790.0,790.0,790.0,,,,1.0,,,,,,,,,,,,,1.0,0,0,,,,,,,,,VB0000018661000010,,KSV,10.0,,X,,0,0,,,,,,,A,,,,0,,,,,,,,0,0,,0,0,,,,,,,,,,,10.0,,,,,,,,0,,,,,,,,,,,1.0,,T90CLNT090,,,,,,,,,,,,,,,,,,,,0,,,,2020-01-03,01:01:10,,,0,0,,,,,,,,,,,0,,0,0,,,0,,,,,,,,0,,0,0,,,,,,,,,,0,0,,,,0,0,,L,False,2021-08-18 02:15:43.031469+00:00
800,18662,10,FI1-NAV-001005,FI1-NAV-001005,,,FIOMRP5,Windshild Universal Mount,TAN,,,A,0,0,,,,,PC,1.0,1.0,PC,,,,,,,,,,,0,,,,,,,,1,1.0,880.0,EUR,9.0,,,88.0,88.0,88.0,88.0,PC,1.0,1.0,,88.0,KG,,,,0,,0,,,,0,1.0,,,,,,,,100,2017-02-06,MRPUSER,22:25:32,,,,,,,,,,,,,10.0,1.0,PC,,X,2.0,A,,,,,,X,,,,,,,,880.0,880.0,880.0,,,,1.0,,,,,,,,,,,,,1.0,0,0,,,,,,,,,VB0000018662000010,,KSV,10.0,,X,,0,0,,,,,,,A,,,,0,,,,,,,,0,0,,0,0,,,,,,,,,,,10.0,,,,,,,,0,,,,,,,,,,,1.0,,T90CLNT090,,,,,,,,,,,,,,,,,,,,0,,,,2020-01-03,01:01:10,,,0,0,,,,,,,,,,,0,,0,0,,,0,,,,,,,,0,,0,0,,,,,,,,,,0,0,,,,0,0,,I,False,2021-08-18 02:17:16.210832+00:00
800,18659,10,FI1-NAV-001005,FI1-NAV-001005,,,FIOMRP5,Windshild Universal Mount,TAN,,,A,0,0,,,,,PC,1.0,1.0,PC,,,,,,,,,,,0,,,,,,,,1,1.0,1670.0,EUR,9.0,,,167.0,167.0,167.0,167.0,PC,1.0,1.0,,167.0,KG,,,,0,,0,,,,0,1.0,,,,,,,,100,2017-02-06,MRPUSER,22:25:31,,,,,,,,,,,,,10.0,1.0,PC,,X,2.0,A,,,,,,X,,,,,,,,1670.0,1670.0,1670.0,,,,1.0,,,,,,,,,,,,,1.0,0,0,,,,,,,,,VB0000018659000010,,KSV,10.0,,X,,0,0,,,,,,,A,,,,0,,,,,,,,0,0,,0,0,,,,,,,,,,,10.0,,,,,,,,0,,,,,,,,,,,1.0,,T90CLNT090,,,,,,,,,,,,,,,,,,,,0,,,,2020-01-03,01:01:10,,,0,0,,,,,,,,,,,0,,0,0,,,0,,,,,,,,0,,0,0,,,,,,,,,,0,0,,,,0,0,,L,False,2021-08-18 02:15:43.031469+00:00
800,18665,10,FI1-NAV-001005,FI1-NAV-001005,,,FIOMRP5,Windshild Universal Mount,TAN,,,A,0,0,,,,,PC,1.0,1.0,PC,,,,,,,,,,,0,,,,,,,,1,1.0,290.0,EUR,9.0,,,29.0,29.0,29.0,29.0,PC,1.0,1.0,,29.0,KG,,,,0,,0,,,,0,1.0,,,,,,,,100,2017-02-06,MRPUSER,22:25:33,,,,,,,,,,,,,10.0,1.0,PC,,X,2.0,A,,,,,,X,,,,,,,,290.0,290.0,290.0,,,,1.0,,,,,,,,,,,,,1.0,0,0,,,,,,,,,VB0000018665000010,,KSV,10.0,,X,,0,0,,,,,,,A,,,,0,,,,,,,,0,0,,0,0,,,,,,,,,,,10.0,,,,,,,,0,,,,,,,,,,,1.0,,T90CLNT090,,,,,,,,,,,,,,,,,,,,0,,,,2020-01-03,01:01:10,,,0,0,,,,,,,,,,,0,,0,0,,,0,,,,,,,,0,,0,0,,,,,,,,,,0,0,,,,0,0,,I,False,2021-08-18 02:17:16.210832+00:00
800,18659,10,FI1-NAV-001005,FI1-NAV-001005,,,FIOMRP5,Windshild Universal Mount,TAN,,,A,0,0,,,,,PC,1.0,1.0,PC,,,,,,,,,,,0,,,,,,,,1,1.0,1670.0,EUR,9.0,,,167.0,167.0,167.0,167.0,PC,1.0,1.0,,167.0,KG,,,,0,,0,,,,0,1.0,,,,,,,,100,2017-02-06,MRPUSER,22:25:31,,,,,,,,,,,,,10.0,1.0,PC,,X,2.0,A,,,,,,X,,,,,,,,1670.0,1670.0,1670.0,,,,1.0,,,,,,,,,,,,,1.0,0,0,,,,,,,,,VB0000018659000010,,KSV,10.0,,X,,0,0,,,,,,,A,,,,0,,,,,,,,0,0,,0,0,,,,,,,,,,,10.0,,,,,,,,0,,,,,,,,,,,1.0,,T90CLNT090,,,,,,,,,,,,,,,,,,,,0,,,,2020-01-03,01:01:10,,,0,0,,,,,,,,,,,0,,0,0,,,0,,,,,,,,0,,0,0,,,,,,,,,,0,0,,,,0,0,,I,False,2021-08-18 02:17:16.210832+00:00
800,18664,10,FI1-NAV-001005,FI1-NAV-001005,,,FIOMRP5,Windshild Universal Mount,TAN,,,A,0,0,,,,,PC,1.0,1.0,PC,,,,,,,,,,,0,,,,,,,,1,1.0,170.0,EUR,9.0,,,17.0,17.0,17.0,17.0,PC,1.0,1.0,,17.0,KG,,,,0,,0,,,,0,1.0,,,,,,,,100,2017-02-06,MRPUSER,22:25:33,,,,,,,,,,,,,10.0,1.0,PC,,X,2.0,A,,,,,,X,,,,,,,,170.0,170.0,170.0,,,,1.0,,,,,,,,,,,,,1.0,0,0,,,,,,,,,VB0000018664000010,,KSV,10.0,,X,,0,0,,,,,,,A,,,,0,,,,,,,,0,0,,0,0,,,,,,,,,,,10.0,,,,,,,,0,,,,,,,,,,,1.0,,T90CLNT090,,,,,,,,,,,,,,,,,,,,0,,,,2020-01-03,01:01:10,,,0,0,,,,,,,,,,,0,,0,0,,,0,,,,,,,,0,,0,0,,,,,,,,,,0,0,,,,0,0,,I,False,2021-08-18 02:17:16.210832+00:00
800,18663,10,FI1-NAV-001005,FI1-NAV-001005,,,FIOMRP5,Windshild Universal Mount,TAN,,,A,0,0,,,,,PC,1.0,1.0,PC,,,,,,,,,,,0,,,,,,,,1,1.0,310.0,EUR,9.0,,,31.0,31.0,31.0,31.0,PC,1.0,1.0,,31.0,KG,,,,0,,0,,,,0,1.0,,,,,,,,100,2017-02-06,MRPUSER,22:25:32,,,,,,,,,,,,,10.0,1.0,PC,,X,2.0,A,,,,,,X,,,,,,,,310.0,310.0,310.0,,,,1.0,,,,,,,,,,,,,1.0,0,0,,,,,,,,,VB0000018663000010,,KSV,10.0,,X,,0,0,,,,,,,A,,,,0,,,,,,,,0,0,,0,0,,,,,,,,,,,10.0,,,,,,,,0,,,,,,,,,,,1.0,,T90CLNT090,,,,,,,,,,,,,,,,,,,,0,,,,2020-01-03,01:01:10,,,0,0,,,,,,,,,,,0,,0,0,,,0,,,,,,,,0,,0,0,,,,,,,,,,0,0,,,,0,0,,L,False,2021-08-18 02:15:43.031469+00:00
800,18662,10,FI1-NAV-001005,FI1-NAV-001005,,,FIOMRP5,Windshild Universal Mount,TAN,,,A,0,0,,,,,PC,1.0,1.0,PC,,,,,,,,,,,0,,,,,,,,1,1.0,880.0,EUR,9.0,,,88.0,88.0,88.0,88.0,PC,1.0,1.0,,88.0,KG,,,,0,,0,,,,0,1.0,,,,,,,,100,2017-02-06,MRPUSER,22:25:32,,,,,,,,,,,,,10.0,1.0,PC,,X,2.0,A,,,,,,X,,,,,,,,880.0,880.0,880.0,,,,1.0,,,,,,,,,,,,,1.0,0,0,,,,,,,,,VB0000018662000010,,KSV,10.0,,X,,0,0,,,,,,,A,,,,0,,,,,,,,0,0,,0,0,,,,,,,,,,,10.0,,,,,,,,0,,,,,,,,,,,1.0,,T90CLNT090,,,,,,,,,,,,,,,,,,,,0,,,,2020-01-03,01:01:10,,,0,0,,,,,,,,,,,0,,0,0,,,0,,,,,,,,0,,0,0,,,,,,,,,,0,0,,,,0,0,,L,False,2021-08-18 02:15:43.031469+00:00
800,18665,10,FI1-NAV-001005,FI1-NAV-001005,,,FIOMRP5,Windshild Universal Mount,TAN,,,A,0,0,,,,,PC,1.0,1.0,PC,,,,,,,,,,,0,,,,,,,,1,1.0,290.0,EUR,9.0,,,29.0,29.0,29.0,29.0,PC,1.0,1.0,,29.0,KG,,,,0,,0,,,,0,1.0,,,,,,,,100,2017-02-06,MRPUSER,22:25:33,,,,,,,,,,,,,10.0,1.0,PC,,X,2.0,A,,,,,,X,,,,,,,,290.0,290.0,290.0,,,,1.0,,,,,,,,,,,,,1.0,0,0,,,,,,,,,VB0000018665000010,,KSV,10.0,,X,,0,0,,,,,,,A,,,,0,,,,,,,,0,0,,0,0,,,,,,,,,,,10.0,,,,,,,,0,,,,,,,,,,,1.0,,T90CLNT090,,,,,,,,,,,,,,,,,,,,0,,,,2020-01-03,01:01:10,,,0,0,,,,,,,,,,,0,,0,0,,,0,,,,,,,,0,,0,0,,,,,,,,,,0,0,,,,0,0,,L,False,2021-08-18 02:15:43.031469+00:00
800,18658,10,FI1-NAV-001005,FI1-NAV-001005,,,FIOMRP5,Windshild Universal Mount,TAN,,,A,0,0,,,,,PC,1.0,1.0,PC,,,,,,,,,,,0,,,,,,,,1,1.0,350.0,EUR,9.0,,,35.0,35.0,35.0,35.0,PC,1.0,1.0,,35.0,KG,,,,0,,0,,,,0,1.0,,,,,,,,100,2017-02-06,MRPUSER,22:25:30,,,,,,,,,,,,,10.0,1.0,PC,,X,2.0,A,,,,,,X,,,,,,,,350.0,350.0,350.0,,,,1.0,,,,,,,,,,,,,1.0,0,0,,,,,,,,,VB0000018658000010,,KSV,10.0,,X,,0,0,,,,,,,A,,,,0,,,,,,,,0,0,,0,0,,,,,,,,,,,10.0,,,,,,,,0,,,,,,,,,,,1.0,,T90CLNT090,,,,,,,,,,,,,,,,,,,,0,,,,2020-01-03,01:01:10,,,0,0,,,,,,,,,,,0,,0,0,,,0,,,,,,,,0,,0,0,,,,,,,,,,0,0,,,,0,0,,L,False,2021-08-18 02:15:43.031469+00:00
800,18663,10,FI1-NAV-001005,FI1-NAV-001005,,,FIOMRP5,Windshild Universal Mount,TAN,,,A,0,0,,,,,PC,1.0,1.0,PC,,,,,,,,,,,0,,,,,,,,1,1.0,310.0,EUR,9.0,,,31.0,31.0,31.0,31.0,PC,1.0,1.0,,31.0,KG,,,,0,,0,,,,0,1.0,,,,,,,,100,2017-02-06,MRPUSER,22:25:32,,,,,,,,,,,,,10.0,1.0,PC,,X,2.0,A,,,,,,X,,,,,,,,310.0,310.0,310.0,,,,1.0,,,,,,,,,,,,,1.0,0,0,,,,,,,,,VB0000018663000010,,KSV,10.0,,X,,0,0,,,,,,,A,,,,0,,,,,,,,0,0,,0,0,,,,,,,,,,,10.0,,,,,,,,0,,,,,,,,,,,1.0,,T90CLNT090,,,,,,,,,,,,,,,,,,,,0,,,,2020-01-03,01:01:10,,,0,0,,,,,,,,,,,0,,0,0,,,0,,,,,,,,0,,0,0,,,,,,,,,,0,0,,,,0,0,,I,False,2021-08-18 02:17:16.210832+00:00
800,18661,10,FI1-NAV-001005,FI1-NAV-001005,,,FIOMRP5,Windshild Universal Mount,TAN,,,A,0,0,,,,,PC,1.0,1.0,PC,,,,,,,,,,,0,,,,,,,,1,1.0,790.0,EUR,9.0,,,79.0,79.0,79.0,79.0,PC,1.0,1.0,,79.0,KG,,,,0,,0,,,,0,1.0,,,,,,,,100,2017-02-06,MRPUSER,22:25:31,,,,,,,,,,,,,10.0,1.0,PC,,X,2.0,A,,,,,,X,,,,,,,,790.0,790.0,790.0,,,,1.0,,,,,,,,,,,,,1.0,0,0,,,,,,,,,VB0000018661000010,,KSV,10.0,,X,,0,0,,,,,,,A,,,,0,,,,,,,,0,0,,0,0,,,,,,,,,,,10.0,,,,,,,,0,,,,,,,,,,,1.0,,T90CLNT090,,,,,,,,,,,,,,,,,,,,0,,,,2020-01-03,01:01:10,,,0,0,,,,,,,,,,,0,,0,0,,,0,,,,,,,,0,,0,0,,,,,,,,,,0,0,,,,0,0,,I,False,2021-08-18 02:17:16.210832+00:00
800,18650,10,FI1-NAV-001021,FI1-NAV-001021,,,FIOMRP5,NAV 300 - GPS Navigation System,TAN,,,A,0,0,,,,,PC,1.0,1.0,PC,,,,,,,,,,,0,,,,,,,,1,1.0,400.0,EUR,9.0,,,40.0,40.0,40.0,40.0,PC,1.0,1.0,,40.0,KG,,,,0,,0,,,,0,1.0,,,,,,,,100,2017-02-06,MRPUSER,22:25:27,,,,,,,,,,,,,10.0,1.0,PC,,X,2.0,A,,,,,,X,,,,,,,,400.0,400.0,400.0,,,,1.0,,,,,,,,,,,,,1.0,0,0,,,,,,,,,VB0000018650000010,,KSV,10.0,,X,,0,0,,,,,,,A,,,,0,,,,,,,,0,0,,0,0,,,,,,,,,,,10.0,,,,,,,,0,,,,,,,,,,,1.0,,T90CLNT090,,,,,,,,,,,,,,,,,,,,0,,,,2020-01-03,01:01:10,,,0,0,,,,,,,,,,,0,,0,0,,,0,,,,,,,,0,,0,0,,,,,,,,,,0,0,,,,0,0,,L,False,2021-08-18 02:15:43.031469+00:00
800,18651,10,FI1-NAV-001021,FI1-NAV-001021,,,FIOMRP5,NAV 300 - GPS Navigation System,TAN,,,A,0,0,,,,,PC,1.0,1.0,PC,,,,,,,,,,,0,,,,,,,,1,1.0,400.0,EUR,9.0,,,40.0,40.0,40.0,40.0,PC,1.0,1.0,,40.0,KG,,,,0,,0,,,,0,1.0,,,,,,,,100,2017-02-06,MRPUSER,22:25:27,,,,,,,,,,,,,10.0,1.0,PC,,X,2.0,A,,,,,,X,,,,,,,,400.0,400.0,400.0,,,,1.0,,,,,,,,,,,,,1.0,0,0,,,,,,,,,VB0000018651000010,,KSV,10.0,,X,,0,0,,,,,,,A,,,,0,,,,,,,,0,0,,0,0,,,,,,,,,,,10.0,,,,,,,,0,,,,,,,,,,,1.0,,T90CLNT090,,,,,,,,,,,,,,,,,,,,0,,,,2020-01-03,01:01:10,,,0,0,,,,,,,,,,,0,,0,0,,,0,,,,,,,,0,,0,0,,,,,,,,,,0,0,,,,0,0,,I,False,2021-08-18 02:17:16.210832+00:00
800,18652,10,FI1-NAV-001021,FI1-NAV-001021,,,FIOMRP5,NAV 300 - GPS Navigation System,TAN,,,A,0,0,,,,,PC,1.0,1.0,PC,,,,,,,,,,,0,,,,,,,,1,1.0,600.0,EUR,9.0,,,60.0,60.0,60.0,60.0,PC,1.0,1.0,,60.0,KG,,,,0,,0,,,,0,1.0,,,,,,,,100,2017-02-06,MRPUSER,22:25:28,,,,,,,,,,,,,10.0,1.0,PC,,X,2.0,A,,,,,,X,,,,,,,,600.0,600.0,600.0,,,,1.0,,,,,,,,,,,,,1.0,0,0,,,,,,,,,VB0000018652000010,,KSV,10.0,,X,,0,0,,,,,,,A,,,,0,,,,,,,,0,0,,0,0,,,,,,,,,,,10.0,,,,,,,,0,,,,,,,,,,,1.0,,T90CLNT090,,,,,,,,,,,,,,,,,,,,0,,,,2020-01-03,01:01:10,,,0,0,,,,,,,,,,,0,,0,0,,,0,,,,,,,,0,,0,0,,,,,,,,,,0,0,,,,0,0,,I,False,2021-08-18 02:17:16.210832+00:00
800,18650,10,FI1-NAV-001021,FI1-NAV-001021,,,FIOMRP5,NAV 300 - GPS Navigation System,TAN,,,A,0,0,,,,,PC,1.0,1.0,PC,,,,,,,,,,,0,,,,,,,,1,1.0,400.0,EUR,9.0,,,40.0,40.0,40.0,40.0,PC,1.0,1.0,,40.0,KG,,,,0,,0,,,,0,1.0,,,,,,,,100,2017-02-06,MRPUSER,22:25:27,,,,,,,,,,,,,10.0,1.0,PC,,X,2.0,A,,,,,,X,,,,,,,,400.0,400.0,400.0,,,,1.0,,,,,,,,,,,,,1.0,0,0,,,,,,,,,VB0000018650000010,,KSV,10.0,,X,,0,0,,,,,,,A,,,,0,,,,,,,,0,0,,0,0,,,,,,,,,,,10.0,,,,,,,,0,,,,,,,,,,,1.0,,T90CLNT090,,,,,,,,,,,,,,,,,,,,0,,,,2020-01-03,01:01:10,,,0,0,,,,,,,,,,,0,,0,0,,,0,,,,,,,,0,,0,0,,,,,,,,,,0,0,,,,0,0,,I,False,2021-08-18 02:17:16.210832+00:00
800,18652,10,FI1-NAV-001021,FI1-NAV-001021,,,FIOMRP5,NAV 300 - GPS Navigation System,TAN,,,A,0,0,,,,,PC,1.0,1.0,PC,,,,,,,,,,,0,,,,,,,,1,1.0,600.0,EUR,9.0,,,60.0,60.0,60.0,60.0,PC,1.0,1.0,,60.0,KG,,,,0,,0,,,,0,1.0,,,,,,,,100,2017-02-06,MRPUSER,22:25:28,,,,,,,,,,,,,10.0,1.0,PC,,X,2.0,A,,,,,,X,,,,,,,,600.0,600.0,600.0,,,,1.0,,,,,,,,,,,,,1.0,0,0,,,,,,,,,VB0000018652000010,,KSV,10.0,,X,,0,0,,,,,,,A,,,,0,,,,,,,,0,0,,0,0,,,,,,,,,,,10.0,,,,,,,,0,,,,,,,,,,,1.0,,T90CLNT090,,,,,,,,,,,,,,,,,,,,0,,,,2020-01-03,01:01:10,,,0,0,,,,,,,,,,,0,,0,0,,,0,,,,,,,,0,,0,0,,,,,,,,,,0,0,,,,0,0,,L,False,2021-08-18 02:15:43.031469+00:00
800,18651,10,FI1-NAV-001021,FI1-NAV-001021,,,FIOMRP5,NAV 300 - GPS Navigation System,TAN,,,A,0,0,,,,,PC,1.0,1.0,PC,,,,,,,,,,,0,,,,,,,,1,1.0,400.0,EUR,9.0,,,40.0,40.0,40.0,40.0,PC,1.0,1.0,,40.0,KG,,,,0,,0,,,,0,1.0,,,,,,,,100,2017-02-06,MRPUSER,22:25:27,,,,,,,,,,,,,10.0,1.0,PC,,X,2.0,A,,,,,,X,,,,,,,,400.0,400.0,400.0,,,,1.0,,,,,,,,,,,,,1.0,0,0,,,,,,,,,VB0000018651000010,,KSV,10.0,,X,,0,0,,,,,,,A,,,,0,,,,,,,,0,0,,0,0,,,,,,,,,,,10.0,,,,,,,,0,,,,,,,,,,,1.0,,T90CLNT090,,,,,,,,,,,,,,,,,,,,0,,,,2020-01-03,01:01:10,,,0,0,,,,,,,,,,,0,,0,0,,,0,,,,,,,,0,,0,0,,,,,,,,,,0,0,,,,0,0,,L,False,2021-08-18 02:15:43.031469+00:00
800,18958,10,FI2-NAV-001001,FI2-NAV-001001,,,FIOMRP5,USB Charger 230V,TAN,,,A,0,0,,,,,PC,1.0,1.0,PC,,,,,,,,,,,0,,,,,,,,1,1.0,3650.0,EUR,9.0,,,365.0,365.0,365.0,365.0,PC,1.0,1.0,,365.0,KG,,,,0,,0,,,,0,1.0,,,,,,,,100,2017-02-06,MRPUSER,22:41:02,,,,,,,,,,,,,10.0,1.0,PC,,X,2.0,A,,,,,,X,,,,,,,,3650.0,3650.0,3650.0,,,,1.0,,,,,,,,,,,,,1.0,0,0,,,,,,,,,VB0000018958000010,,KSV,10.0,,X,,0,0,,,,,,,A,,,,0,,,,,,,,0,0,,0,0,,,,,,,,,,,10.0,,,,,,,,0,,,,,,,,,,,1.0,,T90CLNT090,,,,,,,,,,,,,,,,,,,,0,,,,2020-01-03,01:01:10,,,0,0,,,,,,,,,,,0,,0,0,,,0,,,,,,,,0,,0,0,,,,,,,,,,0,0,,,,0,0,,L,False,2021-08-18 02:15:43.031469+00:00
800,18956,10,FI2-NAV-001001,FI2-NAV-001001,,,FIOMRP5,USB Charger 230V,TAN,,,A,0,0,,,,,PC,1.0,1.0,PC,,,,,,,,,,,0,,,,,,,,1,1.0,650.0,EUR,9.0,,,65.0,65.0,65.0,65.0,PC,1.0,1.0,,65.0,KG,,,,0,,0,,,,0,1.0,,,,,,,,100,2017-02-06,MRPUSER,22:41:01,,,,,,,,,,,,,10.0,1.0,PC,,X,2.0,A,,,,,,X,,,,,,,,650.0,650.0,650.0,,,,1.0,,,,,,,,,,,,,1.0,0,0,,,,,,,,,VB0000018956000010,,KSV,10.0,,X,,0,0,,,,,,,A,,,,0,,,,,,,,0,0,,0,0,,,,,,,,,,,10.0,,,,,,,,0,,,,,,,,,,,1.0,,T90CLNT090,,,,,,,,,,,,,,,,,,,,0,,,,2020-01-03,01:01:10,,,0,0,,,,,,,,,,,0,,0,0,,,0,,,,,,,,0,,0,0,,,,,,,,,,0,0,,,,0,0,,I,False,2021-08-18 02:17:16.210832+00:00
800,18957,10,FI2-NAV-001001,FI2-NAV-001001,,,FIOMRP5,USB Charger 230V,TAN,,,A,0,0,,,,,PC,1.0,1.0,PC,,,,,,,,,,,0,,,,,,,,1,1.0,2300.0,EUR,9.0,,,230.0,230.0,230.0,230.0,PC,1.0,1.0,,230.0,KG,,,,0,,0,,,,0,1.0,,,,,,,,100,2017-02-06,MRPUSER,22:41:01,,,,,,,,,,,,,10.0,1.0,PC,,X,2.0,A,,,,,,X,,,,,,,,2300.0,2300.0,2300.0,,,,1.0,,,,,,,,,,,,,1.0,0,0,,,,,,,,,VB0000018957000010,,KSV,10.0,,X,,0,0,,,,,,,A,,,,0,,,,,,,,0,0,,0,0,,,,,,,,,,,10.0,,,,,,,,0,,,,,,,,,,,1.0,,T90CLNT090,,,,,,,,,,,,,,,,,,,,0,,,,2020-01-03,01:01:10,,,0,0,,,,,,,,,,,0,,0,0,,,0,,,,,,,,0,,0,0,,,,,,,,,,0,0,,,,0,0,,L,False,2021-08-18 02:15:43.031469+00:00
800,18958,10,FI2-NAV-001001,FI2-NAV-001001,,,FIOMRP5,USB Charger 230V,TAN,,,A,0,0,,,,,PC,1.0,1.0,PC,,,,,,,,,,,0,,,,,,,,1,1.0,3650.0,EUR,9.0,,,365.0,365.0,365.0,365.0,PC,1.0,1.0,,365.0,KG,,,,0,,0,,,,0,1.0,,,,,,,,100,2017-02-06,MRPUSER,22:41:02,,,,,,,,,,,,,10.0,1.0,PC,,X,2.0,A,,,,,,X,,,,,,,,3650.0,3650.0,3650.0,,,,1.0,,,,,,,,,,,,,1.0,0,0,,,,,,,,,VB0000018958000010,,KSV,10.0,,X,,0,0,,,,,,,A,,,,0,,,,,,,,0,0,,0,0,,,,,,,,,,,10.0,,,,,,,,0,,,,,,,,,,,1.0,,T90CLNT090,,,,,,,,,,,,,,,,,,,,0,,,,2020-01-03,01:01:10,,,0,0,,,,,,,,,,,0,,0,0,,,0,,,,,,,,0,,0,0,,,,,,,,,,0,0,,,,0,0,,I,False,2021-08-18 02:17:16.210832+00:00
800,18957,10,FI2-NAV-001001,FI2-NAV-001001,,,FIOMRP5,USB Charger 230V,TAN,,,A,0,0,,,,,PC,1.0,1.0,PC,,,,,,,,,,,0,,,,,,,,1,1.0,2300.0,EUR,9.0,,,230.0,230.0,230.0,230.0,PC,1.0,1.0,,230.0,KG,,,,0,,0,,,,0,1.0,,,,,,,,100,2017-02-06,MRPUSER,22:41:01,,,,,,,,,,,,,10.0,1.0,PC,,X,2.0,A,,,,,,X,,,,,,,,2300.0,2300.0,2300.0,,,,1.0,,,,,,,,,,,,,1.0,0,0,,,,,,,,,VB0000018957000010,,KSV,10.0,,X,,0,0,,,,,,,A,,,,0,,,,,,,,0,0,,0,0,,,,,,,,,,,10.0,,,,,,,,0,,,,,,,,,,,1.0,,T90CLNT090,,,,,,,,,,,,,,,,,,,,0,,,,2020-01-03,01:01:10,,,0,0,,,,,,,,,,,0,,0,0,,,0,,,,,,,,0,,0,0,,,,,,,,,,0,0,,,,0,0,,I,False,2021-08-18 02:17:16.210832+00:00
800,18956,10,FI2-NAV-001001,FI2-NAV-001001,,,FIOMRP5,USB Charger 230V,TAN,,,A,0,0,,,,,PC,1.0,1.0,PC,,,,,,,,,,,0,,,,,,,,1,1.0,650.0,EUR,9.0,,,65.0,65.0,65.0,65.0,PC,1.0,1.0,,65.0,KG,,,,0,,0,,,,0,1.0,,,,,,,,100,2017-02-06,MRPUSER,22:41:01,,,,,,,,,,,,,10.0,1.0,PC,,X,2.0,A,,,,,,X,,,,,,,,650.0,650.0,650.0,,,,1.0,,,,,,,,,,,,,1.0,0,0,,,,,,,,,VB0000018956000010,,KSV,10.0,,X,,0,0,,,,,,,A,,,,0,,,,,,,,0,0,,0,0,,,,,,,,,,,10.0,,,,,,,,0,,,,,,,,,,,1.0,,T90CLNT090,,,,,,,,,,,,,,,,,,,,0,,,,2020-01-03,01:01:10,,,0,0,,,,,,,,,,,0,,0,0,,,0,,,,,,,,0,,0,0,,,,,,,,,,0,0,,,,0,0,,L,False,2021-08-18 02:15:43.031469+00:00
800,18959,10,FI2-NAV-001003,FI2-NAV-001003,,,FIOMRP5,Car Charging Cable Mini USB,TAN,,,A,0,0,,,,,PC,1.0,1.0,PC,,,,,,,,,,,0,,,,,,,,1,1.0,1500.0,EUR,9.0,,,150.0,150.0,150.0,150.0,PC,1.0,1.0,,150.0,KG,,,,0,,0,,,,0,1.0,,,,,,,,100,2017-02-06,MRPUSER,22:41:03,,,,,,,,,,,,,10.0,1.0,PC,,X,2.0,A,,,,,,X,,,,,,,,1500.0,1500.0,1500.0,,,,1.0,,,,,,,,,,,,,,0,0,,,,,,,,,VB0000018959000010,KUND,KL,10.0,,X,,0,0,,,,,,,A,,,,0,,,,,,,,0,0,,0,0,,,COGS,,,,,,,,10.0,,,,,,,,0,,,,,,,,,,,1.0,,T90CLNT090,,,,,,,,,,,,,,,,,,,,0,,,,2020-01-03,01:01:10,,,0,0,,,,,,,,,,,0,,0,0,,,0,,,,,,,,0,,0,0,,,,,,,,,,0,0,,,,0,0,,L,False,2021-08-18 02:15:43.031469+00:00
800,18959,10,FI2-NAV-001003,FI2-NAV-001003,,,FIOMRP5,Car Charging Cable Mini USB,TAN,,,A,0,0,,,,,PC,1.0,1.0,PC,,,,,,,,,,,0,,,,,,,,1,1.0,1500.0,EUR,9.0,,,150.0,150.0,150.0,150.0,PC,1.0,1.0,,150.0,KG,,,,0,,0,,,,0,1.0,,,,,,,,100,2017-02-06,MRPUSER,22:41:03,,,,,,,,,,,,,10.0,1.0,PC,,X,2.0,A,,,,,,X,,,,,,,,1500.0,1500.0,1500.0,,,,1.0,,,,,,,,,,,,,,0,0,,,,,,,,,VB0000018959000010,KUND,KL,10.0,,X,,0,0,,,,,,,A,,,,0,,,,,,,,0,0,,0,0,,,COGS,,,,,,,,10.0,,,,,,,,0,,,,,,,,,,,1.0,,T90CLNT090,,,,,,,,,,,,,,,,,,,,0,,,,2020-01-03,01:01:10,,,0,0,,,,,,,,,,,0,,0,0,,,0,,,,,,,,0,,0,0,,,,,,,,,,0,0,,,,0,0,,I,False,2021-08-18 02:17:16.210832+00:00
800,18960,10,FI2-NAV-001003,FI2-NAV-001003,,,FIOMRP5,Car Charging Cable Mini USB,TAN,,,A,0,0,,,,,PC,1.0,1.0,PC,,,,,,,,,,,0,,,,,,,,1,1.0,2200.0,EUR,9.0,,,220.0,220.0,220.0,220.0,PC,1.0,1.0,,220.0,KG,,,,0,,0,,,,0,1.0,,,,,,,,100,2017-02-06,MRPUSER,22:41:03,,,,,,,,,,,,,10.0,1.0,PC,,X,2.0,A,,,,,,X,,,,,,,,2200.0,2200.0,2200.0,,,,1.0,,,,,,,,,,,,,,0,0,,,,,,,,,VB0000018960000010,KUND,KL,10.0,,X,,0,0,,,,,,,A,,,,0,,,,,,,,0,0,,0,0,,,COGS,,,,,,,,10.0,,,,,,,,0,,,,,,,,,,,1.0,,T90CLNT090,,,,,,,,,,,,,,,,,,,,0,,,,2020-01-03,01:01:10,,,0,0,,,,,,,,,,,0,,0,0,,,0,,,,,,,,0,,0,0,,,,,,,,,,0,0,,,,0,0,,L,False,2021-08-18 02:15:43.031469+00:00
800,18960,10,FI2-NAV-001003,FI2-NAV-001003,,,FIOMRP5,Car Charging Cable Mini USB,TAN,,,A,0,0,,,,,PC,1.0,1.0,PC,,,,,,,,,,,0,,,,,,,,1,1.0,2200.0,EUR,9.0,,,220.0,220.0,220.0,220.0,PC,1.0,1.0,,220.0,KG,,,,0,,0,,,,0,1.0,,,,,,,,100,2017-02-06,MRPUSER,22:41:03,,,,,,,,,,,,,10.0,1.0,PC,,X,2.0,A,,,,,,X,,,,,,,,2200.0,2200.0,2200.0,,,,1.0,,,,,,,,,,,,,,0,0,,,,,,,,,VB0000018960000010,KUND,KL,10.0,,X,,0,0,,,,,,,A,,,,0,,,,,,,,0,0,,0,0,,,COGS,,,,,,,,10.0,,,,,,,,0,,,,,,,,,,,1.0,,T90CLNT090,,,,,,,,,,,,,,,,,,,,0,,,,2020-01-03,01:01:10,,,0,0,,,,,,,,,,,0,,0,0,,,0,,,,,,,,0,,0,0,,,,,,,,,,0,0,,,,0,0,,I,False,2021-08-18 02:17:16.210832+00:00
800,18967,10,FI2-NAV-001005,FI2-NAV-001005,,,FIOMRP5,Windshild Universal Mount,TAN,,,A,0,0,,,,,PC,1.0,1.0,PC,,,,,,,,,,,0,,,,,,,,1,1.0,170.0,EUR,9.0,,,17.0,17.0,17.0,17.0,PC,1.0,1.0,,17.0,KG,,,,0,,0,,,,0,1.0,,,,,,,,100,2017-02-06,MRPUSER,22:41:07,,,,,,,,,,,,,10.0,1.0,PC,,X,2.0,A,,,,,,X,,,,,,,,170.0,170.0,170.0,,,,1.0,,,,,,,,,,,,,1.0,0,0,,,,,,,,,VB0000018967000010,,KSV,10.0,,X,,0,0,,,,,,,A,,,,0,,,,,,,,0,0,,0,0,,,,,,,,,,,10.0,,,,,,,,0,,,,,,,,,,,1.0,,T90CLNT090,,,,,,,,,,,,,,,,,,,,0,,,,2020-01-03,01:01:10,,,0,0,,,,,,,,,,,0,,0,0,,,0,,,,,,,,0,,0,0,,,,,,,,,,0,0,,,,0,0,,I,False,2021-08-18 02:17:16.210832+00:00
800,18961,10,FI2-NAV-001005,FI2-NAV-001005,,,FIOMRP5,Windshild Universal Mount,TAN,,,A,0,0,,,,,PC,1.0,1.0,PC,,,,,,,,,,,0,,,,,,,,1,1.0,350.0,EUR,9.0,,,35.0,35.0,35.0,35.0,PC,1.0,1.0,,35.0,KG,,,,0,,0,,,,0,1.0,,,,,,,,100,2017-02-06,MRPUSER,22:41:04,,,,,,,,,,,,,10.0,1.0,PC,,X,2.0,A,,,,,,X,,,,,,,,350.0,350.0,350.0,,,,1.0,,,,,,,,,,,,,1.0,0,0,,,,,,,,,VB0000018961000010,,KSV,10.0,,X,,0,0,,,,,,,A,,,,0,,,,,,,,0,0,,0,0,,,,,,,,,,,10.0,,,,,,,,0,,,,,,,,,,,1.0,,T90CLNT090,,,,,,,,,,,,,,,,,,,,0,,,,2020-01-03,01:01:10,,,0,0,,,,,,,,,,,0,,0,0,,,0,,,,,,,,0,,0,0,,,,,,,,,,0,0,,,,0,0,,I,False,2021-08-18 02:17:16.210832+00:00
800,18963,10,FI2-NAV-001005,FI2-NAV-001005,,,FIOMRP5,Windshild Universal Mount,TAN,,,A,0,0,,,,,PC,1.0,1.0,PC,,,,,,,,,,,0,,,,,,,,1,1.0,930.0,EUR,9.0,,,93.0,93.0,93.0,93.0,PC,1.0,1.0,,93.0,KG,,,,0,,0,,,,0,1.0,,,,,,,,100,2017-02-06,MRPUSER,22:41:05,,,,,,,,,,,,,10.0,1.0,PC,,X,2.0,A,,,,,,X,,,,,,,,930.0,930.0,930.0,,,,1.0,,,,,,,,,,,,,1.0,0,0,,,,,,,,,VB0000018963000010,,KSV,10.0,,X,,0,0,,,,,,,A,,,,0,,,,,,,,0,0,,0,0,,,,,,,,,,,10.0,,,,,,,,0,,,,,,,,,,,1.0,,T90CLNT090,,,,,,,,,,,,,,,,,,,,0,,,,2020-01-03,01:01:10,,,0,0,,,,,,,,,,,0,,0,0,,,0,,,,,,,,0,,0,0,,,,,,,,,,0,0,,,,0,0,,L,False,2021-08-18 02:15:43.031469+00:00
800,18965,10,FI2-NAV-001005,FI2-NAV-001005,,,FIOMRP5,Windshild Universal Mount,TAN,,,A,0,0,,,,,PC,1.0,1.0,PC,,,,,,,,,,,0,,,,,,,,1,1.0,880.0,EUR,9.0,,,88.0,88.0,88.0,88.0,PC,1.0,1.0,,88.0,KG,,,,0,,0,,,,0,1.0,,,,,,,,100,2017-02-06,MRPUSER,22:41:06,,,,,,,,,,,,,10.0,1.0,PC,,X,2.0,A,,,,,,X,,,,,,,,880.0,880.0,880.0,,,,1.0,,,,,,,,,,,,,1.0,0,0,,,,,,,,,VB0000018965000010,,KSV,10.0,,X,,0,0,,,,,,,A,,,,0,,,,,,,,0,0,,0,0,,,,,,,,,,,10.0,,,,,,,,0,,,,,,,,,,,1.0,,T90CLNT090,,,,,,,,,,,,,,,,,,,,0,,,,2020-01-03,01:01:10,,,0,0,,,,,,,,,,,0,,0,0,,,0,,,,,,,,0,,0,0,,,,,,,,,,0,0,,,,0,0,,L,False,2021-08-18 02:15:43.031469+00:00
800,18962,10,FI2-NAV-001005,FI2-NAV-001005,,,FIOMRP5,Windshild Universal Mount,TAN,,,A,0,0,,,,,PC,1.0,1.0,PC,,,,,,,,,,,0,,,,,,,,1,1.0,1670.0,EUR,9.0,,,167.0,167.0,167.0,167.0,PC,1.0,1.0,,167.0,KG,,,,0,,0,,,,0,1.0,,,,,,,,100,2017-02-06,MRPUSER,22:41:04,,,,,,,,,,,,,10.0,1.0,PC,,X,2.0,A,,,,,,X,,,,,,,,1670.0,1670.0,1670.0,,,,1.0,,,,,,,,,,,,,1.0,0,0,,,,,,,,,VB0000018962000010,,KSV,10.0,,X,,0,0,,,,,,,A,,,,0,,,,,,,,0,0,,0,0,,,,,,,,,,,10.0,,,,,,,,0,,,,,,,,,,,1.0,,T90CLNT090,,,,,,,,,,,,,,,,,,,,0,,,,2020-01-03,01:01:10,,,0,0,,,,,,,,,,,0,,0,0,,,0,,,,,,,,0,,0,0,,,,,,,,,,0,0,,,,0,0,,I,False,2021-08-18 02:17:16.210832+00:00
800,18966,10,FI2-NAV-001005,FI2-NAV-001005,,,FIOMRP5,Windshild Universal Mount,TAN,,,A,0,0,,,,,PC,1.0,1.0,PC,,,,,,,,,,,0,,,,,,,,1,1.0,310.0,EUR,9.0,,,31.0,31.0,31.0,31.0,PC,1.0,1.0,,31.0,KG,,,,0,,0,,,,0,1.0,,,,,,,,100,2017-02-06,MRPUSER,22:41:06,,,,,,,,,,,,,10.0,1.0,PC,,X,2.0,A,,,,,,X,,,,,,,,310.0,310.0,310.0,,,,1.0,,,,,,,,,,,,,1.0,0,0,,,,,,,,,VB0000018966000010,,KSV,10.0,,X,,0,0,,,,,,,A,,,,0,,,,,,,,0,0,,0,0,,,,,,,,,,,10.0,,,,,,,,0,,,,,,,,,,,1.0,,T90CLNT090,,,,,,,,,,,,,,,,,,,,0,,,,2020-01-03,01:01:10,,,0,0,,,,,,,,,,,0,,0,0,,,0,,,,,,,,0,,0,0,,,,,,,,,,0,0,,,,0,0,,I,False,2021-08-18 02:17:16.210832+00:00
800,18964,10,FI2-NAV-001005,FI2-NAV-001005,,,FIOMRP5,Windshild Universal Mount,TAN,,,A,0,0,,,,,PC,1.0,1.0,PC,,,,,,,,,,,0,,,,,,,,1,1.0,790.0,EUR,9.0,,,79.0,79.0,79.0,79.0,PC,1.0,1.0,,79.0,KG,,,,0,,0,,,,0,1.0,,,,,,,,100,2017-02-06,MRPUSER,22:41:05,,,,,,,,,,,,,10.0,1.0,PC,,X,2.0,A,,,,,,X,,,,,,,,790.0,790.0,790.0,,,,1.0,,,,,,,,,,,,,1.0,0,0,,,,,,,,,VB0000018964000010,,KSV,10.0,,X,,0,0,,,,,,,A,,,,0,,,,,,,,0,0,,0,0,,,,,,,,,,,10.0,,,,,,,,0,,,,,,,,,,,1.0,,T90CLNT090,,,,,,,,,,,,,,,,,,,,0,,,,2020-01-03,01:01:10,,,0,0,,,,,,,,,,,0,,0,0,,,0,,,,,,,,0,,0,0,,,,,,,,,,0,0,,,,0,0,,L,False,2021-08-18 02:15:43.031469+00:00
800,18963,10,FI2-NAV-001005,FI2-NAV-001005,,,FIOMRP5,Windshild Universal Mount,TAN,,,A,0,0,,,,,PC,1.0,1.0,PC,,,,,,,,,,,0,,,,,,,,1,1.0,930.0,EUR,9.0,,,93.0,93.0,93.0,93.0,PC,1.0,1.0,,93.0,KG,,,,0,,0,,,,0,1.0,,,,,,,,100,2017-02-06,MRPUSER,22:41:05,,,,,,,,,,,,,10.0,1.0,PC,,X,2.0,A,,,,,,X,,,,,,,,930.0,930.0,930.0,,,,1.0,,,,,,,,,,,,,1.0,0,0,,,,,,,,,VB0000018963000010,,KSV,10.0,,X,,0,0,,,,,,,A,,,,0,,,,,,,,0,0,,0,0,,,,,,,,,,,10.0,,,,,,,,0,,,,,,,,,,,1.0,,T90CLNT090,,,,,,,,,,,,,,,,,,,,0,,,,2020-01-03,01:01:10,,,0,0,,,,,,,,,,,0,,0,0,,,0,,,,,,,,0,,0,0,,,,,,,,,,0,0,,,,0,0,,I,False,2021-08-18 02:17:16.210832+00:00
800,18966,10,FI2-NAV-001005,FI2-NAV-001005,,,FIOMRP5,Windshild Universal Mount,TAN,,,A,0,0,,,,,PC,1.0,1.0,PC,,,,,,,,,,,0,,,,,,,,1,1.0,310.0,EUR,9.0,,,31.0,31.0,31.0,31.0,PC,1.0,1.0,,31.0,KG,,,,0,,0,,,,0,1.0,,,,,,,,100,2017-02-06,MRPUSER,22:41:06,,,,,,,,,,,,,10.0,1.0,PC,,X,2.0,A,,,,,,X,,,,,,,,310.0,310.0,310.0,,,,1.0,,,,,,,,,,,,,1.0,0,0,,,,,,,,,VB0000018966000010,,KSV,10.0,,X,,0,0,,,,,,,A,,,,0,,,,,,,,0,0,,0,0,,,,,,,,,,,10.0,,,,,,,,0,,,,,,,,,,,1.0,,T90CLNT090,,,,,,,,,,,,,,,,,,,,0,,,,2020-01-03,01:01:10,,,0,0,,,,,,,,,,,0,,0,0,,,0,,,,,,,,0,,0,0,,,,,,,,,,0,0,,,,0,0,,L,False,2021-08-18 02:15:43.031469+00:00
800,18965,10,FI2-NAV-001005,FI2-NAV-001005,,,FIOMRP5,Windshild Universal Mount,TAN,,,A,0,0,,,,,PC,1.0,1.0,PC,,,,,,,,,,,0,,,,,,,,1,1.0,880.0,EUR,9.0,,,88.0,88.0,88.0,88.0,PC,1.0,1.0,,88.0,KG,,,,0,,0,,,,0,1.0,,,,,,,,100,2017-02-06,MRPUSER,22:41:06,,,,,,,,,,,,,10.0,1.0,PC,,X,2.0,A,,,,,,X,,,,,,,,880.0,880.0,880.0,,,,1.0,,,,,,,,,,,,,1.0,0,0,,,,,,,,,VB0000018965000010,,KSV,10.0,,X,,0,0,,,,,,,A,,,,0,,,,,,,,0,0,,0,0,,,,,,,,,,,10.0,,,,,,,,0,,,,,,,,,,,1.0,,T90CLNT090,,,,,,,,,,,,,,,,,,,,0,,,,2020-01-03,01:01:10,,,0,0,,,,,,,,,,,0,,0,0,,,0,,,,,,,,0,,0,0,,,,,,,,,,0,0,,,,0,0,,I,False,2021-08-18 02:17:16.210832+00:00
800,18968,10,FI2-NAV-001005,FI2-NAV-001005,,,FIOMRP5,Windshild Universal Mount,TAN,,,A,0,0,,,,,PC,1.0,1.0,PC,,,,,,,,,,,0,,,,,,,,1,1.0,290.0,EUR,9.0,,,29.0,29.0,29.0,29.0,PC,1.0,1.0,,29.0,KG,,,,0,,0,,,,0,1.0,,,,,,,,100,2017-02-06,MRPUSER,22:41:07,,,,,,,,,,,,,10.0,1.0,PC,,X,2.0,A,,,,,,X,,,,,,,,290.0,290.0,290.0,,,,1.0,,,,,,,,,,,,,1.0,0,0,,,,,,,,,VB0000018968000010,,KSV,10.0,,X,,0,0,,,,,,,A,,,,0,,,,,,,,0,0,,0,0,,,,,,,,,,,10.0,,,,,,,,0,,,,,,,,,,,1.0,,T90CLNT090,,,,,,,,,,,,,,,,,,,,0,,,,2020-01-03,01:01:10,,,0,0,,,,,,,,,,,0,,0,0,,,0,,,,,,,,0,,0,0,,,,,,,,,,0,0,,,,0,0,,I,False,2021-08-18 02:17:16.210832+00:00
800,18962,10,FI2-NAV-001005,FI2-NAV-001005,,,FIOMRP5,Windshild Universal Mount,TAN,,,A,0,0,,,,,PC,1.0,1.0,PC,,,,,,,,,,,0,,,,,,,,1,1.0,1670.0,EUR,9.0,,,167.0,167.0,167.0,167.0,PC,1.0,1.0,,167.0,KG,,,,0,,0,,,,0,1.0,,,,,,,,100,2017-02-06,MRPUSER,22:41:04,,,,,,,,,,,,,10.0,1.0,PC,,X,2.0,A,,,,,,X,,,,,,,,1670.0,1670.0,1670.0,,,,1.0,,,,,,,,,,,,,1.0,0,0,,,,,,,,,VB0000018962000010,,KSV,10.0,,X,,0,0,,,,,,,A,,,,0,,,,,,,,0,0,,0,0,,,,,,,,,,,10.0,,,,,,,,0,,,,,,,,,,,1.0,,T90CLNT090,,,,,,,,,,,,,,,,,,,,0,,,,2020-01-03,01:01:10,,,0,0,,,,,,,,,,,0,,0,0,,,0,,,,,,,,0,,0,0,,,,,,,,,,0,0,,,,0,0,,L,False,2021-08-18 02:15:43.031469+00:00
800,18967,10,FI2-NAV-001005,FI2-NAV-001005,,,FIOMRP5,Windshild Universal Mount,TAN,,,A,0,0,,,,,PC,1.0,1.0,PC,,,,,,,,,,,0,,,,,,,,1,1.0,170.0,EUR,9.0,,,17.0,17.0,17.0,17.0,PC,1.0,1.0,,17.0,KG,,,,0,,0,,,,0,1.0,,,,,,,,100,2017-02-06,MRPUSER,22:41:07,,,,,,,,,,,,,10.0,1.0,PC,,X,2.0,A,,,,,,X,,,,,,,,170.0,170.0,170.0,,,,1.0,,,,,,,,,,,,,1.0,0,0,,,,,,,,,VB0000018967000010,,KSV,10.0,,X,,0,0,,,,,,,A,,,,0,,,,,,,,0,0,,0,0,,,,,,,,,,,10.0,,,,,,,,0,,,,,,,,,,,1.0,,T90CLNT090,,,,,,,,,,,,,,,,,,,,0,,,,2020-01-03,01:01:10,,,0,0,,,,,,,,,,,0,,0,0,,,0,,,,,,,,0,,0,0,,,,,,,,,,0,0,,,,0,0,,L,False,2021-08-18 02:15:43.031469+00:00
800,18964,10,FI2-NAV-001005,FI2-NAV-001005,,,FIOMRP5,Windshild Universal Mount,TAN,,,A,0,0,,,,,PC,1.0,1.0,PC,,,,,,,,,,,0,,,,,,,,1,1.0,790.0,EUR,9.0,,,79.0,79.0,79.0,79.0,PC,1.0,1.0,,79.0,KG,,,,0,,0,,,,0,1.0,,,,,,,,100,2017-02-06,MRPUSER,22:41:05,,,,,,,,,,,,,10.0,1.0,PC,,X,2.0,A,,,,,,X,,,,,,,,790.0,790.0,790.0,,,,1.0,,,,,,,,,,,,,1.0,0,0,,,,,,,,,VB0000018964000010,,KSV,10.0,,X,,0,0,,,,,,,A,,,,0,,,,,,,,0,0,,0,0,,,,,,,,,,,10.0,,,,,,,,0,,,,,,,,,,,1.0,,T90CLNT090,,,,,,,,,,,,,,,,,,,,0,,,,2020-01-03,01:01:10,,,0,0,,,,,,,,,,,0,,0,0,,,0,,,,,,,,0,,0,0,,,,,,,,,,0,0,,,,0,0,,I,False,2021-08-18 02:17:16.210832+00:00
800,18968,10,FI2-NAV-001005,FI2-NAV-001005,,,FIOMRP5,Windshild Universal Mount,TAN,,,A,0,0,,,,,PC,1.0,1.0,PC,,,,,,,,,,,0,,,,,,,,1,1.0,290.0,EUR,9.0,,,29.0,29.0,29.0,29.0,PC,1.0,1.0,,29.0,KG,,,,0,,0,,,,0,1.0,,,,,,,,100,2017-02-06,MRPUSER,22:41:07,,,,,,,,,,,,,10.0,1.0,PC,,X,2.0,A,,,,,,X,,,,,,,,290.0,290.0,290.0,,,,1.0,,,,,,,,,,,,,1.0,0,0,,,,,,,,,VB0000018968000010,,KSV,10.0,,X,,0,0,,,,,,,A,,,,0,,,,,,,,0,0,,0,0,,,,,,,,,,,10.0,,,,,,,,0,,,,,,,,,,,1.0,,T90CLNT090,,,,,,,,,,,,,,,,,,,,0,,,,2020-01-03,01:01:10,,,0,0,,,,,,,,,,,0,,0,0,,,0,,,,,,,,0,,0,0,,,,,,,,,,0,0,,,,0,0,,L,False,2021-08-18 02:15:43.031469+00:00
800,18961,10,FI2-NAV-001005,FI2-NAV-001005,,,FIOMRP5,Windshild Universal Mount,TAN,,,A,0,0,,,,,PC,1.0,1.0,PC,,,,,,,,,,,0,,,,,,,,1,1.0,350.0,EUR,9.0,,,35.0,35.0,35.0,35.0,PC,1.0,1.0,,35.0,KG,,,,0,,0,,,,0,1.0,,,,,,,,100,2017-02-06,MRPUSER,22:41:04,,,,,,,,,,,,,10.0,1.0,PC,,X,2.0,A,,,,,,X,,,,,,,,350.0,350.0,350.0,,,,1.0,,,,,,,,,,,,,1.0,0,0,,,,,,,,,VB0000018961000010,,KSV,10.0,,X,,0,0,,,,,,,A,,,,0,,,,,,,,0,0,,0,0,,,,,,,,,,,10.0,,,,,,,,0,,,,,,,,,,,1.0,,T90CLNT090,,,,,,,,,,,,,,,,,,,,0,,,,2020-01-03,01:01:10,,,0,0,,,,,,,,,,,0,,0,0,,,0,,,,,,,,0,,0,0,,,,,,,,,,0,0,,,,0,0,,L,False,2021-08-18 02:15:43.031469+00:00
800,18953,10,FI2-NAV-001021,FI2-NAV-001021,,,FIOMRP5,NAV 300 - GPS Navigation System,TAN,,,A,0,0,,,,,PC,1.0,1.0,PC,,,,,,,,,,,0,,,,,,,,1,1.0,400.0,EUR,9.0,,,40.0,40.0,40.0,40.0,PC,1.0,1.0,,40.0,KG,,,,0,,0,,,,0,1.0,,,,,,,,100,2017-02-06,MRPUSER,22:40:59,,,,,,,,,,,,,10.0,1.0,PC,,X,2.0,A,,,,,,X,,,,,,,,400.0,400.0,400.0,,,,1.0,,,,,,,,,,,,,1.0,0,0,,,,,,,,,VB0000018953000010,,KSV,10.0,,X,,0,0,,,,,,,A,,,,0,,,,,,,,0,0,,0,0,,,,,,,,,,,10.0,,,,,,,,0,,,,,,,,,,,1.0,,T90CLNT090,,,,,,,,,,,,,,,,,,,,0,,,,2020-01-03,01:01:10,,,0,0,,,,,,,,,,,0,,0,0,,,0,,,,,,,,0,,0,0,,,,,,,,,,0,0,,,,0,0,,L,False,2021-08-18 02:15:43.031469+00:00
800,18955,10,FI2-NAV-001021,FI2-NAV-001021,,,FIOMRP5,NAV 300 - GPS Navigation System,TAN,,,A,0,0,,,,,PC,1.0,1.0,PC,,,,,,,,,,,0,,,,,,,,1,1.0,600.0,EUR,9.0,,,60.0,60.0,60.0,60.0,PC,1.0,1.0,,60.0,KG,,,,0,,0,,,,0,1.0,,,,,,,,100,2017-02-06,MRPUSER,22:41:00,,,,,,,,,,,,,10.0,1.0,PC,,X,2.0,A,,,,,,X,,,,,,,,600.0,600.0,600.0,,,,1.0,,,,,,,,,,,,,1.0,0,0,,,,,,,,,VB0000018955000010,,KSV,10.0,,X,,0,0,,,,,,,A,,,,0,,,,,,,,0,0,,0,0,,,,,,,,,,,10.0,,,,,,,,0,,,,,,,,,,,1.0,,T90CLNT090,,,,,,,,,,,,,,,,,,,,0,,,,2020-01-03,01:01:10,,,0,0,,,,,,,,,,,0,,0,0,,,0,,,,,,,,0,,0,0,,,,,,,,,,0,0,,,,0,0,,I,False,2021-08-18 02:17:16.210832+00:00
800,18954,10,FI2-NAV-001021,FI2-NAV-001021,,,FIOMRP5,NAV 300 - GPS Navigation System,TAN,,,A,0,0,,,,,PC,1.0,1.0,PC,,,,,,,,,,,0,,,,,,,,1,1.0,400.0,EUR,9.0,,,40.0,40.0,40.0,40.0,PC,1.0,1.0,,40.0,KG,,,,0,,0,,,,0,1.0,,,,,,,,100,2017-02-06,MRPUSER,22:41:00,,,,,,,,,,,,,10.0,1.0,PC,,X,2.0,A,,,,,,X,,,,,,,,400.0,400.0,400.0,,,,1.0,,,,,,,,,,,,,1.0,0,0,,,,,,,,,VB0000018954000010,,KSV,10.0,,X,,0,0,,,,,,,A,,,,0,,,,,,,,0,0,,0,0,,,,,,,,,,,10.0,,,,,,,,0,,,,,,,,,,,1.0,,T90CLNT090,,,,,,,,,,,,,,,,,,,,0,,,,2020-01-03,01:01:10,,,0,0,,,,,,,,,,,0,,0,0,,,0,,,,,,,,0,,0,0,,,,,,,,,,0,0,,,,0,0,,L,False,2021-08-18 02:15:43.031469+00:00
800,18953,10,FI2-NAV-001021,FI2-NAV-001021,,,FIOMRP5,NAV 300 - GPS Navigation System,TAN,,,A,0,0,,,,,PC,1.0,1.0,PC,,,,,,,,,,,0,,,,,,,,1,1.0,400.0,EUR,9.0,,,40.0,40.0,40.0,40.0,PC,1.0,1.0,,40.0,KG,,,,0,,0,,,,0,1.0,,,,,,,,100,2017-02-06,MRPUSER,22:40:59,,,,,,,,,,,,,10.0,1.0,PC,,X,2.0,A,,,,,,X,,,,,,,,400.0,400.0,400.0,,,,1.0,,,,,,,,,,,,,1.0,0,0,,,,,,,,,VB0000018953000010,,KSV,10.0,,X,,0,0,,,,,,,A,,,,0,,,,,,,,0,0,,0,0,,,,,,,,,,,10.0,,,,,,,,0,,,,,,,,,,,1.0,,T90CLNT090,,,,,,,,,,,,,,,,,,,,0,,,,2020-01-03,01:01:10,,,0,0,,,,,,,,,,,0,,0,0,,,0,,,,,,,,0,,0,0,,,,,,,,,,0,0,,,,0,0,,I,False,2021-08-18 02:17:16.210832+00:00
800,18955,10,FI2-NAV-001021,FI2-NAV-001021,,,FIOMRP5,NAV 300 - GPS Navigation System,TAN,,,A,0,0,,,,,PC,1.0,1.0,PC,,,,,,,,,,,0,,,,,,,,1,1.0,600.0,EUR,9.0,,,60.0,60.0,60.0,60.0,PC,1.0,1.0,,60.0,KG,,,,0,,0,,,,0,1.0,,,,,,,,100,2017-02-06,MRPUSER,22:41:00,,,,,,,,,,,,,10.0,1.0,PC,,X,2.0,A,,,,,,X,,,,,,,,600.0,600.0,600.0,,,,1.0,,,,,,,,,,,,,1.0,0,0,,,,,,,,,VB0000018955000010,,KSV,10.0,,X,,0,0,,,,,,,A,,,,0,,,,,,,,0,0,,0,0,,,,,,,,,,,10.0,,,,,,,,0,,,,,,,,,,,1.0,,T90CLNT090,,,,,,,,,,,,,,,,,,,,0,,,,2020-01-03,01:01:10,,,0,0,,,,,,,,,,,0,,0,0,,,0,,,,,,,,0,,0,0,,,,,,,,,,0,0,,,,0,0,,L,False,2021-08-18 02:15:43.031469+00:00
800,18954,10,FI2-NAV-001021,FI2-NAV-001021,,,FIOMRP5,NAV 300 - GPS Navigation System,TAN,,,A,0,0,,,,,PC,1.0,1.0,PC,,,,,,,,,,,0,,,,,,,,1,1.0,400.0,EUR,9.0,,,40.0,40.0,40.0,40.0,PC,1.0,1.0,,40.0,KG,,,,0,,0,,,,0,1.0,,,,,,,,100,2017-02-06,MRPUSER,22:41:00,,,,,,,,,,,,,10.0,1.0,PC,,X,2.0,A,,,,,,X,,,,,,,,400.0,400.0,400.0,,,,1.0,,,,,,,,,,,,,1.0,0,0,,,,,,,,,VB0000018954000010,,KSV,10.0,,X,,0,0,,,,,,,A,,,,0,,,,,,,,0,0,,0,0,,,,,,,,,,,10.0,,,,,,,,0,,,,,,,,,,,1.0,,T90CLNT090,,,,,,,,,,,,,,,,,,,,0,,,,2020-01-03,01:01:10,,,0,0,,,,,,,,,,,0,,0,0,,,0,,,,,,,,0,,0,0,,,,,,,,,,0,0,,,,0,0,,I,False,2021-08-18 02:17:16.210832+00:00
800,19261,10,FI3-NAV-001001,FI3-NAV-001001,,,FIOMRP5,USB Charger 230V,TAN,,,A,0,0,,,,,PC,1.0,1.0,PC,,,,,,,,,,,0,,,,,,,,1,1.0,3650.0,EUR,9.0,,,365.0,365.0,365.0,365.0,PC,1.0,1.0,,365.0,KG,,,,0,,0,,,,0,1.0,,,,,,,,100,2017-02-06,MRPUSER,22:54:00,,,,,,,,,,,,,10.0,1.0,PC,,X,2.0,A,,,,,,X,,,,,,,,3650.0,3650.0,3650.0,,,,1.0,,,,,,,,,,,,,1.0,0,0,,,,,,,,,VB0000019261000010,,KSV,10.0,,X,,0,0,,,,,,,A,,,,0,,,,,,,,0,0,,0,0,,,,,,,,,,,10.0,,,,,,,,0,,,,,,,,,,,1.0,,T90CLNT090,,,,,,,,,,,,,,,,,,,,0,,,,2020-01-03,01:01:10,,,0,0,,,,,,,,,,,0,,0,0,,,0,,,,,,,,0,,0,0,,,,,,,,,,0,0,,,,0,0,,L,False,2021-08-18 02:15:43.031469+00:00
800,19261,10,FI3-NAV-001001,FI3-NAV-001001,,,FIOMRP5,USB Charger 230V,TAN,,,A,0,0,,,,,PC,1.0,1.0,PC,,,,,,,,,,,0,,,,,,,,1,1.0,3650.0,EUR,9.0,,,365.0,365.0,365.0,365.0,PC,1.0,1.0,,365.0,KG,,,,0,,0,,,,0,1.0,,,,,,,,100,2017-02-06,MRPUSER,22:54:00,,,,,,,,,,,,,10.0,1.0,PC,,X,2.0,A,,,,,,X,,,,,,,,3650.0,3650.0,3650.0,,,,1.0,,,,,,,,,,,,,1.0,0,0,,,,,,,,,VB0000019261000010,,KSV,10.0,,X,,0,0,,,,,,,A,,,,0,,,,,,,,0,0,,0,0,,,,,,,,,,,10.0,,,,,,,,0,,,,,,,,,,,1.0,,T90CLNT090,,,,,,,,,,,,,,,,,,,,0,,,,2020-01-03,01:01:10,,,0,0,,,,,,,,,,,0,,0,0,,,0,,,,,,,,0,,0,0,,,,,,,,,,0,0,,,,0,0,,I,False,2021-08-18 02:17:16.210832+00:00
800,19260,10,FI3-NAV-001001,FI3-NAV-001001,,,FIOMRP5,USB Charger 230V,TAN,,,A,0,0,,,,,PC,1.0,1.0,PC,,,,,,,,,,,0,,,,,,,,1,1.0,2300.0,EUR,9.0,,,230.0,230.0,230.0,230.0,PC,1.0,1.0,,230.0,KG,,,,0,,0,,,,0,1.0,,,,,,,,100,2017-02-06,MRPUSER,22:54:00,,,,,,,,,,,,,10.0,1.0,PC,,X,2.0,A,,,,,,X,,,,,,,,2300.0,2300.0,2300.0,,,,1.0,,,,,,,,,,,,,1.0,0,0,,,,,,,,,VB0000019260000010,,KSV,10.0,,X,,0,0,,,,,,,A,,,,0,,,,,,,,0,0,,0,0,,,,,,,,,,,10.0,,,,,,,,0,,,,,,,,,,,1.0,,T90CLNT090,,,,,,,,,,,,,,,,,,,,0,,,,2020-01-03,01:01:10,,,0,0,,,,,,,,,,,0,,0,0,,,0,,,,,,,,0,,0,0,,,,,,,,,,0,0,,,,0,0,,L,False,2021-08-18 02:15:43.031469+00:00
800,19260,10,FI3-NAV-001001,FI3-NAV-001001,,,FIOMRP5,USB Charger 230V,TAN,,,A,0,0,,,,,PC,1.0,1.0,PC,,,,,,,,,,,0,,,,,,,,1,1.0,2300.0,EUR,9.0,,,230.0,230.0,230.0,230.0,PC,1.0,1.0,,230.0,KG,,,,0,,0,,,,0,1.0,,,,,,,,100,2017-02-06,MRPUSER,22:54:00,,,,,,,,,,,,,10.0,1.0,PC,,X,2.0,A,,,,,,X,,,,,,,,2300.0,2300.0,2300.0,,,,1.0,,,,,,,,,,,,,1.0,0,0,,,,,,,,,VB0000019260000010,,KSV,10.0,,X,,0,0,,,,,,,A,,,,0,,,,,,,,0,0,,0,0,,,,,,,,,,,10.0,,,,,,,,0,,,,,,,,,,,1.0,,T90CLNT090,,,,,,,,,,,,,,,,,,,,0,,,,2020-01-03,01:01:10,,,0,0,,,,,,,,,,,0,,0,0,,,0,,,,,,,,0,,0,0,,,,,,,,,,0,0,,,,0,0,,I,False,2021-08-18 02:17:16.210832+00:00
800,19259,10,FI3-NAV-001001,FI3-NAV-001001,,,FIOMRP5,USB Charger 230V,TAN,,,A,0,0,,,,,PC,1.0,1.0,PC,,,,,,,,,,,0,,,,,,,,1,1.0,650.0,EUR,9.0,,,65.0,65.0,65.0,65.0,PC,1.0,1.0,,65.0,KG,,,,0,,0,,,,0,1.0,,,,,,,,100,2017-02-06,MRPUSER,22:54:00,,,,,,,,,,,,,10.0,1.0,PC,,X,2.0,A,,,,,,X,,,,,,,,650.0,650.0,650.0,,,,1.0,,,,,,,,,,,,,1.0,0,0,,,,,,,,,VB0000019259000010,,KSV,10.0,,X,,0,0,,,,,,,A,,,,0,,,,,,,,0,0,,0,0,,,,,,,,,,,10.0,,,,,,,,0,,,,,,,,,,,1.0,,T90CLNT090,,,,,,,,,,,,,,,,,,,,0,,,,2020-01-03,01:01:10,,,0,0,,,,,,,,,,,0,,0,0,,,0,,,,,,,,0,,0,0,,,,,,,,,,0,0,,,,0,0,,I,False,2021-08-18 02:17:16.210832+00:00
800,19259,10,FI3-NAV-001001,FI3-NAV-001001,,,FIOMRP5,USB Charger 230V,TAN,,,A,0,0,,,,,PC,1.0,1.0,PC,,,,,,,,,,,0,,,,,,,,1,1.0,650.0,EUR,9.0,,,65.0,65.0,65.0,65.0,PC,1.0,1.0,,65.0,KG,,,,0,,0,,,,0,1.0,,,,,,,,100,2017-02-06,MRPUSER,22:54:00,,,,,,,,,,,,,10.0,1.0,PC,,X,2.0,A,,,,,,X,,,,,,,,650.0,650.0,650.0,,,,1.0,,,,,,,,,,,,,1.0,0,0,,,,,,,,,VB0000019259000010,,KSV,10.0,,X,,0,0,,,,,,,A,,,,0,,,,,,,,0,0,,0,0,,,,,,,,,,,10.0,,,,,,,,0,,,,,,,,,,,1.0,,T90CLNT090,,,,,,,,,,,,,,,,,,,,0,,,,2020-01-03,01:01:10,,,0,0,,,,,,,,,,,0,,0,0,,,0,,,,,,,,0,,0,0,,,,,,,,,,0,0,,,,0,0,,L,False,2021-08-18 02:15:43.031469+00:00
800,19262,10,FI3-NAV-001003,FI3-NAV-001003,,,FIOMRP5,Car Charging Cable Mini USB,TAN,,,A,0,0,,,,,PC,1.0,1.0,PC,,,,,,,,,,,0,,,,,,,,1,1.0,1500.0,EUR,9.0,,,150.0,150.0,150.0,150.0,PC,1.0,1.0,,150.0,KG,,,,0,,0,,,,0,1.0,,,,,,,,100,2017-02-06,MRPUSER,22:54:01,,,,,,,,,,,,,10.0,1.0,PC,,X,2.0,A,,,,,,X,,,,,,,,1500.0,1500.0,1500.0,,,,1.0,,,,,,,,,,,,,,0,0,,,,,,,,,VB0000019262000010,KUND,KL,10.0,,X,,0,0,,,,,,,A,,,,0,,,,,,,,0,0,,0,0,,,COGS,,,,,,,,10.0,,,,,,,,0,,,,,,,,,,,1.0,,T90CLNT090,,,,,,,,,,,,,,,,,,,,0,,,,2020-01-03,01:01:10,,,0,0,,,,,,,,,,,0,,0,0,,,0,,,,,,,,0,,0,0,,,,,,,,,,0,0,,,,0,0,,I,False,2021-08-18 02:17:16.210832+00:00
800,19263,10,FI3-NAV-001003,FI3-NAV-001003,,,FIOMRP5,Car Charging Cable Mini USB,TAN,,,A,0,0,,,,,PC,1.0,1.0,PC,,,,,,,,,,,0,,,,,,,,1,1.0,2200.0,EUR,9.0,,,220.0,220.0,220.0,220.0,PC,1.0,1.0,,220.0,KG,,,,0,,0,,,,0,1.0,,,,,,,,100,2017-02-06,MRPUSER,22:54:02,,,,,,,,,,,,,10.0,1.0,PC,,X,2.0,A,,,,,,X,,,,,,,,2200.0,2200.0,2200.0,,,,1.0,,,,,,,,,,,,,,0,0,,,,,,,,,VB0000019263000010,KUND,KL,10.0,,X,,0,0,,,,,,,A,,,,0,,,,,,,,0,0,,0,0,,,COGS,,,,,,,,10.0,,,,,,,,0,,,,,,,,,,,1.0,,T90CLNT090,,,,,,,,,,,,,,,,,,,,0,,,,2020-01-03,01:01:10,,,0,0,,,,,,,,,,,0,,0,0,,,0,,,,,,,,0,,0,0,,,,,,,,,,0,0,,,,0,0,,L,False,2021-08-18 02:15:43.031469+00:00
800,19262,10,FI3-NAV-001003,FI3-NAV-001003,,,FIOMRP5,Car Charging Cable Mini USB,TAN,,,A,0,0,,,,,PC,1.0,1.0,PC,,,,,,,,,,,0,,,,,,,,1,1.0,1500.0,EUR,9.0,,,150.0,150.0,150.0,150.0,PC,1.0,1.0,,150.0,KG,,,,0,,0,,,,0,1.0,,,,,,,,100,2017-02-06,MRPUSER,22:54:01,,,,,,,,,,,,,10.0,1.0,PC,,X,2.0,A,,,,,,X,,,,,,,,1500.0,1500.0,1500.0,,,,1.0,,,,,,,,,,,,,,0,0,,,,,,,,,VB0000019262000010,KUND,KL,10.0,,X,,0,0,,,,,,,A,,,,0,,,,,,,,0,0,,0,0,,,COGS,,,,,,,,10.0,,,,,,,,0,,,,,,,,,,,1.0,,T90CLNT090,,,,,,,,,,,,,,,,,,,,0,,,,2020-01-03,01:01:10,,,0,0,,,,,,,,,,,0,,0,0,,,0,,,,,,,,0,,0,0,,,,,,,,,,0,0,,,,0,0,,L,False,2021-08-18 02:15:43.031469+00:00
800,19263,10,FI3-NAV-001003,FI3-NAV-001003,,,FIOMRP5,Car Charging Cable Mini USB,TAN,,,A,0,0,,,,,PC,1.0,1.0,PC,,,,,,,,,,,0,,,,,,,,1,1.0,2200.0,EUR,9.0,,,220.0,220.0,220.0,220.0,PC,1.0,1.0,,220.0,KG,,,,0,,0,,,,0,1.0,,,,,,,,100,2017-02-06,MRPUSER,22:54:02,,,,,,,,,,,,,10.0,1.0,PC,,X,2.0,A,,,,,,X,,,,,,,,2200.0,2200.0,2200.0,,,,1.0,,,,,,,,,,,,,,0,0,,,,,,,,,VB0000019263000010,KUND,KL,10.0,,X,,0,0,,,,,,,A,,,,0,,,,,,,,0,0,,0,0,,,COGS,,,,,,,,10.0,,,,,,,,0,,,,,,,,,,,1.0,,T90CLNT090,,,,,,,,,,,,,,,,,,,,0,,,,2020-01-03,01:01:10,,,0,0,,,,,,,,,,,0,,0,0,,,0,,,,,,,,0,,0,0,,,,,,,,,,0,0,,,,0,0,,I,False,2021-08-18 02:17:16.210832+00:00
800,19267,10,FI3-NAV-001005,FI3-NAV-001005,,,FIOMRP5,Windshild Universal Mount,TAN,,,A,0,0,,,,,PC,1.0,1.0,PC,,,,,,,,,,,0,,,,,,,,1,1.0,790.0,EUR,9.0,,,79.0,79.0,79.0,79.0,PC,1.0,1.0,,79.0,KG,,,,0,,0,,,,0,1.0,,,,,,,,100,2017-02-06,MRPUSER,22:54:04,,,,,,,,,,,,,10.0,1.0,PC,,X,2.0,A,,,,,,X,,,,,,,,790.0,790.0,790.0,,,,1.0,,,,,,,,,,,,,1.0,0,0,,,,,,,,,VB0000019267000010,,KSV,10.0,,X,,0,0,,,,,,,A,,,,0,,,,,,,,0,0,,0,0,,,,,,,,,,,10.0,,,,,,,,0,,,,,,,,,,,1.0,,T90CLNT090,,,,,,,,,,,,,,,,,,,,0,,,,2020-01-03,01:01:10,,,0,0,,,,,,,,,,,0,,0,0,,,0,,,,,,,,0,,0,0,,,,,,,,,,0,0,,,,0,0,,L,False,2021-08-18 02:15:43.031469+00:00
800,19269,10,FI3-NAV-001005,FI3-NAV-001005,,,FIOMRP5,Windshild Universal Mount,TAN,,,A,0,0,,,,,PC,1.0,1.0,PC,,,,,,,,,,,0,,,,,,,,1,1.0,310.0,EUR,9.0,,,31.0,31.0,31.0,31.0,PC,1.0,1.0,,31.0,KG,,,,0,,0,,,,0,1.0,,,,,,,,100,2017-02-06,MRPUSER,22:54:05,,,,,,,,,,,,,10.0,1.0,PC,,X,2.0,A,,,,,,X,,,,,,,,310.0,310.0,310.0,,,,1.0,,,,,,,,,,,,,1.0,0,0,,,,,,,,,VB0000019269000010,,KSV,10.0,,X,,0,0,,,,,,,A,,,,0,,,,,,,,0,0,,0,0,,,,,,,,,,,10.0,,,,,,,,0,,,,,,,,,,,1.0,,T90CLNT090,,,,,,,,,,,,,,,,,,,,0,,,,2020-01-03,01:01:10,,,0,0,,,,,,,,,,,0,,0,0,,,0,,,,,,,,0,,0,0,,,,,,,,,,0,0,,,,0,0,,I,False,2021-08-18 02:17:16.210832+00:00
800,19271,10,FI3-NAV-001005,FI3-NAV-001005,,,FIOMRP5,Windshild Universal Mount,TAN,,,A,0,0,,,,,PC,1.0,1.0,PC,,,,,,,,,,,0,,,,,,,,1,1.0,290.0,EUR,9.0,,,29.0,29.0,29.0,29.0,PC,1.0,1.0,,29.0,KG,,,,0,,0,,,,0,1.0,,,,,,,,100,2017-02-06,MRPUSER,22:54:05,,,,,,,,,,,,,10.0,1.0,PC,,X,2.0,A,,,,,,X,,,,,,,,290.0,290.0,290.0,,,,1.0,,,,,,,,,,,,,1.0,0,0,,,,,,,,,VB0000019271000010,,KSV,10.0,,X,,0,0,,,,,,,A,,,,0,,,,,,,,0,0,,0,0,,,,,,,,,,,10.0,,,,,,,,0,,,,,,,,,,,1.0,,T90CLNT090,,,,,,,,,,,,,,,,,,,,0,,,,2020-01-03,01:01:10,,,0,0,,,,,,,,,,,0,,0,0,,,0,,,,,,,,0,,0,0,,,,,,,,,,0,0,,,,0,0,,I,False,2021-08-18 02:17:16.210832+00:00
800,19269,10,FI3-NAV-001005,FI3-NAV-001005,,,FIOMRP5,Windshild Universal Mount,TAN,,,A,0,0,,,,,PC,1.0,1.0,PC,,,,,,,,,,,0,,,,,,,,1,1.0,310.0,EUR,9.0,,,31.0,31.0,31.0,31.0,PC,1.0,1.0,,31.0,KG,,,,0,,0,,,,0,1.0,,,,,,,,100,2017-02-06,MRPUSER,22:54:05,,,,,,,,,,,,,10.0,1.0,PC,,X,2.0,A,,,,,,X,,,,,,,,310.0,310.0,310.0,,,,1.0,,,,,,,,,,,,,1.0,0,0,,,,,,,,,VB0000019269000010,,KSV,10.0,,X,,0,0,,,,,,,A,,,,0,,,,,,,,0,0,,0,0,,,,,,,,,,,10.0,,,,,,,,0,,,,,,,,,,,1.0,,T90CLNT090,,,,,,,,,,,,,,,,,,,,0,,,,2020-01-03,01:01:10,,,0,0,,,,,,,,,,,0,,0,0,,,0,,,,,,,,0,,0,0,,,,,,,,,,0,0,,,,0,0,,L,False,2021-08-18 02:15:43.031469+00:00
800,19271,10,FI3-NAV-001005,FI3-NAV-001005,,,FIOMRP5,Windshild Universal Mount,TAN,,,A,0,0,,,,,PC,1.0,1.0,PC,,,,,,,,,,,0,,,,,,,,1,1.0,290.0,EUR,9.0,,,29.0,29.0,29.0,29.0,PC,1.0,1.0,,29.0,KG,,,,0,,0,,,,0,1.0,,,,,,,,100,2017-02-06,MRPUSER,22:54:05,,,,,,,,,,,,,10.0,1.0,PC,,X,2.0,A,,,,,,X,,,,,,,,290.0,290.0,290.0,,,,1.0,,,,,,,,,,,,,1.0,0,0,,,,,,,,,VB0000019271000010,,KSV,10.0,,X,,0,0,,,,,,,A,,,,0,,,,,,,,0,0,,0,0,,,,,,,,,,,10.0,,,,,,,,0,,,,,,,,,,,1.0,,T90CLNT090,,,,,,,,,,,,,,,,,,,,0,,,,2020-01-03,01:01:10,,,0,0,,,,,,,,,,,0,,0,0,,,0,,,,,,,,0,,0,0,,,,,,,,,,0,0,,,,0,0,,L,False,2021-08-18 02:15:43.031469+00:00
800,19268,10,FI3-NAV-001005,FI3-NAV-001005,,,FIOMRP5,Windshild Universal Mount,TAN,,,A,0,0,,,,,PC,1.0,1.0,PC,,,,,,,,,,,0,,,,,,,,1,1.0,880.0,EUR,9.0,,,88.0,88.0,88.0,88.0,PC,1.0,1.0,,88.0,KG,,,,0,,0,,,,0,1.0,,,,,,,,100,2017-02-06,MRPUSER,22:54:04,,,,,,,,,,,,,10.0,1.0,PC,,X,2.0,A,,,,,,X,,,,,,,,880.0,880.0,880.0,,,,1.0,,,,,,,,,,,,,1.0,0,0,,,,,,,,,VB0000019268000010,,KSV,10.0,,X,,0,0,,,,,,,A,,,,0,,,,,,,,0,0,,0,0,,,,,,,,,,,10.0,,,,,,,,0,,,,,,,,,,,1.0,,T90CLNT090,,,,,,,,,,,,,,,,,,,,0,,,,2020-01-03,01:01:10,,,0,0,,,,,,,,,,,0,,0,0,,,0,,,,,,,,0,,0,0,,,,,,,,,,0,0,,,,0,0,,I,False,2021-08-18 02:17:16.210832+00:00
800,19267,10,FI3-NAV-001005,FI3-NAV-001005,,,FIOMRP5,Windshild Universal Mount,TAN,,,A,0,0,,,,,PC,1.0,1.0,PC,,,,,,,,,,,0,,,,,,,,1,1.0,790.0,EUR,9.0,,,79.0,79.0,79.0,79.0,PC,1.0,1.0,,79.0,KG,,,,0,,0,,,,0,1.0,,,,,,,,100,2017-02-06,MRPUSER,22:54:04,,,,,,,,,,,,,10.0,1.0,PC,,X,2.0,A,,,,,,X,,,,,,,,790.0,790.0,790.0,,,,1.0,,,,,,,,,,,,,1.0,0,0,,,,,,,,,VB0000019267000010,,KSV,10.0,,X,,0,0,,,,,,,A,,,,0,,,,,,,,0,0,,0,0,,,,,,,,,,,10.0,,,,,,,,0,,,,,,,,,,,1.0,,T90CLNT090,,,,,,,,,,,,,,,,,,,,0,,,,2020-01-03,01:01:10,,,0,0,,,,,,,,,,,0,,0,0,,,0,,,,,,,,0,,0,0,,,,,,,,,,0,0,,,,0,0,,I,False,2021-08-18 02:17:16.210832+00:00
800,19264,10,FI3-NAV-001005,FI3-NAV-001005,,,FIOMRP5,Windshild Universal Mount,TAN,,,A,0,0,,,,,PC,1.0,1.0,PC,,,,,,,,,,,0,,,,,,,,1,1.0,350.0,EUR,9.0,,,35.0,35.0,35.0,35.0,PC,1.0,1.0,,35.0,KG,,,,0,,0,,,,0,1.0,,,,,,,,100,2017-02-06,MRPUSER,22:54:02,,,,,,,,,,,,,10.0,1.0,PC,,X,2.0,A,,,,,,X,,,,,,,,350.0,350.0,350.0,,,,1.0,,,,,,,,,,,,,1.0,0,0,,,,,,,,,VB0000019264000010,,KSV,10.0,,X,,0,0,,,,,,,A,,,,0,,,,,,,,0,0,,0,0,,,,,,,,,,,10.0,,,,,,,,0,,,,,,,,,,,1.0,,T90CLNT090,,,,,,,,,,,,,,,,,,,,0,,,,2020-01-03,01:01:10,,,0,0,,,,,,,,,,,0,,0,0,,,0,,,,,,,,0,,0,0,,,,,,,,,,0,0,,,,0,0,,L,False,2021-08-18 02:15:43.031469+00:00
800,19264,10,FI3-NAV-001005,FI3-NAV-001005,,,FIOMRP5,Windshild Universal Mount,TAN,,,A,0,0,,,,,PC,1.0,1.0,PC,,,,,,,,,,,0,,,,,,,,1,1.0,350.0,EUR,9.0,,,35.0,35.0,35.0,35.0,PC,1.0,1.0,,35.0,KG,,,,0,,0,,,,0,1.0,,,,,,,,100,2017-02-06,MRPUSER,22:54:02,,,,,,,,,,,,,10.0,1.0,PC,,X,2.0,A,,,,,,X,,,,,,,,350.0,350.0,350.0,,,,1.0,,,,,,,,,,,,,1.0,0,0,,,,,,,,,VB0000019264000010,,KSV,10.0,,X,,0,0,,,,,,,A,,,,0,,,,,,,,0,0,,0,0,,,,,,,,,,,10.0,,,,,,,,0,,,,,,,,,,,1.0,,T90CLNT090,,,,,,,,,,,,,,,,,,,,0,,,,2020-01-03,01:01:10,,,0,0,,,,,,,,,,,0,,0,0,,,0,,,,,,,,0,,0,0,,,,,,,,,,0,0,,,,0,0,,I,False,2021-08-18 02:17:16.210832+00:00
800,19265,10,FI3-NAV-001005,FI3-NAV-001005,,,FIOMRP5,Windshild Universal Mount,TAN,,,A,0,0,,,,,PC,1.0,1.0,PC,,,,,,,,,,,0,,,,,,,,1,1.0,1670.0,EUR,9.0,,,167.0,167.0,167.0,167.0,PC,1.0,1.0,,167.0,KG,,,,0,,0,,,,0,1.0,,,,,,,,100,2017-02-06,MRPUSER,22:54:03,,,,,,,,,,,,,10.0,1.0,PC,,X,2.0,A,,,,,,X,,,,,,,,1670.0,1670.0,1670.0,,,,1.0,,,,,,,,,,,,,1.0,0,0,,,,,,,,,VB0000019265000010,,KSV,10.0,,X,,0,0,,,,,,,A,,,,0,,,,,,,,0,0,,0,0,,,,,,,,,,,10.0,,,,,,,,0,,,,,,,,,,,1.0,,T90CLNT090,,,,,,,,,,,,,,,,,,,,0,,,,2020-01-03,01:01:10,,,0,0,,,,,,,,,,,0,,0,0,,,0,,,,,,,,0,,0,0,,,,,,,,,,0,0,,,,0,0,,L,False,2021-08-18 02:15:43.031469+00:00
800,19265,10,FI3-NAV-001005,FI3-NAV-001005,,,FIOMRP5,Windshild Universal Mount,TAN,,,A,0,0,,,,,PC,1.0,1.0,PC,,,,,,,,,,,0,,,,,,,,1,1.0,1670.0,EUR,9.0,,,167.0,167.0,167.0,167.0,PC,1.0,1.0,,167.0,KG,,,,0,,0,,,,0,1.0,,,,,,,,100,2017-02-06,MRPUSER,22:54:03,,,,,,,,,,,,,10.0,1.0,PC,,X,2.0,A,,,,,,X,,,,,,,,1670.0,1670.0,1670.0,,,,1.0,,,,,,,,,,,,,1.0,0,0,,,,,,,,,VB0000019265000010,,KSV,10.0,,X,,0,0,,,,,,,A,,,,0,,,,,,,,0,0,,0,0,,,,,,,,,,,10.0,,,,,,,,0,,,,,,,,,,,1.0,,T90CLNT090,,,,,,,,,,,,,,,,,,,,0,,,,2020-01-03,01:01:10,,,0,0,,,,,,,,,,,0,,0,0,,,0,,,,,,,,0,,0,0,,,,,,,,,,0,0,,,,0,0,,I,False,2021-08-18 02:17:16.210832+00:00
800,19266,10,FI3-NAV-001005,FI3-NAV-001005,,,FIOMRP5,Windshild Universal Mount,TAN,,,A,0,0,,,,,PC,1.0,1.0,PC,,,,,,,,,,,0,,,,,,,,1,1.0,930.0,EUR,9.0,,,93.0,93.0,93.0,93.0,PC,1.0,1.0,,93.0,KG,,,,0,,0,,,,0,1.0,,,,,,,,100,2017-02-06,MRPUSER,22:54:03,,,,,,,,,,,,,10.0,1.0,PC,,X,2.0,A,,,,,,X,,,,,,,,930.0,930.0,930.0,,,,1.0,,,,,,,,,,,,,1.0,0,0,,,,,,,,,VB0000019266000010,,KSV,10.0,,X,,0,0,,,,,,,A,,,,0,,,,,,,,0,0,,0,0,,,,,,,,,,,10.0,,,,,,,,0,,,,,,,,,,,1.0,,T90CLNT090,,,,,,,,,,,,,,,,,,,,0,,,,2020-01-03,01:01:10,,,0,0,,,,,,,,,,,0,,0,0,,,0,,,,,,,,0,,0,0,,,,,,,,,,0,0,,,,0,0,,L,False,2021-08-18 02:15:43.031469+00:00
800,19268,10,FI3-NAV-001005,FI3-NAV-001005,,,FIOMRP5,Windshild Universal Mount,TAN,,,A,0,0,,,,,PC,1.0,1.0,PC,,,,,,,,,,,0,,,,,,,,1,1.0,880.0,EUR,9.0,,,88.0,88.0,88.0,88.0,PC,1.0,1.0,,88.0,KG,,,,0,,0,,,,0,1.0,,,,,,,,100,2017-02-06,MRPUSER,22:54:04,,,,,,,,,,,,,10.0,1.0,PC,,X,2.0,A,,,,,,X,,,,,,,,880.0,880.0,880.0,,,,1.0,,,,,,,,,,,,,1.0,0,0,,,,,,,,,VB0000019268000010,,KSV,10.0,,X,,0,0,,,,,,,A,,,,0,,,,,,,,0,0,,0,0,,,,,,,,,,,10.0,,,,,,,,0,,,,,,,,,,,1.0,,T90CLNT090,,,,,,,,,,,,,,,,,,,,0,,,,2020-01-03,01:01:10,,,0,0,,,,,,,,,,,0,,0,0,,,0,,,,,,,,0,,0,0,,,,,,,,,,0,0,,,,0,0,,L,False,2021-08-18 02:15:43.031469+00:00
