mandt,vbeln,posnr,uepos,fkimg,vrkme,umvkz,umvkn,meins,smeng,fklmg,lmeng,ntgew,brgew,gewei,volum,voleh,gsber,prsdt,fbuda,kursk,netwr,vbelv,posnv,vgbel,vgpos,vgtyp,aubel,aupos,auref,matnr,arktx,pmatn,charg,matkl,pstyv,posar,prodh,vstel,atpkz,spart,pospa,werks,aland,wkreg,wkcou,wkcty,taxm1,taxm2,taxm3,taxm4,taxm5,taxm6,taxm7,taxm8,taxm9,kowrr,prsfd,sktof,skfbp,kondm,ktgrm,kostl,bonus,provg,eannr,vkgrp,vkbur,spara,shkzg,ernam,erdat,erzet,bwtar,lgort,stafo,wavwr,kzwi1,kzwi2,kzwi3,kzwi4,kzwi5,kzwi6,stcur,uvprs,uvall,ean11,prctr,kvgr1,kvgr2,kvgr3,kvgr4,kvgr5,mvgr1,mvgr2,mvgr3,mvgr4,mvgr5,matwa,bonba,kokrs,paobjnr,ps_psp_pnr,aufnr,txjcd,cmpre,cmpnt,cuobj,cuobj_ch,koupd,uecha,xchar,abrvw,sernr,bzirk_auft,kdgrp_auft,konda_auft,lland_auft,mprok,pltyp_auft,regio_auft,vkorg_auft,vtweg_auft,abrbg,prosa,uepvw,autyp,stadat,fplnr,fpltr,aktnr,knuma_pi,knuma_ag,prefe,mwsbp,augru_auft,fareg,upmat,ukonm,cmpre_flt,abfor,abges,j_1arfz,j_1aregio,j_1agicd,j_1adtyp,j_1atxrel,j_1bcfop,j_1btaxlw1,j_1btaxlw2,j_1btxsdc,brtwr,wktnr,wktps,rplnr,kursk_dat,wgru1,wgru2,kdkg1,kdkg2,kdkg3,kdkg4,kdkg5,vkaus,j_1aindxp,j_1aidatep,kzfme,mwskz,vertt,vertn,sgtxt,delco,bemot,rrrel,akkur,wminr,vgbel_ex,vgpos_ex,logsys,vgtyp_ex,j_1btaxlw3,j_1btaxlw4,j_1btaxlw5,msr_id,msr_refund_code,msr_ret_reason,nrab_knumh,nrab_value,dispute_case,fund_usage_item,farr_reltype,claims_taxation,kurrf_dat_orig,vgtyp_ext,sgt_rcat,sgt_scat,glo_log_ref1_it,aufpl,aplzl,dpcnr,dcpnr,dpnrb,perop_beg,perop_end,fmfgus_key,fsh_season_year,fsh_season,fsh_collection,fsh_theme,fonds,fistl,fkber,grant_nbr,budget_pd,prs_work_period,pprctr,pargb,aufpl_oaa,aplzl_oaa,campaign,compreas,wrf_charstc1,wrf_charstc2,wrf_charstc3,operation_flag,is_deleted,recordstamp
800,90039677,50,0,,,1.0,1.0,,,,,,,,,,,2015-03-19,2015-03-19,1.0,,,0,0080017916,50,J,16676.0,50,,,,,,,TATX,B,,,,00,10,,US,CO,1.0,1.0,,,,,,,,,,,,,,,,,,,,,,00,,C5189478,2015-03-19,02:42:05,,,,,,,,,,,1.0,,,,,,,,,,,,,,,,,2000,0,0,,5102100301.0,,,0,0,,0,,,,,99.0,,US,,,WY,3020,30,,,,C,,,0,,,,,,,,,,,,,,,,,,,,,,,,0,,2015-03-19,,,,,,,,,,,,,,,,,,,,,,0,,,,,,,,,,,,,,,,,,,,0,0,,0,0,,,,,,,,,,,,,0,,,0,0,,,,,,I,False,2021-04-06 06:55:25.380364+00:00
800,90039677,50,0,,,1.0,1.0,,,,,,,,,,,2015-03-19,2015-03-19,1.0,,,0,0080017916,50,J,16676.0,50,,,,,,,TATX,B,,,,00,10,,US,CO,1.0,1.0,,,,,,,,,,,,,,,,,,,,,,00,,C5189478,2015-03-19,02:42:05,,,,,,,,,,,1.0,,,,,,,,,,,,,,,,,2000,0,0,,5102100301.0,,,0,0,,0,,,,,99.0,,US,,,WY,3020,30,,,,C,,,0,,,,,,,,,,,,,,,,,,,,,,,,0,,2015-03-19,,,,,,,,,,,,,,,,,,,,,,0,,,,,,,,,,,,,,,,,,,,0,0,,0,0,,,,,,,,,,,,,0,,,0,0,,,,,,L,False,2021-05-19 21:30:38.084266+00:00
800,90039678,50,0,,,1.0,1.0,,,,,,,,,,,2015-03-19,2015-03-19,1.0,,,0,0080017917,50,J,16677.0,50,X,,,,,,TATX,B,,,,00,10,,US,CO,1.0,1.0,,,,,,,,,,,,,,,,,,,,,,00,,C5189478,2015-03-19,02:43:22,,,,,,,,,,,1.0,,,,,,,,,,,,,,,,,2000,0,0,,5102100301.0,,,0,0,,0,,,,,99.0,,US,,,WY,3020,30,,,,C,,,0,,,,,,,,,,,,,,,,,,,,,,,,0,,2015-03-19,,,,,,,,,,,,,,,,,,,,,,0,,,,,,,,,,,,,,,,,,,,0,0,,0,0,,,,,,,,,,,,,0,,,0,0,,,,,,I,False,2021-04-06 06:55:25.380364+00:00
800,90039678,50,0,,,1.0,1.0,,,,,,,,,,,2015-03-19,2015-03-19,1.0,,,0,0080017917,50,J,16677.0,50,X,,,,,,TATX,B,,,,00,10,,US,CO,1.0,1.0,,,,,,,,,,,,,,,,,,,,,,00,,C5189478,2015-03-19,02:43:22,,,,,,,,,,,1.0,,,,,,,,,,,,,,,,,2000,0,0,,5102100301.0,,,0,0,,0,,,,,99.0,,US,,,WY,3020,30,,,,C,,,0,,,,,,,,,,,,,,,,,,,,,,,,0,,2015-03-19,,,,,,,,,,,,,,,,,,,,,,0,,,,,,,,,,,,,,,,,,,,0,0,,0,0,,,,,,,,,,,,,0,,,0,0,,,,,,L,False,2021-05-19 21:30:38.084266+00:00
800,90039680,50,0,,,1.0,1.0,,,,,,,,,,,2015-03-19,2015-03-19,1.0,,,0,0080017919,50,J,16679.0,50,X,,,,,,TATX,B,,,,00,10,,US,CO,1.0,1.0,,,,,,,,,,,,,,,,,,,,,,00,,C5189478,2015-03-19,02:45:31,,,,,,,,,,,1.0,,,,,,,,,,,,,,,,,2000,0,0,,5102100301.0,,,0,0,,0,,,,,99.0,,US,,,WY,3020,30,,,,C,,,0,,,,,,,,,,,,,,,,,,,,,,,,0,,2015-03-19,,,,,,,,,,,,,,,,,,,,,,0,,,,,,,,,,,,,,,,,,,,0,0,,0,0,,,,,,,,,,,,,0,,,0,0,,,,,,L,False,2021-05-19 21:30:38.084266+00:00
800,90039680,50,0,,,1.0,1.0,,,,,,,,,,,2015-03-19,2015-03-19,1.0,,,0,0080017919,50,J,16679.0,50,X,,,,,,TATX,B,,,,00,10,,US,CO,1.0,1.0,,,,,,,,,,,,,,,,,,,,,,00,,C5189478,2015-03-19,02:45:31,,,,,,,,,,,1.0,,,,,,,,,,,,,,,,,2000,0,0,,5102100301.0,,,0,0,,0,,,,,99.0,,US,,,WY,3020,30,,,,C,,,0,,,,,,,,,,,,,,,,,,,,,,,,0,,2015-03-19,,,,,,,,,,,,,,,,,,,,,,0,,,,,,,,,,,,,,,,,,,,0,0,,0,0,,,,,,,,,,,,,0,,,0,0,,,,,,I,False,2021-04-06 06:55:25.380364+00:00
800,90039681,50,0,,,1.0,1.0,,,,,,,,,,,2015-03-19,2015-03-19,1.0,,,0,0080017920,50,J,16680.0,50,X,,,,,,TATX,B,,,,00,10,,US,CO,1.0,1.0,,,,,,,,,,,,,,,,,,,,,,00,,C5189478,2015-03-19,02:46:23,,,,,,,,,,,1.0,,,,,,,,,,,,,,,,,2000,0,0,,5102100301.0,,,0,0,,0,,,,,99.0,,US,,,WY,3020,30,,,,C,,,0,,,,,,,,,,,,,,,,,,,,,,,,0,,2015-03-19,,,,,,,,,,,,,,,,,,,,,,0,,,,,,,,,,,,,,,,,,,,0,0,,0,0,,,,,,,,,,,,,0,,,0,0,,,,,,L,False,2021-05-19 21:30:38.084266+00:00
800,90039681,50,0,,,1.0,1.0,,,,,,,,,,,2015-03-19,2015-03-19,1.0,,,0,0080017920,50,J,16680.0,50,X,,,,,,TATX,B,,,,00,10,,US,CO,1.0,1.0,,,,,,,,,,,,,,,,,,,,,,00,,C5189478,2015-03-19,02:46:23,,,,,,,,,,,1.0,,,,,,,,,,,,,,,,,2000,0,0,,5102100301.0,,,0,0,,0,,,,,99.0,,US,,,WY,3020,30,,,,C,,,0,,,,,,,,,,,,,,,,,,,,,,,,0,,2015-03-19,,,,,,,,,,,,,,,,,,,,,,0,,,,,,,,,,,,,,,,,,,,0,0,,0,0,,,,,,,,,,,,,0,,,0,0,,,,,,I,False,2021-04-06 06:55:25.380364+00:00
800,90039532,10,0,1.0,EA,1.0,1.0,EA,,1.0,1.0,,,,,,,2014-05-01,2014-05-01,1.0,,,0,0000015973,10,2,,0,,PROD,2100000060,,,,DLN,,,,,00,10,,US,,,,1.0,,,,,,,,,,X,,,,,,,,,,,00,,I059441,2014-05-01,17:44:31,,,,,,,,,,,1.0,,,,,,,,,,,,,,,,,2000,165836,0,,1516304501.0,,,0,0,,0,,,,,,1.0,US,,,IN,3000,10,,,,2,,,0,,,,,,,,,,,,,,,,,,,,,,,,0,,2014-05-01,,,,,,,,,,,,,,,,,,,,,,0,,,,,,,,,,,,,,,,,,,,0,0,,0,0,,,,,,,,,,,,,0,,,0,0,,,,,,L,False,2021-05-19 21:29:25.722817+00:00
800,90039532,10,0,1.0,EA,1.0,1.0,EA,,1.0,1.0,,,,,,,2014-05-01,2014-05-01,1.0,,,0,0000015973,10,2,,0,,PROD,2100000060,,,,DLN,,,,,00,10,,US,,,,1.0,,,,,,,,,,X,,,,,,,,,,,00,,I059441,2014-05-01,17:44:31,,,,,,,,,,,1.0,,,,,,,,,,,,,,,,,2000,165836,0,,1516304501.0,,,0,0,,0,,,,,,1.0,US,,,IN,3000,10,,,,2,,,0,,,,,,,,,,,,,,,,,,,,,,,,0,,2014-05-01,,,,,,,,,,,,,,,,,,,,,,0,,,,,,,,,,,,,,,,,,,,0,0,,0,0,,,,,,,,,,,,,0,,,0,0,,,,,,I,False,2021-04-06 06:55:04.491202+00:00
800,90039544,10,0,1.0,EA,1.0,1.0,EA,,1.0,1.0,,,,,,,2014-06-23,2014-06-23,1.0,1000.0,,0,0000016022,10,2,,0,,PROD,2100000080,,,,DLN,,,,,00,10,,US,,,,1.0,,,,,,,,,,X,,,,,,,,,,,00,,IBS_RFC,2014-06-23,09:20:52,,,,,,,,,,,1.0,,,,,,,,,,,,,,,,,2000,167220,0,,1516304501.0,,,0,0,,0,,,,,,1.0,US,A,,IN,3000,10,,,,2,,,0,,,,,,,,,,,,,,,,,,,,,,,,0,,2014-06-23,,,,,,,,,,,,,,,,,,,,,,0,,,,,,,,,,,,,,,,,,,,0,0,,0,0,,,,,,,,,,,,,0,,,0,0,,,,,,I,False,2021-04-06 06:55:04.491202+00:00
800,90039544,10,0,1.0,EA,1.0,1.0,EA,,1.0,1.0,,,,,,,2014-06-23,2014-06-23,1.0,1000.0,,0,0000016022,10,2,,0,,PROD,2100000080,,,,DLN,,,,,00,10,,US,,,,1.0,,,,,,,,,,X,,,,,,,,,,,00,,IBS_RFC,2014-06-23,09:20:52,,,,,,,,,,,1.0,,,,,,,,,,,,,,,,,2000,167220,0,,1516304501.0,,,0,0,,0,,,,,,1.0,US,A,,IN,3000,10,,,,2,,,0,,,,,,,,,,,,,,,,,,,,,,,,0,,2014-06-23,,,,,,,,,,,,,,,,,,,,,,0,,,,,,,,,,,,,,,,,,,,0,0,,0,0,,,,,,,,,,,,,0,,,0,0,,,,,,L,False,2021-05-19 21:29:25.722817+00:00
800,90040340,10,0,1.0,EA,1.0,1.0,EA,,1.0,1.0,,,,,,,2016-03-14,2016-03-14,1.0,1000.0,,0,0000018224,10,2,,0,,PROD,2100000110-US-US,,,,DLN,,,,,00,10,,US,,,,1.0,,,,,,,,,,X,,,,,,,,,,,00,,IBS_RFC,2016-03-14,10:05:26,,,1.0,,,,,,,,1.0,,,,,,,,,,,,,,,,,2000,194026,0,,1403105101.0,,,0,0,,0,,,,,,1.0,US,A,,,3000,10,,,,2,,,0,,,,,,,,,,,,,,,,,,,,,,,,0,,2016-03-14,,,,,,,,,,,,,,,,,,,,,,0,,,,,,,,,,,,,,,,,,,,0,0,,0,0,,,,,,,,,,,,,0,,,0,0,,,,,,L,False,2021-05-19 21:29:25.722817+00:00
800,90040340,10,0,1.0,EA,1.0,1.0,EA,,1.0,1.0,,,,,,,2016-03-14,2016-03-14,1.0,1000.0,,0,0000018224,10,2,,0,,PROD,2100000110-US-US,,,,DLN,,,,,00,10,,US,,,,1.0,,,,,,,,,,X,,,,,,,,,,,00,,IBS_RFC,2016-03-14,10:05:26,,,1.0,,,,,,,,1.0,,,,,,,,,,,,,,,,,2000,194026,0,,1403105101.0,,,0,0,,0,,,,,,1.0,US,A,,,3000,10,,,,2,,,0,,,,,,,,,,,,,,,,,,,,,,,,0,,2016-03-14,,,,,,,,,,,,,,,,,,,,,,0,,,,,,,,,,,,,,,,,,,,0,0,,0,0,,,,,,,,,,,,,0,,,0,0,,,,,,I,False,2021-04-06 06:55:04.491202+00:00
800,90036788,1,0,1.0,LE,1.0,1.0,LE,,1.0,1.0,,,,,,,2008-04-25,2008-04-25,1.0,812.0,,0,0000012818,10,2,,0,,FREIGHT MANAG.ITEM,00000000000000000000000000000000001,,,,ZDLN,D,,,,Z1,1,,DE,,,,1.0,,,,,,,,,,X,,,,,,,,,,,Z1,,XIR3USER,2008-04-25,20:57:09,,,,,,,,,,,1.0,,,,,,,,,,,,,,,,,1000,125420,0,,,,,0,0,,0,,,,,,,DE,A,,,TM2,Z1,,,,2,,,0,,,,,,,,,,,,,,,,,,,,,,,,0,,2008-04-25,,,,,,,,,,,,,,,,,,,,,,0,,,,,,,,,,,,,,,,,,,,0,0,,0,0,,,,,,,,,,,,,0,,,0,0,,,,,,I,False,2021-04-06 06:55:04.491202+00:00
800,90036788,1,0,1.0,LE,1.0,1.0,LE,,1.0,1.0,,,,,,,2008-04-25,2008-04-25,1.0,812.0,,0,0000012818,10,2,,0,,FREIGHT MANAG.ITEM,00000000000000000000000000000000001,,,,ZDLN,D,,,,Z1,1,,DE,,,,1.0,,,,,,,,,,X,,,,,,,,,,,Z1,,XIR3USER,2008-04-25,20:57:09,,,,,,,,,,,1.0,,,,,,,,,,,,,,,,,1000,125420,0,,,,,0,0,,0,,,,,,,DE,A,,,TM2,Z1,,,,2,,,0,,,,,,,,,,,,,,,,,,,,,,,,0,,2008-04-25,,,,,,,,,,,,,,,,,,,,,,0,,,,,,,,,,,,,,,,,,,,0,0,,0,0,,,,,,,,,,,,,0,,,0,0,,,,,,L,False,2021-05-19 21:29:25.722817+00:00
800,90036789,1,0,1.0,LE,1.0,1.0,LE,,1.0,1.0,,,,,,,2008-04-25,2008-04-25,1.0,2328.52,,0,0000012819,10,2,,0,,FREIGHT MANAG.ITEM,00000000000000000000000000000000002,,,,ZDLN,D,,,,Z1,1,,NL,,,,1.0,,,,,,,,,,X,,,,,,,,,,,Z1,,XIR3USER,2008-04-25,21:21:56,,,,,,,,,,,1.0,,,,,,,,,,,,,,,,,1000,125423,0,,2316303801.0,,,0,0,,0,,,,,,,US,A,,,TM2,Z1,,,,2,,,0,,,,,,,,,,,,,,,,,,,,,,,,0,,2008-04-25,,,,,,,,,,,,,,,,,,,,,,0,,,,,,,,,,,,,,,,,,,,0,0,,0,0,,,,,,,,,,,,,0,,,0,0,,,,,,L,False,2021-05-19 21:29:25.722817+00:00
800,90036789,1,0,1.0,LE,1.0,1.0,LE,,1.0,1.0,,,,,,,2008-04-25,2008-04-25,1.0,2328.52,,0,0000012819,10,2,,0,,FREIGHT MANAG.ITEM,00000000000000000000000000000000002,,,,ZDLN,D,,,,Z1,1,,NL,,,,1.0,,,,,,,,,,X,,,,,,,,,,,Z1,,XIR3USER,2008-04-25,21:21:56,,,,,,,,,,,1.0,,,,,,,,,,,,,,,,,1000,125423,0,,2316303801.0,,,0,0,,0,,,,,,,US,A,,,TM2,Z1,,,,2,,,0,,,,,,,,,,,,,,,,,,,,,,,,0,,2008-04-25,,,,,,,,,,,,,,,,,,,,,,0,,,,,,,,,,,,,,,,,,,,0,0,,0,0,,,,,,,,,,,,,0,,,0,0,,,,,,I,False,2021-04-06 06:55:04.491202+00:00
800,90039543,10,0,3.0,LE,1.0,1.0,LE,,3.0,3.0,,,KG,,,4300.0,2014-06-05,2014-06-10,1.0,495000.0,,0,0070000164,10,L,16017.0,10,X,EXCAVATION MAT.,  EXCAVATION MAT.,,,,L2N,,,,,00,10,4300,IN,10,,,0.0,,,,,,,,,,X,X,495000.0,,,,,,,,,00,,CPM-PM,2014-06-09,13:22:33,,,,,495000.0,495000.0,495000.0,,,,1.0,,,,1000.0,,,,,,,,,,,EXCAVATION MAT.,495000.0,4300,0,5868,,1806704701.0,165000.0,X,0,0,,0,,,,,,,US,A,,KY,4300,10,,,,C,,,0,,,,,,,,,,165000.0,,,,,,,,,,,,,,0,,2014-06-10,,,,,,,,,,,,,,,,,,,,,,0,,,,,,,,,,,,,,,,,,,,0,0,,0,0,,,,,,,,,,,,,0,,,0,0,,,,,,L,False,2021-05-19 21:31:07.491415+00:00
800,90039543,10,0,3.0,LE,1.0,1.0,LE,,3.0,3.0,,,KG,,,4300.0,2014-06-05,2014-06-10,1.0,495000.0,,0,0070000164,10,L,16017.0,10,X,EXCAVATION MAT.,  EXCAVATION MAT.,,,,L2N,,,,,00,10,4300,IN,10,,,0.0,,,,,,,,,,X,X,495000.0,,,,,,,,,00,,CPM-PM,2014-06-09,13:22:33,,,,,495000.0,495000.0,495000.0,,,,1.0,,,,1000.0,,,,,,,,,,,EXCAVATION MAT.,495000.0,4300,0,5868,,1806704701.0,165000.0,X,0,0,,0,,,,,,,US,A,,KY,4300,10,,,,C,,,0,,,,,,,,,,165000.0,,,,,,,,,,,,,,0,,2014-06-10,,,,,,,,,,,,,,,,,,,,,,0,,,,,,,,,,,,,,,,,,,,0,0,,0,0,,,,,,,,,,,,,0,,,0,0,,,,,,I,False,2021-04-06 06:55:36.511418+00:00
800,90039542,40,0,1.0,ST,1.0,1.0,ST,,1.0,1.0,,,KG,,,4300.0,2014-05-30,2014-05-30,1.0,40000.0,,0,0000016017,40,C,16017.0,40,,MILESTONE BILLING,Milestone Billing,,,007,ZITN,A,,,,00,40,4300,IN,10,,,1.0,,,,,,,,,,X,X,40000.0,,2.0,,,,,,,00,,CPM-PM,2014-06-05,14:18:39,,,,,40000.0,40000.0,40000.0,,,,1.0,,,,1000.0,,,,,,,,,,,MILESTONE BILLING,40000.0,4300,0,5865,,1806704701.0,40000.0,X,0,0,,0,,,,,,,US,,,KY,4300,10,,,,C,,1005.0,1,,,,,,,1.0,,,40000.0,,,,,,,,,,,,,,0,,2014-05-30,,,,,,,,,,,,,,,,,,,,,,0,,,,,,,,,,,,,,,,,,,,0,0,,0,0,,,,,,,,,,,,,0,,,0,0,,,,,,I,False,2021-04-06 06:55:36.511418+00:00
800,90039542,40,0,1.0,ST,1.0,1.0,ST,,1.0,1.0,,,KG,,,4300.0,2014-05-30,2014-05-30,1.0,40000.0,,0,0000016017,40,C,16017.0,40,,MILESTONE BILLING,Milestone Billing,,,007,ZITN,A,,,,00,40,4300,IN,10,,,1.0,,,,,,,,,,X,X,40000.0,,2.0,,,,,,,00,,CPM-PM,2014-06-05,14:18:39,,,,,40000.0,40000.0,40000.0,,,,1.0,,,,1000.0,,,,,,,,,,,MILESTONE BILLING,40000.0,4300,0,5865,,1806704701.0,40000.0,X,0,0,,0,,,,,,,US,,,KY,4300,10,,,,C,,1005.0,1,,,,,,,1.0,,,40000.0,,,,,,,,,,,,,,0,,2014-05-30,,,,,,,,,,,,,,,,,,,,,,0,,,,,,,,,,,,,,,,,,,,0,0,,0,0,,,,,,,,,,,,,0,,,0,0,,,,,,L,False,2021-05-19 21:31:07.491415+00:00
800,90034894,1,0,,CSE,1.0,1.0,CSE,,,,,,KG,,L,,2004-09-03,2004-08-31,1.0,-15.0,,0,0000300000,1,2,,0,,CPB10100,"My Beer 20*0,5 L Case -returnable (ret.)",,,010,CB3E,,,,,00,1,CPB1,US,,,,1.0,,,,,,,,,,X,X,,,3.0,,,,,,,00,,LEIDMANNR,2004-09-03,14:02:59,,,,,,,,,,,1.0,,,,,,,,,,CB4,401.0,24.0,10.0,,,,,0,0,,3306120101.0,,,0,0,,0,,,,,2.0,,US,A,2.0,NY,CPB1,CB,,,,2,,,0,,,,,-90.0,,,,,,,,,,,,,,,,,,,0,,2004-09-03,,,,,,,,,,,,,,,,,,,,,,0,,,,,,,,,,,,,,,,,,,,0,0,,0,0,,,,,,,,,,,,,0,,,0,0,,,,,,I,False,2021-04-06 06:55:04.491202+00:00
800,90034894,1,0,,CSE,1.0,1.0,CSE,,,,,,KG,,L,,2004-09-03,2004-08-31,1.0,-15.0,,0,0000300000,1,2,,0,,CPB10100,"My Beer 20*0,5 L Case -returnable (ret.)",,,010,CB3E,,,,,00,1,CPB1,US,,,,1.0,,,,,,,,,,X,X,,,3.0,,,,,,,00,,LEIDMANNR,2004-09-03,14:02:59,,,,,,,,,,,1.0,,,,,,,,,,CB4,401.0,24.0,10.0,,,,,0,0,,3306120101.0,,,0,0,,0,,,,,2.0,,US,A,2.0,NY,CPB1,CB,,,,2,,,0,,,,,-90.0,,,,,,,,,,,,,,,,,,,0,,2004-09-03,,,,,,,,,,,,,,,,,,,,,,0,,,,,,,,,,,,,,,,,,,,0,0,,0,0,,,,,,,,,,,,,0,,,0,0,,,,,,L,False,2021-05-19 21:29:25.722817+00:00
800,90013467,6,0,2.0,ST,1.0,1.0,ST,,2.0,2.0,,,,,,,1999-06-25,1999-06-25,0.51129,341.38,,0,I0000013F1,6,2,,0,,R100016,Tuner X300,,,R1134,DLN,,,,,R1,1,R110,DE,,,,1.0,,,,,,,,,,X,,,,,,,,,,,R1,,HAMED,1999-06-25,05:05:31,,,1.0,446.5,396.0,396.0,341.38,396.0,,,1.0,,,,,,,,,,,,,,,,,R100,10298,0,,,,,0,0,,0,,,,,,,DE,A,,,R100,R1,,,,2,,,0,,,,,54.62,,,,,,,,,,,,,,,,,396.0,,0,,1999-06-25,,,,,,,,,,,,,,,,,,,,,,0,,,,,,,,,,,,,,,,,,,,0,0,,0,0,,,,,,,,,,,,,0,,,0,0,,,,,,L,False,2021-05-19 21:30:22.971523+00:00
800,90013467,6,0,2.0,ST,1.0,1.0,ST,,2.0,2.0,,,,,,,1999-06-25,1999-06-25,0.51129,341.38,,0,I0000013F1,6,2,,0,,R100016,Tuner X300,,,R1134,DLN,,,,,R1,1,R110,DE,,,,1.0,,,,,,,,,,X,,,,,,,,,,,R1,,HAMED,1999-06-25,05:05:31,,,1.0,446.5,396.0,396.0,341.38,396.0,,,1.0,,,,,,,,,,,,,,,,,R100,10298,0,,,,,0,0,,0,,,,,,,DE,A,,,R100,R1,,,,2,,,0,,,,,54.62,,,,,,,,,,,,,,,,,396.0,,0,,1999-06-25,,,,,,,,,,,,,,,,,,,,,,0,,,,,,,,,,,,,,,,,,,,0,0,,0,0,,,,,,,,,,,,,0,,,0,0,,,,,,I,False,2021-04-06 06:55:20.086219+00:00
800,90013516,6,0,2.0,ST,1.0,1.0,ST,,2.0,2.0,,,,,,,1999-06-29,1999-06-29,0.51129,341.38,,0,I0000013V9,6,2,,0,,R100016,Tuner X300,,,R1134,DLN,,,,,R1,1,R110,DE,,,,1.0,,,,,,,,,,X,,,,,,,,,,,R1,,HAMED,1999-06-29,05:00:43,,,1.0,446.5,396.0,396.0,341.38,396.0,,,1.0,,,,,,,,,,,,,,,,,R100,10497,0,,,,,0,0,,0,,,,,,,DE,A,,,R100,R1,,,,2,,,0,,,,,54.62,,,,,,,,,,,,,,,,,396.0,,0,,1999-06-29,,,,,,,,,,,,,,,,,,,,,,0,,,,,,,,,,,,,,,,,,,,0,0,,0,0,,,,,,,,,,,,,0,,,0,0,,,,,,L,False,2021-05-19 21:30:22.971523+00:00
800,90013516,6,0,2.0,ST,1.0,1.0,ST,,2.0,2.0,,,,,,,1999-06-29,1999-06-29,0.51129,341.38,,0,I0000013V9,6,2,,0,,R100016,Tuner X300,,,R1134,DLN,,,,,R1,1,R110,DE,,,,1.0,,,,,,,,,,X,,,,,,,,,,,R1,,HAMED,1999-06-29,05:00:43,,,1.0,446.5,396.0,396.0,341.38,396.0,,,1.0,,,,,,,,,,,,,,,,,R100,10497,0,,,,,0,0,,0,,,,,,,DE,A,,,R100,R1,,,,2,,,0,,,,,54.62,,,,,,,,,,,,,,,,,396.0,,0,,1999-06-29,,,,,,,,,,,,,,,,,,,,,,0,,,,,,,,,,,,,,,,,,,,0,0,,0,0,,,,,,,,,,,,,0,,,0,0,,,,,,I,False,2021-04-06 06:55:20.086219+00:00
800,90013796,6,0,4.0,ST,1.0,1.0,ST,,4.0,4.0,,,,,,,1999-07-08,1999-07-08,0.51129,682.76,,0,I0000014Hs,6,2,,0,,R100016,Tuner X300,,,R1134,DLN,,,,,R1,1,R110,DE,,,,1.0,,,,,,,,,,X,,,,,,,,,,,R1,,HAMED,1999-07-08,05:33:29,,,1.0,893.0,792.0,792.0,682.76,792.0,,,1.0,,,,,,,,,,,,,,,,,R100,11097,0,,,,,0,0,,0,,,,,,,DE,A,,,R100,R1,,,,2,,,0,,,,,109.24,,,,,,,,,,,,,,,,,792.0,,0,,1999-07-08,,,,,,,,,,,,,,,,,,,,,,0,,,,,,,,,,,,,,,,,,,,0,0,,0,0,,,,,,,,,,,,,0,,,0,0,,,,,,L,False,2021-05-19 21:30:06.660278+00:00
800,90013796,6,0,4.0,ST,1.0,1.0,ST,,4.0,4.0,,,,,,,1999-07-08,1999-07-08,0.51129,682.76,,0,I0000014Hs,6,2,,0,,R100016,Tuner X300,,,R1134,DLN,,,,,R1,1,R110,DE,,,,1.0,,,,,,,,,,X,,,,,,,,,,,R1,,HAMED,1999-07-08,05:33:29,,,1.0,893.0,792.0,792.0,682.76,792.0,,,1.0,,,,,,,,,,,,,,,,,R100,11097,0,,,,,0,0,,0,,,,,,,DE,A,,,R100,R1,,,,2,,,0,,,,,109.24,,,,,,,,,,,,,,,,,792.0,,0,,1999-07-08,,,,,,,,,,,,,,,,,,,,,,0,,,,,,,,,,,,,,,,,,,,0,0,,0,0,,,,,,,,,,,,,0,,,0,0,,,,,,I,False,2021-04-06 06:55:14.887400+00:00
800,90013866,6,0,4.0,ST,1.0,1.0,ST,,4.0,4.0,,,,,,,1999-07-12,1999-07-12,0.51129,682.76,,0,I0000014XF,6,2,,0,,R100016,Tuner X300,,,R1134,DLN,,,,,R1,1,R110,DE,,,,1.0,,,,,,,,,,X,,,,,,,,,,,R1,,HAMED,1999-07-12,05:12:06,,,1.0,893.0,792.0,792.0,682.76,792.0,,,1.0,,,,,,,,,,,,,,,,,R100,11226,0,,,,,0,0,,0,,,,,,,DE,A,,,R100,R1,,,,2,,,0,,,,,109.24,,,,,,,,,,,,,,,,,792.0,,0,,1999-07-12,,,,,,,,,,,,,,,,,,,,,,0,,,,,,,,,,,,,,,,,,,,0,0,,0,0,,,,,,,,,,,,,0,,,0,0,,,,,,I,False,2021-04-06 06:55:14.887400+00:00
800,90013866,6,0,4.0,ST,1.0,1.0,ST,,4.0,4.0,,,,,,,1999-07-12,1999-07-12,0.51129,682.76,,0,I0000014XF,6,2,,0,,R100016,Tuner X300,,,R1134,DLN,,,,,R1,1,R110,DE,,,,1.0,,,,,,,,,,X,,,,,,,,,,,R1,,HAMED,1999-07-12,05:12:06,,,1.0,893.0,792.0,792.0,682.76,792.0,,,1.0,,,,,,,,,,,,,,,,,R100,11226,0,,,,,0,0,,0,,,,,,,DE,A,,,R100,R1,,,,2,,,0,,,,,109.24,,,,,,,,,,,,,,,,,792.0,,0,,1999-07-12,,,,,,,,,,,,,,,,,,,,,,0,,,,,,,,,,,,,,,,,,,,0,0,,0,0,,,,,,,,,,,,,0,,,0,0,,,,,,L,False,2021-05-19 21:30:06.660278+00:00
800,90013943,6,0,4.0,ST,1.0,1.0,ST,,4.0,4.0,,,,,,,1999-07-14,1999-07-14,0.51129,682.76,,0,I0000014nN,6,2,,0,,R100016,Tuner X300,,,R1134,DLN,,,,,R1,1,R110,DE,,,,1.0,,,,,,,,,,X,,,,,,,,,,,R1,,HAMED,1999-07-14,05:38:56,,,1.0,893.0,792.0,792.0,682.76,792.0,,,1.0,,,,,,,,,,,,,,,,,R100,11426,0,,,,,0,0,,0,,,,,,,DE,A,,,R100,R1,,,,2,,,0,,,,,109.24,,,,,,,,,,,,,,,,,792.0,,0,,1999-07-14,,,,,,,,,,,,,,,,,,,,,,0,,,,,,,,,,,,,,,,,,,,0,0,,0,0,,,,,,,,,,,,,0,,,0,0,,,,,,I,False,2021-04-06 06:55:14.887400+00:00
800,90013943,6,0,4.0,ST,1.0,1.0,ST,,4.0,4.0,,,,,,,1999-07-14,1999-07-14,0.51129,682.76,,0,I0000014nN,6,2,,0,,R100016,Tuner X300,,,R1134,DLN,,,,,R1,1,R110,DE,,,,1.0,,,,,,,,,,X,,,,,,,,,,,R1,,HAMED,1999-07-14,05:38:56,,,1.0,893.0,792.0,792.0,682.76,792.0,,,1.0,,,,,,,,,,,,,,,,,R100,11426,0,,,,,0,0,,0,,,,,,,DE,A,,,R100,R1,,,,2,,,0,,,,,109.24,,,,,,,,,,,,,,,,,792.0,,0,,1999-07-14,,,,,,,,,,,,,,,,,,,,,,0,,,,,,,,,,,,,,,,,,,,0,0,,0,0,,,,,,,,,,,,,0,,,0,0,,,,,,L,False,2021-05-19 21:30:06.660278+00:00
800,90014033,6,0,4.0,ST,1.0,1.0,ST,,4.0,4.0,,,,,,,1999-07-16,1999-07-16,0.51129,682.76,,0,I0000014oV,6,2,,0,,R100016,Tuner X300,,,R1134,DLN,,,,,R1,1,R110,DE,,,,1.0,,,,,,,,,,X,,,,,,,,,,,R1,,HAMED,1999-07-16,05:20:25,,,1.0,893.0,792.0,792.0,682.76,792.0,,,1.0,,,,,,,,,,,,,,,,,R100,11544,0,,,,,0,0,,0,,,,,,,DE,A,,,R100,R1,,,,2,,,0,,,,,109.24,,,,,,,,,,,,,,,,,792.0,,0,,1999-07-16,,,,,,,,,,,,,,,,,,,,,,0,,,,,,,,,,,,,,,,,,,,0,0,,0,0,,,,,,,,,,,,,0,,,0,0,,,,,,L,False,2021-05-19 21:30:06.660278+00:00
800,90014033,6,0,4.0,ST,1.0,1.0,ST,,4.0,4.0,,,,,,,1999-07-16,1999-07-16,0.51129,682.76,,0,I0000014oV,6,2,,0,,R100016,Tuner X300,,,R1134,DLN,,,,,R1,1,R110,DE,,,,1.0,,,,,,,,,,X,,,,,,,,,,,R1,,HAMED,1999-07-16,05:20:25,,,1.0,893.0,792.0,792.0,682.76,792.0,,,1.0,,,,,,,,,,,,,,,,,R100,11544,0,,,,,0,0,,0,,,,,,,DE,A,,,R100,R1,,,,2,,,0,,,,,109.24,,,,,,,,,,,,,,,,,792.0,,0,,1999-07-16,,,,,,,,,,,,,,,,,,,,,,0,,,,,,,,,,,,,,,,,,,,0,0,,0,0,,,,,,,,,,,,,0,,,0,0,,,,,,I,False,2021-04-06 06:55:14.887400+00:00
800,90014103,6,0,4.0,ST,1.0,1.0,ST,,4.0,4.0,,,,,,,1999-07-20,1999-07-20,0.51129,682.76,,0,I00000154G,6,2,,0,,R100016,Tuner X300,,,R1134,DLN,,,,,R1,1,R110,DE,,,,1.0,,,,,,,,,,X,,,,,,,,,,,R1,,HAMED,1999-07-20,05:02:14,,,1.0,893.0,792.0,792.0,682.76,792.0,,,1.0,,,,,,,,,,,,,,,,,R100,11697,0,,,,,0,0,,0,,,,,,,DE,A,,,R100,R1,,,,2,,,0,,,,,109.24,,,,,,,,,,,,,,,,,792.0,,0,,1999-07-20,,,,,,,,,,,,,,,,,,,,,,0,,,,,,,,,,,,,,,,,,,,0,0,,0,0,,,,,,,,,,,,,0,,,0,0,,,,,,L,False,2021-05-19 21:30:06.660278+00:00
800,90014103,6,0,4.0,ST,1.0,1.0,ST,,4.0,4.0,,,,,,,1999-07-20,1999-07-20,0.51129,682.76,,0,I00000154G,6,2,,0,,R100016,Tuner X300,,,R1134,DLN,,,,,R1,1,R110,DE,,,,1.0,,,,,,,,,,X,,,,,,,,,,,R1,,HAMED,1999-07-20,05:02:14,,,1.0,893.0,792.0,792.0,682.76,792.0,,,1.0,,,,,,,,,,,,,,,,,R100,11697,0,,,,,0,0,,0,,,,,,,DE,A,,,R100,R1,,,,2,,,0,,,,,109.24,,,,,,,,,,,,,,,,,792.0,,0,,1999-07-20,,,,,,,,,,,,,,,,,,,,,,0,,,,,,,,,,,,,,,,,,,,0,0,,0,0,,,,,,,,,,,,,0,,,0,0,,,,,,I,False,2021-04-06 06:55:14.887400+00:00
800,90014177,6,0,4.0,ST,1.0,1.0,ST,,4.0,4.0,,,,,,,1999-07-22,1999-07-22,0.51129,682.76,,0,I00000155O,6,2,,0,,R100016,Tuner X300,,,R1134,DLN,,,,,R1,1,R110,DE,,,,1.0,,,,,,,,,,X,,,,,,,,,,,R1,,HAMED,1999-07-22,05:02:29,,,1.0,893.0,792.0,792.0,682.76,792.0,,,1.0,,,,,,,,,,,,,,,,,R100,11815,0,,,,,0,0,,0,,,,,,,DE,A,,,R100,R1,,,,2,,,0,,,,,109.24,,,,,,,,,,,,,,,,,792.0,,0,,1999-07-22,,,,,,,,,,,,,,,,,,,,,,0,,,,,,,,,,,,,,,,,,,,0,0,,0,0,,,,,,,,,,,,,0,,,0,0,,,,,,L,False,2021-05-19 21:30:06.660278+00:00
800,90014177,6,0,4.0,ST,1.0,1.0,ST,,4.0,4.0,,,,,,,1999-07-22,1999-07-22,0.51129,682.76,,0,I00000155O,6,2,,0,,R100016,Tuner X300,,,R1134,DLN,,,,,R1,1,R110,DE,,,,1.0,,,,,,,,,,X,,,,,,,,,,,R1,,HAMED,1999-07-22,05:02:29,,,1.0,893.0,792.0,792.0,682.76,792.0,,,1.0,,,,,,,,,,,,,,,,,R100,11815,0,,,,,0,0,,0,,,,,,,DE,A,,,R100,R1,,,,2,,,0,,,,,109.24,,,,,,,,,,,,,,,,,792.0,,0,,1999-07-22,,,,,,,,,,,,,,,,,,,,,,0,,,,,,,,,,,,,,,,,,,,0,0,,0,0,,,,,,,,,,,,,0,,,0,0,,,,,,I,False,2021-04-06 06:55:14.887400+00:00
800,90014252,6,0,4.0,ST,1.0,1.0,ST,,4.0,4.0,,,,,,,1999-07-26,1999-07-26,0.51129,682.76,,0,I0000015Jd,6,2,,0,,R100016,Tuner X300,,,R1134,DLN,,,,,R1,1,R110,DE,,,,1.0,,,,,,,,,,X,,,,,,,,,,,R1,,HAMED,1999-07-26,05:06:39,,,1.0,893.0,792.0,792.0,682.76,792.0,,,1.0,,,,,,,,,,,,,,,,,R100,12026,0,,,,,0,0,,0,,,,,,,DE,A,,,R100,R1,,,,2,,,0,,,,,109.24,,,,,,,,,,,,,,,,,792.0,,0,,1999-07-26,,,,,,,,,,,,,,,,,,,,,,0,,,,,,,,,,,,,,,,,,,,0,0,,0,0,,,,,,,,,,,,,0,,,0,0,,,,,,I,False,2021-04-06 06:55:14.887400+00:00
800,90014252,6,0,4.0,ST,1.0,1.0,ST,,4.0,4.0,,,,,,,1999-07-26,1999-07-26,0.51129,682.76,,0,I0000015Jd,6,2,,0,,R100016,Tuner X300,,,R1134,DLN,,,,,R1,1,R110,DE,,,,1.0,,,,,,,,,,X,,,,,,,,,,,R1,,HAMED,1999-07-26,05:06:39,,,1.0,893.0,792.0,792.0,682.76,792.0,,,1.0,,,,,,,,,,,,,,,,,R100,12026,0,,,,,0,0,,0,,,,,,,DE,A,,,R100,R1,,,,2,,,0,,,,,109.24,,,,,,,,,,,,,,,,,792.0,,0,,1999-07-26,,,,,,,,,,,,,,,,,,,,,,0,,,,,,,,,,,,,,,,,,,,0,0,,0,0,,,,,,,,,,,,,0,,,0,0,,,,,,L,False,2021-05-19 21:30:06.660278+00:00
800,90014366,6,0,4.0,ST,1.0,1.0,ST,,4.0,4.0,,,,,,,1999-08-11,1999-08-11,0.51129,682.76,,0,I0000016cP,6,2,,0,,R100016,Tuner X300,,,R1134,DLN,,,,,R1,1,R110,DE,,,,1.0,,,,,,,,,,X,,,,,,,,,,,R1,,HAMED,1999-08-11,05:09:46,,,1.0,893.0,792.0,792.0,682.76,792.0,,,1.0,,,,,,,,,,,,,,,,,R100,12534,0,,,,,0,0,,0,,,,,,,DE,A,,,R100,R1,,,,2,,,0,,,,,109.24,,,,,,,,,,,,,,,,,792.0,,0,,1999-08-11,,,,,,,,,,,,,,,,,,,,,,0,,,,,,,,,,,,,,,,,,,,0,0,,0,0,,,,,,,,,,,,,0,,,0,0,,,,,,I,False,2021-04-06 06:55:14.887400+00:00
800,90014366,6,0,4.0,ST,1.0,1.0,ST,,4.0,4.0,,,,,,,1999-08-11,1999-08-11,0.51129,682.76,,0,I0000016cP,6,2,,0,,R100016,Tuner X300,,,R1134,DLN,,,,,R1,1,R110,DE,,,,1.0,,,,,,,,,,X,,,,,,,,,,,R1,,HAMED,1999-08-11,05:09:46,,,1.0,893.0,792.0,792.0,682.76,792.0,,,1.0,,,,,,,,,,,,,,,,,R100,12534,0,,,,,0,0,,0,,,,,,,DE,A,,,R100,R1,,,,2,,,0,,,,,109.24,,,,,,,,,,,,,,,,,792.0,,0,,1999-08-11,,,,,,,,,,,,,,,,,,,,,,0,,,,,,,,,,,,,,,,,,,,0,0,,0,0,,,,,,,,,,,,,0,,,0,0,,,,,,L,False,2021-05-19 21:30:06.660278+00:00
800,90014448,6,0,4.0,ST,1.0,1.0,ST,,4.0,4.0,,,,,,,1999-08-13,1999-08-13,0.51129,682.76,,0,I0000016df,6,2,,0,,R100016,Tuner X300,,,R1134,DLN,,,,,R1,1,R110,DE,,,,1.0,,,,,,,,,,X,,,,,,,,,,,R1,,HAMED,1999-08-13,05:06:11,,,1.0,893.0,792.0,792.0,682.76,792.0,,,1.0,,,,,,,,,,,,,,,,,R100,12660,0,,,,,0,0,,0,,,,,,,DE,A,,,R100,R1,,,,2,,,0,,,,,109.24,,,,,,,,,,,,,,,,,792.0,,0,,1999-08-13,,,,,,,,,,,,,,,,,,,,,,0,,,,,,,,,,,,,,,,,,,,0,0,,0,0,,,,,,,,,,,,,0,,,0,0,,,,,,L,False,2021-05-19 21:30:06.660278+00:00
800,90014448,6,0,4.0,ST,1.0,1.0,ST,,4.0,4.0,,,,,,,1999-08-13,1999-08-13,0.51129,682.76,,0,I0000016df,6,2,,0,,R100016,Tuner X300,,,R1134,DLN,,,,,R1,1,R110,DE,,,,1.0,,,,,,,,,,X,,,,,,,,,,,R1,,HAMED,1999-08-13,05:06:11,,,1.0,893.0,792.0,792.0,682.76,792.0,,,1.0,,,,,,,,,,,,,,,,,R100,12660,0,,,,,0,0,,0,,,,,,,DE,A,,,R100,R1,,,,2,,,0,,,,,109.24,,,,,,,,,,,,,,,,,792.0,,0,,1999-08-13,,,,,,,,,,,,,,,,,,,,,,0,,,,,,,,,,,,,,,,,,,,0,0,,0,0,,,,,,,,,,,,,0,,,0,0,,,,,,I,False,2021-04-06 06:55:14.887400+00:00
800,90014570,6,0,4.0,ST,1.0,1.0,ST,,4.0,4.0,,,,,,,1999-08-17,1999-08-17,0.51129,682.76,,0,I0000016u4,6,2,,0,,R100016,Tuner X300,,,R1134,DLN,,,,,R1,1,R110,DE,,,,1.0,,,,,,,,,,X,,,,,,,,,,,R1,,HAMED,1999-08-17,05:05:02,,,1.0,893.0,792.0,792.0,682.76,792.0,,,1.0,,,,,,,,,,,,,,,,,R100,12829,0,,,,,0,0,,0,,,,,,,DE,A,,,R100,R1,,,,2,,,0,,,,,109.24,,,,,,,,,,,,,,,,,792.0,,0,,1999-08-17,,,,,,,,,,,,,,,,,,,,,,0,,,,,,,,,,,,,,,,,,,,0,0,,0,0,,,,,,,,,,,,,0,,,0,0,,,,,,I,False,2021-04-06 06:55:14.887400+00:00
800,90014570,6,0,4.0,ST,1.0,1.0,ST,,4.0,4.0,,,,,,,1999-08-17,1999-08-17,0.51129,682.76,,0,I0000016u4,6,2,,0,,R100016,Tuner X300,,,R1134,DLN,,,,,R1,1,R110,DE,,,,1.0,,,,,,,,,,X,,,,,,,,,,,R1,,HAMED,1999-08-17,05:05:02,,,1.0,893.0,792.0,792.0,682.76,792.0,,,1.0,,,,,,,,,,,,,,,,,R100,12829,0,,,,,0,0,,0,,,,,,,DE,A,,,R100,R1,,,,2,,,0,,,,,109.24,,,,,,,,,,,,,,,,,792.0,,0,,1999-08-17,,,,,,,,,,,,,,,,,,,,,,0,,,,,,,,,,,,,,,,,,,,0,0,,0,0,,,,,,,,,,,,,0,,,0,0,,,,,,L,False,2021-05-19 21:30:06.660278+00:00
800,90014648,6,0,4.0,ST,1.0,1.0,ST,,4.0,4.0,,,,,,,1999-08-19,1999-08-19,0.51129,682.76,,0,I0000016vK,6,2,,0,,R100016,Tuner X300,,,R1134,DLN,,,,,R1,1,R110,DE,,,,1.0,,,,,,,,,,X,,,,,,,,,,,R1,,HAMED,1999-08-19,05:04:57,,,1.0,893.0,792.0,792.0,682.76,792.0,,,1.0,,,,,,,,,,,,,,,,,R100,12955,0,,,,,0,0,,0,,,,,,,DE,A,,,R100,R1,,,,2,,,0,,,,,109.24,,,,,,,,,,,,,,,,,792.0,,0,,1999-08-19,,,,,,,,,,,,,,,,,,,,,,0,,,,,,,,,,,,,,,,,,,,0,0,,0,0,,,,,,,,,,,,,0,,,0,0,,,,,,I,False,2021-04-06 06:55:14.887400+00:00
800,90014648,6,0,4.0,ST,1.0,1.0,ST,,4.0,4.0,,,,,,,1999-08-19,1999-08-19,0.51129,682.76,,0,I0000016vK,6,2,,0,,R100016,Tuner X300,,,R1134,DLN,,,,,R1,1,R110,DE,,,,1.0,,,,,,,,,,X,,,,,,,,,,,R1,,HAMED,1999-08-19,05:04:57,,,1.0,893.0,792.0,792.0,682.76,792.0,,,1.0,,,,,,,,,,,,,,,,,R100,12955,0,,,,,0,0,,0,,,,,,,DE,A,,,R100,R1,,,,2,,,0,,,,,109.24,,,,,,,,,,,,,,,,,792.0,,0,,1999-08-19,,,,,,,,,,,,,,,,,,,,,,0,,,,,,,,,,,,,,,,,,,,0,0,,0,0,,,,,,,,,,,,,0,,,0,0,,,,,,L,False,2021-05-19 21:30:06.660278+00:00
800,90014729,6,0,4.0,ST,1.0,1.0,ST,,4.0,4.0,,,,,,,1999-08-23,1999-08-23,0.51129,682.76,,0,I00000178f,6,2,,0,,R100016,Tuner X300,,,R1134,DLN,,,,,R1,1,R110,DE,,,,1.0,,,,,,,,,,X,,,,,,,,,,,R1,,HAMED,1999-08-23,05:07:41,,,1.0,893.0,792.0,792.0,682.76,792.0,,,1.0,,,,,,,,,,,,,,,,,R100,13134,0,,,,,0,0,,0,,,,,,,DE,A,,,R100,R1,,,,2,,,0,,,,,109.24,,,,,,,,,,,,,,,,,792.0,,0,,1999-08-23,,,,,,,,,,,,,,,,,,,,,,0,,,,,,,,,,,,,,,,,,,,0,0,,0,0,,,,,,,,,,,,,0,,,0,0,,,,,,I,False,2021-04-06 06:55:14.887400+00:00
800,90014729,6,0,4.0,ST,1.0,1.0,ST,,4.0,4.0,,,,,,,1999-08-23,1999-08-23,0.51129,682.76,,0,I00000178f,6,2,,0,,R100016,Tuner X300,,,R1134,DLN,,,,,R1,1,R110,DE,,,,1.0,,,,,,,,,,X,,,,,,,,,,,R1,,HAMED,1999-08-23,05:07:41,,,1.0,893.0,792.0,792.0,682.76,792.0,,,1.0,,,,,,,,,,,,,,,,,R100,13134,0,,,,,0,0,,0,,,,,,,DE,A,,,R100,R1,,,,2,,,0,,,,,109.24,,,,,,,,,,,,,,,,,792.0,,0,,1999-08-23,,,,,,,,,,,,,,,,,,,,,,0,,,,,,,,,,,,,,,,,,,,0,0,,0,0,,,,,,,,,,,,,0,,,0,0,,,,,,L,False,2021-05-19 21:30:06.660278+00:00
800,90014836,6,0,4.0,ST,1.0,1.0,ST,,4.0,4.0,,,,,,,1999-08-25,1999-08-25,0.51129,682.76,,0,I0000017PY,6,2,,0,,R100016,Tuner X300,,,R1134,DLN,,,,,R1,1,R110,DE,,,,1.0,,,,,,,,,,X,,,,,,,,,,,R1,,HAMED,1999-08-25,05:04:35,,,1.0,893.0,792.0,792.0,682.76,792.0,,,1.0,,,,,,,,,,,,,,,,,R100,13305,0,,,,,0,0,,0,,,,,,,DE,A,,,R100,R1,,,,2,,,0,,,,,109.24,,,,,,,,,,,,,,,,,792.0,,0,,1999-08-25,,,,,,,,,,,,,,,,,,,,,,0,,,,,,,,,,,,,,,,,,,,0,0,,0,0,,,,,,,,,,,,,0,,,0,0,,,,,,I,False,2021-04-06 06:55:14.887400+00:00
800,90014836,6,0,4.0,ST,1.0,1.0,ST,,4.0,4.0,,,,,,,1999-08-25,1999-08-25,0.51129,682.76,,0,I0000017PY,6,2,,0,,R100016,Tuner X300,,,R1134,DLN,,,,,R1,1,R110,DE,,,,1.0,,,,,,,,,,X,,,,,,,,,,,R1,,HAMED,1999-08-25,05:04:35,,,1.0,893.0,792.0,792.0,682.76,792.0,,,1.0,,,,,,,,,,,,,,,,,R100,13305,0,,,,,0,0,,0,,,,,,,DE,A,,,R100,R1,,,,2,,,0,,,,,109.24,,,,,,,,,,,,,,,,,792.0,,0,,1999-08-25,,,,,,,,,,,,,,,,,,,,,,0,,,,,,,,,,,,,,,,,,,,0,0,,0,0,,,,,,,,,,,,,0,,,0,0,,,,,,L,False,2021-05-19 21:30:06.660278+00:00
800,90014920,6,0,4.0,ST,1.0,1.0,ST,,4.0,4.0,,,,,,,1999-08-27,1999-08-27,0.51129,682.76,,0,I0000017R0,6,2,,0,,R100016,Tuner X300,,,R1134,DLN,,,,,R1,1,R110,DE,,,,1.0,,,,,,,,,,X,,,,,,,,,,,R1,,HAMED,1999-08-27,05:03:52,,,1.0,893.0,792.0,792.0,682.76,792.0,,,1.0,,,,,,,,,,,,,,,,,R100,13467,0,,,,,0,0,,0,,,,,,,DE,A,,,R100,R1,,,,2,,,0,,,,,109.24,,,,,,,,,,,,,,,,,792.0,,0,,1999-08-27,,,,,,,,,,,,,,,,,,,,,,0,,,,,,,,,,,,,,,,,,,,0,0,,0,0,,,,,,,,,,,,,0,,,0,0,,,,,,L,False,2021-05-19 21:30:06.660278+00:00
800,90014920,6,0,4.0,ST,1.0,1.0,ST,,4.0,4.0,,,,,,,1999-08-27,1999-08-27,0.51129,682.76,,0,I0000017R0,6,2,,0,,R100016,Tuner X300,,,R1134,DLN,,,,,R1,1,R110,DE,,,,1.0,,,,,,,,,,X,,,,,,,,,,,R1,,HAMED,1999-08-27,05:03:52,,,1.0,893.0,792.0,792.0,682.76,792.0,,,1.0,,,,,,,,,,,,,,,,,R100,13467,0,,,,,0,0,,0,,,,,,,DE,A,,,R100,R1,,,,2,,,0,,,,,109.24,,,,,,,,,,,,,,,,,792.0,,0,,1999-08-27,,,,,,,,,,,,,,,,,,,,,,0,,,,,,,,,,,,,,,,,,,,0,0,,0,0,,,,,,,,,,,,,0,,,0,0,,,,,,I,False,2021-04-06 06:55:14.887400+00:00
800,90015119,6,0,4.0,ST,1.0,1.0,ST,,4.0,4.0,,,,,,,1999-09-08,1999-09-08,0.51129,682.76,,0,I0000017vF,6,2,,0,,R100016,Tuner X300,,,R1134,DLN,,,,,R1,1,R110,DE,,,,1.0,,,,,,,,,,X,,,,,,,,,,,R1,,HAMED,1999-09-08,05:08:06,,,1.0,893.0,792.0,792.0,682.76,792.0,,,1.0,,,,,,,,,,,,,,,,,R100,13746,0,,,,,0,0,,0,,,,,,,DE,A,,,R100,R1,,,,2,,,0,,,,,109.24,,,,,,,,,,,,,,,,,792.0,,0,,1999-09-08,,,,,,,,,,,,,,,,,,,,,,0,,,,,,,,,,,,,,,,,,,,0,0,,0,0,,,,,,,,,,,,,0,,,0,0,,,,,,L,False,2021-05-19 21:30:06.660278+00:00
800,90015119,6,0,4.0,ST,1.0,1.0,ST,,4.0,4.0,,,,,,,1999-09-08,1999-09-08,0.51129,682.76,,0,I0000017vF,6,2,,0,,R100016,Tuner X300,,,R1134,DLN,,,,,R1,1,R110,DE,,,,1.0,,,,,,,,,,X,,,,,,,,,,,R1,,HAMED,1999-09-08,05:08:06,,,1.0,893.0,792.0,792.0,682.76,792.0,,,1.0,,,,,,,,,,,,,,,,,R100,13746,0,,,,,0,0,,0,,,,,,,DE,A,,,R100,R1,,,,2,,,0,,,,,109.24,,,,,,,,,,,,,,,,,792.0,,0,,1999-09-08,,,,,,,,,,,,,,,,,,,,,,0,,,,,,,,,,,,,,,,,,,,0,0,,0,0,,,,,,,,,,,,,0,,,0,0,,,,,,I,False,2021-04-06 06:55:14.887400+00:00
800,90015142,6,0,4.0,ST,1.0,1.0,ST,,4.0,4.0,,,,,,,1999-09-10,1999-09-10,0.51129,682.76,,0,I0000017vf,6,2,,0,,R100016,Tuner X300,,,R1134,DLN,,,,,R1,1,R110,DE,,,,1.0,,,,,,,,,,X,,,,,,,,,,,R1,,HAMED,1999-09-10,05:08:24,,,1.0,893.0,792.0,792.0,682.76,792.0,,,1.0,,,,,,,,,,,,,,,,,R100,13793,0,,,,,0,0,,0,,,,,,,DE,A,,,R100,R1,,,,2,,,0,,,,,109.24,,,,,,,,,,,,,,,,,792.0,,0,,1999-09-10,,,,,,,,,,,,,,,,,,,,,,0,,,,,,,,,,,,,,,,,,,,0,0,,0,0,,,,,,,,,,,,,0,,,0,0,,,,,,L,False,2021-05-19 21:30:06.660278+00:00
800,90015142,6,0,4.0,ST,1.0,1.0,ST,,4.0,4.0,,,,,,,1999-09-10,1999-09-10,0.51129,682.76,,0,I0000017vf,6,2,,0,,R100016,Tuner X300,,,R1134,DLN,,,,,R1,1,R110,DE,,,,1.0,,,,,,,,,,X,,,,,,,,,,,R1,,HAMED,1999-09-10,05:08:24,,,1.0,893.0,792.0,792.0,682.76,792.0,,,1.0,,,,,,,,,,,,,,,,,R100,13793,0,,,,,0,0,,0,,,,,,,DE,A,,,R100,R1,,,,2,,,0,,,,,109.24,,,,,,,,,,,,,,,,,792.0,,0,,1999-09-10,,,,,,,,,,,,,,,,,,,,,,0,,,,,,,,,,,,,,,,,,,,0,0,,0,0,,,,,,,,,,,,,0,,,0,0,,,,,,I,False,2021-04-06 06:55:14.887400+00:00
800,90015181,6,0,4.0,ST,1.0,1.0,ST,,4.0,4.0,,,,,,,1999-09-14,1999-09-14,0.51129,682.76,,0,I0000018BE,6,2,,0,,R100016,Tuner X300,,,R1134,DLN,,,,,R1,1,R110,DE,,,,1.0,,,,,,,,,,X,,,,,,,,,,,R1,,HAMED,1999-09-14,05:13:20,,,1.0,893.0,792.0,792.0,682.76,792.0,,,1.0,,,,,,,,,,,,,,,,,R100,13934,0,,,,,0,0,,0,,,,,,,DE,A,,,R100,R1,,,,2,,,0,,,,,109.24,,,,,,,,,,,,,,,,,792.0,,0,,1999-09-14,,,,,,,,,,,,,,,,,,,,,,0,,,,,,,,,,,,,,,,,,,,0,0,,0,0,,,,,,,,,,,,,0,,,0,0,,,,,,L,False,2021-05-19 21:30:06.660278+00:00
800,90015181,6,0,4.0,ST,1.0,1.0,ST,,4.0,4.0,,,,,,,1999-09-14,1999-09-14,0.51129,682.76,,0,I0000018BE,6,2,,0,,R100016,Tuner X300,,,R1134,DLN,,,,,R1,1,R110,DE,,,,1.0,,,,,,,,,,X,,,,,,,,,,,R1,,HAMED,1999-09-14,05:13:20,,,1.0,893.0,792.0,792.0,682.76,792.0,,,1.0,,,,,,,,,,,,,,,,,R100,13934,0,,,,,0,0,,0,,,,,,,DE,A,,,R100,R1,,,,2,,,0,,,,,109.24,,,,,,,,,,,,,,,,,792.0,,0,,1999-09-14,,,,,,,,,,,,,,,,,,,,,,0,,,,,,,,,,,,,,,,,,,,0,0,,0,0,,,,,,,,,,,,,0,,,0,0,,,,,,I,False,2021-04-06 06:55:14.887400+00:00
800,90015299,6,0,4.0,ST,1.0,1.0,ST,,4.0,4.0,,,,,,,1999-09-16,1999-09-16,0.51129,682.76,,0,I0000018CU,6,2,,0,,R100016,Tuner X300,,,R1134,DLN,,,,,R1,1,R110,DE,,,,1.0,,,,,,,,,,X,,,,,,,,,,,R1,,HAMED,1999-09-16,05:20:53,,,1.0,893.0,792.0,792.0,682.76,792.0,,,1.0,,,,,,,,,,,,,,,,,R100,14060,0,,,,,0,0,,0,,,,,,,DE,A,,,R100,R1,,,,2,,,0,,,,,109.24,,,,,,,,,,,,,,,,,792.0,,0,,1999-09-16,,,,,,,,,,,,,,,,,,,,,,0,,,,,,,,,,,,,,,,,,,,0,0,,0,0,,,,,,,,,,,,,0,,,0,0,,,,,,I,False,2021-04-06 06:55:14.887400+00:00
800,90015299,6,0,4.0,ST,1.0,1.0,ST,,4.0,4.0,,,,,,,1999-09-16,1999-09-16,0.51129,682.76,,0,I0000018CU,6,2,,0,,R100016,Tuner X300,,,R1134,DLN,,,,,R1,1,R110,DE,,,,1.0,,,,,,,,,,X,,,,,,,,,,,R1,,HAMED,1999-09-16,05:20:53,,,1.0,893.0,792.0,792.0,682.76,792.0,,,1.0,,,,,,,,,,,,,,,,,R100,14060,0,,,,,0,0,,0,,,,,,,DE,A,,,R100,R1,,,,2,,,0,,,,,109.24,,,,,,,,,,,,,,,,,792.0,,0,,1999-09-16,,,,,,,,,,,,,,,,,,,,,,0,,,,,,,,,,,,,,,,,,,,0,0,,0,0,,,,,,,,,,,,,0,,,0,0,,,,,,L,False,2021-05-19 21:30:06.660278+00:00
800,90015302,6,0,4.0,ST,1.0,1.0,ST,,4.0,4.0,,,,,,,1999-09-22,1999-09-22,0.51129,682.76,,0,I0000018hX,6,2,,0,,R100016,Tuner X300,,,R1134,DLN,,,,,R1,1,R110,DE,,,,1.0,,,,,,,,,,X,,,,,,,,,,,R1,,HAMED,1999-09-22,05:03:54,,,1.0,893.0,792.0,792.0,682.76,792.0,,,1.0,,,,,,,,,,,,,,,,,R100,14288,0,,,,,0,0,,0,,,,,,,DE,A,,,R100,R1,,,,2,,,0,,,,,109.24,,,,,,,,,,,,,,,,,792.0,,0,,1999-09-22,,,,,,,,,,,,,,,,,,,,,,0,,,,,,,,,,,,,,,,,,,,0,0,,0,0,,,,,,,,,,,,,0,,,0,0,,,,,,L,False,2021-05-19 21:30:06.660278+00:00
800,90015302,6,0,4.0,ST,1.0,1.0,ST,,4.0,4.0,,,,,,,1999-09-22,1999-09-22,0.51129,682.76,,0,I0000018hX,6,2,,0,,R100016,Tuner X300,,,R1134,DLN,,,,,R1,1,R110,DE,,,,1.0,,,,,,,,,,X,,,,,,,,,,,R1,,HAMED,1999-09-22,05:03:54,,,1.0,893.0,792.0,792.0,682.76,792.0,,,1.0,,,,,,,,,,,,,,,,,R100,14288,0,,,,,0,0,,0,,,,,,,DE,A,,,R100,R1,,,,2,,,0,,,,,109.24,,,,,,,,,,,,,,,,,792.0,,0,,1999-09-22,,,,,,,,,,,,,,,,,,,,,,0,,,,,,,,,,,,,,,,,,,,0,0,,0,0,,,,,,,,,,,,,0,,,0,0,,,,,,I,False,2021-04-06 06:55:14.887400+00:00
800,90015400,6,0,4.0,ST,1.0,1.0,ST,,4.0,4.0,,,,,,,1999-09-24,1999-09-24,0.51129,682.76,,0,I0000018yP,6,2,,0,,R100016,Tuner X300,,,R1134,DLN,,,,,R1,1,R110,DE,,,,1.0,,,,,,,,,,X,,,,,,,,,,,R1,,HAMED,1999-09-24,05:03:18,,,1.0,893.0,792.0,792.0,682.76,792.0,,,1.0,,,,,,,,,,,,,,,,,R100,14534,0,,,,,0,0,,0,,,,,,,DE,A,,,R100,R1,,,,2,,,0,,,,,109.24,,,,,,,,,,,,,,,,,792.0,,0,,1999-09-24,,,,,,,,,,,,,,,,,,,,,,0,,,,,,,,,,,,,,,,,,,,0,0,,0,0,,,,,,,,,,,,,0,,,0,0,,,,,,I,False,2021-04-06 06:55:14.887400+00:00
800,90015400,6,0,4.0,ST,1.0,1.0,ST,,4.0,4.0,,,,,,,1999-09-24,1999-09-24,0.51129,682.76,,0,I0000018yP,6,2,,0,,R100016,Tuner X300,,,R1134,DLN,,,,,R1,1,R110,DE,,,,1.0,,,,,,,,,,X,,,,,,,,,,,R1,,HAMED,1999-09-24,05:03:18,,,1.0,893.0,792.0,792.0,682.76,792.0,,,1.0,,,,,,,,,,,,,,,,,R100,14534,0,,,,,0,0,,0,,,,,,,DE,A,,,R100,R1,,,,2,,,0,,,,,109.24,,,,,,,,,,,,,,,,,792.0,,0,,1999-09-24,,,,,,,,,,,,,,,,,,,,,,0,,,,,,,,,,,,,,,,,,,,0,0,,0,0,,,,,,,,,,,,,0,,,0,0,,,,,,L,False,2021-05-19 21:30:06.660278+00:00
800,90015549,6,0,4.0,ST,1.0,1.0,ST,,4.0,4.0,,,,,,,1999-09-28,1999-09-28,0.51129,682.76,,0,I0000019GK,6,2,,0,,R100016,Tuner X300,,,R1134,DLN,,,,,R1,1,R110,DE,,,,1.0,,,,,,,,,,X,,,,,,,,,,,R1,,HAMED,1999-09-28,05:02:25,,,1.0,893.0,792.0,792.0,682.76,792.0,,,1.0,,,,,,,,,,,,,,,,,R100,14778,0,,,,,0,0,,0,,,,,,,DE,A,,,R100,R1,,,,2,,,0,,,,,109.24,,,,,,,,,,,,,,,,,792.0,,0,,1999-09-28,,,,,,,,,,,,,,,,,,,,,,0,,,,,,,,,,,,,,,,,,,,0,0,,0,0,,,,,,,,,,,,,0,,,0,0,,,,,,L,False,2021-05-19 21:30:06.660278+00:00
800,90015549,6,0,4.0,ST,1.0,1.0,ST,,4.0,4.0,,,,,,,1999-09-28,1999-09-28,0.51129,682.76,,0,I0000019GK,6,2,,0,,R100016,Tuner X300,,,R1134,DLN,,,,,R1,1,R110,DE,,,,1.0,,,,,,,,,,X,,,,,,,,,,,R1,,HAMED,1999-09-28,05:02:25,,,1.0,893.0,792.0,792.0,682.76,792.0,,,1.0,,,,,,,,,,,,,,,,,R100,14778,0,,,,,0,0,,0,,,,,,,DE,A,,,R100,R1,,,,2,,,0,,,,,109.24,,,,,,,,,,,,,,,,,792.0,,0,,1999-09-28,,,,,,,,,,,,,,,,,,,,,,0,,,,,,,,,,,,,,,,,,,,0,0,,0,0,,,,,,,,,,,,,0,,,0,0,,,,,,I,False,2021-04-06 06:55:14.887400+00:00
800,90015732,6,0,5.0,ST,1.0,1.0,ST,,5.0,5.0,,,,,,,1999-10-08,1999-10-08,0.51129,853.45,,0,I0000019VU,6,2,,0,,R100016,Tuner X300,,,R1134,DLN,,,,,R1,1,R110,DE,,,,1.0,,,,,,,,,,X,,,,,,,,,,,R1,,HAMED,1999-10-08,05:07:34,,,1.0,1116.25,990.0,990.0,853.45,990.0,,,1.0,,,,,,,,,,,,,,,,,R100,15061,0,,,,,0,0,,0,,,,,,,DE,A,,,R100,R1,,,,2,,,0,,,,,136.55,,,,,,,,,,,,,,,,,990.0,,0,,1999-10-08,,,,,,,,,,,,,,,,,,,,,,0,,,,,,,,,,,,,,,,,,,,0,0,,0,0,,,,,,,,,,,,,0,,,0,0,,,,,,I,False,2021-04-06 06:55:14.887400+00:00
800,90015732,6,0,5.0,ST,1.0,1.0,ST,,5.0,5.0,,,,,,,1999-10-08,1999-10-08,0.51129,853.45,,0,I0000019VU,6,2,,0,,R100016,Tuner X300,,,R1134,DLN,,,,,R1,1,R110,DE,,,,1.0,,,,,,,,,,X,,,,,,,,,,,R1,,HAMED,1999-10-08,05:07:34,,,1.0,1116.25,990.0,990.0,853.45,990.0,,,1.0,,,,,,,,,,,,,,,,,R100,15061,0,,,,,0,0,,0,,,,,,,DE,A,,,R100,R1,,,,2,,,0,,,,,136.55,,,,,,,,,,,,,,,,,990.0,,0,,1999-10-08,,,,,,,,,,,,,,,,,,,,,,0,,,,,,,,,,,,,,,,,,,,0,0,,0,0,,,,,,,,,,,,,0,,,0,0,,,,,,L,False,2021-05-19 21:30:06.660278+00:00
800,90015810,6,0,5.0,ST,1.0,1.0,ST,,5.0,5.0,,,,,,,1999-10-12,1999-10-12,0.51129,853.45,,0,I0000019ki,6,2,,0,,R100016,Tuner X300,,,R1134,DLN,,,,,R1,1,R110,DE,,,,1.0,,,,,,,,,,X,,,,,,,,,,,R1,,HAMED,1999-10-12,05:06:10,,,1.0,1116.25,990.0,990.0,853.45,990.0,,,1.0,,,,,,,,,,,,,,,,,R100,15205,0,,,,,0,0,,0,,,,,,,DE,A,,,R100,R1,,,,2,,,0,,,,,136.55,,,,,,,,,,,,,,,,,990.0,,0,,1999-10-12,,,,,,,,,,,,,,,,,,,,,,0,,,,,,,,,,,,,,,,,,,,0,0,,0,0,,,,,,,,,,,,,0,,,0,0,,,,,,L,False,2021-05-19 21:30:06.660278+00:00
800,90015810,6,0,5.0,ST,1.0,1.0,ST,,5.0,5.0,,,,,,,1999-10-12,1999-10-12,0.51129,853.45,,0,I0000019ki,6,2,,0,,R100016,Tuner X300,,,R1134,DLN,,,,,R1,1,R110,DE,,,,1.0,,,,,,,,,,X,,,,,,,,,,,R1,,HAMED,1999-10-12,05:06:10,,,1.0,1116.25,990.0,990.0,853.45,990.0,,,1.0,,,,,,,,,,,,,,,,,R100,15205,0,,,,,0,0,,0,,,,,,,DE,A,,,R100,R1,,,,2,,,0,,,,,136.55,,,,,,,,,,,,,,,,,990.0,,0,,1999-10-12,,,,,,,,,,,,,,,,,,,,,,0,,,,,,,,,,,,,,,,,,,,0,0,,0,0,,,,,,,,,,,,,0,,,0,0,,,,,,I,False,2021-04-06 06:55:14.887400+00:00
800,90015892,6,0,6.0,ST,1.0,1.0,ST,,6.0,6.0,,,,,,,1999-10-14,1999-10-14,0.51129,1024.14,,0,I000001A05,6,2,,0,,R100016,Tuner X300,,,R1134,DLN,,,,,R1,1,R110,DE,,,,1.0,,,,,,,,,,X,,,,,,,,,,,R1,,HAMED,1999-10-14,05:18:24,,,1.0,1339.5,1188.0,1188.0,1024.14,1188.0,,,1.0,,,,,,,,,,,,,,,,,R100,15334,0,,,,,0,0,,0,,,,,,,DE,A,,,R100,R1,,,,2,,,0,,,,,163.86,,,,,,,,,,,,,,,,,1188.0,,0,,1999-10-14,,,,,,,,,,,,,,,,,,,,,,0,,,,,,,,,,,,,,,,,,,,0,0,,0,0,,,,,,,,,,,,,0,,,0,0,,,,,,L,False,2021-05-19 21:29:25.722817+00:00
800,90015892,6,0,6.0,ST,1.0,1.0,ST,,6.0,6.0,,,,,,,1999-10-14,1999-10-14,0.51129,1024.14,,0,I000001A05,6,2,,0,,R100016,Tuner X300,,,R1134,DLN,,,,,R1,1,R110,DE,,,,1.0,,,,,,,,,,X,,,,,,,,,,,R1,,HAMED,1999-10-14,05:18:24,,,1.0,1339.5,1188.0,1188.0,1024.14,1188.0,,,1.0,,,,,,,,,,,,,,,,,R100,15334,0,,,,,0,0,,0,,,,,,,DE,A,,,R100,R1,,,,2,,,0,,,,,163.86,,,,,,,,,,,,,,,,,1188.0,,0,,1999-10-14,,,,,,,,,,,,,,,,,,,,,,0,,,,,,,,,,,,,,,,,,,,0,0,,0,0,,,,,,,,,,,,,0,,,0,0,,,,,,I,False,2021-04-06 06:55:04.491202+00:00
800,90015990,6,0,5.0,ST,1.0,1.0,ST,,5.0,5.0,,,,,,,1999-10-18,1999-10-18,0.51129,853.45,,0,I000001AWL,6,2,,0,,R100016,Tuner X300,,,R1134,DLN,,,,,R1,1,R110,DE,,,,1.0,,,,,,,,,,X,,,,,,,,,,,R1,,HAMED,1999-10-18,05:05:47,,,1.0,1116.25,990.0,990.0,853.45,990.0,,,1.0,,,,,,,,,,,,,,,,,R100,15534,0,,,,,0,0,,0,,,,,,,DE,A,,,R100,R1,,,,2,,,0,,,,,136.55,,,,,,,,,,,,,,,,,990.0,,0,,1999-10-18,,,,,,,,,,,,,,,,,,,,,,0,,,,,,,,,,,,,,,,,,,,0,0,,0,0,,,,,,,,,,,,,0,,,0,0,,,,,,L,False,2021-05-19 21:30:06.660278+00:00
800,90015990,6,0,5.0,ST,1.0,1.0,ST,,5.0,5.0,,,,,,,1999-10-18,1999-10-18,0.51129,853.45,,0,I000001AWL,6,2,,0,,R100016,Tuner X300,,,R1134,DLN,,,,,R1,1,R110,DE,,,,1.0,,,,,,,,,,X,,,,,,,,,,,R1,,HAMED,1999-10-18,05:05:47,,,1.0,1116.25,990.0,990.0,853.45,990.0,,,1.0,,,,,,,,,,,,,,,,,R100,15534,0,,,,,0,0,,0,,,,,,,DE,A,,,R100,R1,,,,2,,,0,,,,,136.55,,,,,,,,,,,,,,,,,990.0,,0,,1999-10-18,,,,,,,,,,,,,,,,,,,,,,0,,,,,,,,,,,,,,,,,,,,0,0,,0,0,,,,,,,,,,,,,0,,,0,0,,,,,,I,False,2021-04-06 06:55:14.887400+00:00
800,90016148,6,0,4.0,ST,1.0,1.0,ST,,4.0,4.0,,,,,,,1999-10-20,1999-10-20,0.51129,682.76,,0,I000001AmT,6,2,,0,,R100016,Tuner X300,,,R1134,DLN,,,,,R1,1,R110,DE,,,,1.0,,,,,,,,,,X,,,,,,,,,,,R1,,HAMED,1999-10-20,05:05:07,,,1.0,893.0,792.0,792.0,682.76,792.0,,,1.0,,,,,,,,,,,,,,,,,R100,15834,0,,,,,0,0,,0,,,,,,,DE,A,,,R100,R1,,,,2,,,0,,,,,109.24,,,,,,,,,,,,,,,,,792.0,,0,,1999-10-20,,,,,,,,,,,,,,,,,,,,,,0,,,,,,,,,,,,,,,,,,,,0,0,,0,0,,,,,,,,,,,,,0,,,0,0,,,,,,L,False,2021-05-19 21:30:06.660278+00:00
800,90016148,6,0,4.0,ST,1.0,1.0,ST,,4.0,4.0,,,,,,,1999-10-20,1999-10-20,0.51129,682.76,,0,I000001AmT,6,2,,0,,R100016,Tuner X300,,,R1134,DLN,,,,,R1,1,R110,DE,,,,1.0,,,,,,,,,,X,,,,,,,,,,,R1,,HAMED,1999-10-20,05:05:07,,,1.0,893.0,792.0,792.0,682.76,792.0,,,1.0,,,,,,,,,,,,,,,,,R100,15834,0,,,,,0,0,,0,,,,,,,DE,A,,,R100,R1,,,,2,,,0,,,,,109.24,,,,,,,,,,,,,,,,,792.0,,0,,1999-10-20,,,,,,,,,,,,,,,,,,,,,,0,,,,,,,,,,,,,,,,,,,,0,0,,0,0,,,,,,,,,,,,,0,,,0,0,,,,,,I,False,2021-04-06 06:55:14.887400+00:00
800,90016245,6,0,4.0,ST,1.0,1.0,ST,,4.0,4.0,,,,,,,1999-10-22,1999-10-22,0.51129,682.76,,0,I000001B2b,6,2,,0,,R100016,Tuner X300,,,R1134,DLN,,,,,R1,1,R110,DE,,,,1.0,,,,,,,,,,X,,,,,,,,,,,R1,,HAMED,1999-10-22,05:06:25,,,1.0,893.0,792.0,792.0,682.76,792.0,,,1.0,,,,,,,,,,,,,,,,,R100,16034,0,,,,,0,0,,0,,,,,,,DE,A,,,R100,R1,,,,2,,,0,,,,,109.24,,,,,,,,,,,,,,,,,792.0,,0,,1999-10-22,,,,,,,,,,,,,,,,,,,,,,0,,,,,,,,,,,,,,,,,,,,0,0,,0,0,,,,,,,,,,,,,0,,,0,0,,,,,,L,False,2021-05-19 21:30:06.660278+00:00
800,90016245,6,0,4.0,ST,1.0,1.0,ST,,4.0,4.0,,,,,,,1999-10-22,1999-10-22,0.51129,682.76,,0,I000001B2b,6,2,,0,,R100016,Tuner X300,,,R1134,DLN,,,,,R1,1,R110,DE,,,,1.0,,,,,,,,,,X,,,,,,,,,,,R1,,HAMED,1999-10-22,05:06:25,,,1.0,893.0,792.0,792.0,682.76,792.0,,,1.0,,,,,,,,,,,,,,,,,R100,16034,0,,,,,0,0,,0,,,,,,,DE,A,,,R100,R1,,,,2,,,0,,,,,109.24,,,,,,,,,,,,,,,,,792.0,,0,,1999-10-22,,,,,,,,,,,,,,,,,,,,,,0,,,,,,,,,,,,,,,,,,,,0,0,,0,0,,,,,,,,,,,,,0,,,0,0,,,,,,I,False,2021-04-06 06:55:14.887400+00:00
800,90016326,6,0,4.0,ST,1.0,1.0,ST,,4.0,4.0,,,,,,,1999-10-26,1999-10-26,0.51129,682.76,,0,I000001BJU,6,2,,0,,R100016,Tuner X300,,,R1134,DLN,,,,,R1,1,R110,DE,,,,1.0,,,,,,,,,,X,,,,,,,,,,,R1,,HAMED,1999-10-26,05:06:37,,,1.0,893.0,792.0,792.0,682.76,792.0,,,1.0,,,,,,,,,,,,,,,,,R100,16205,0,,,,,0,0,,0,,,,,,,DE,A,,,R100,R1,,,,2,,,0,,,,,109.24,,,,,,,,,,,,,,,,,792.0,,0,,1999-10-26,,,,,,,,,,,,,,,,,,,,,,0,,,,,,,,,,,,,,,,,,,,0,0,,0,0,,,,,,,,,,,,,0,,,0,0,,,,,,L,False,2021-05-19 21:30:06.660278+00:00
800,90016326,6,0,4.0,ST,1.0,1.0,ST,,4.0,4.0,,,,,,,1999-10-26,1999-10-26,0.51129,682.76,,0,I000001BJU,6,2,,0,,R100016,Tuner X300,,,R1134,DLN,,,,,R1,1,R110,DE,,,,1.0,,,,,,,,,,X,,,,,,,,,,,R1,,HAMED,1999-10-26,05:06:37,,,1.0,893.0,792.0,792.0,682.76,792.0,,,1.0,,,,,,,,,,,,,,,,,R100,16205,0,,,,,0,0,,0,,,,,,,DE,A,,,R100,R1,,,,2,,,0,,,,,109.24,,,,,,,,,,,,,,,,,792.0,,0,,1999-10-26,,,,,,,,,,,,,,,,,,,,,,0,,,,,,,,,,,,,,,,,,,,0,0,,0,0,,,,,,,,,,,,,0,,,0,0,,,,,,I,False,2021-04-06 06:55:14.887400+00:00
800,90016450,6,0,4.0,ST,1.0,1.0,ST,,4.0,4.0,,,,,,,1999-10-28,1999-10-28,0.51129,682.76,,0,I000001BLX,6,2,,0,,R100016,Tuner X300,,,R1134,DLN,,,,,R1,1,R110,DE,,,,1.0,,,,,,,,,,X,,,,,,,,,,,R1,,HAMED,1999-10-28,05:11:22,,,1.0,893.0,792.0,792.0,682.76,792.0,,,1.0,,,,,,,,,,,,,,,,,R100,16401,0,,,,,0,0,,0,,,,,,,DE,A,,,R100,R1,,,,2,,,0,,,,,109.24,,,,,,,,,,,,,,,,,792.0,,0,,1999-10-28,,,,,,,,,,,,,,,,,,,,,,0,,,,,,,,,,,,,,,,,,,,0,0,,0,0,,,,,,,,,,,,,0,,,0,0,,,,,,L,False,2021-05-19 21:30:06.660278+00:00
800,90016450,6,0,4.0,ST,1.0,1.0,ST,,4.0,4.0,,,,,,,1999-10-28,1999-10-28,0.51129,682.76,,0,I000001BLX,6,2,,0,,R100016,Tuner X300,,,R1134,DLN,,,,,R1,1,R110,DE,,,,1.0,,,,,,,,,,X,,,,,,,,,,,R1,,HAMED,1999-10-28,05:11:22,,,1.0,893.0,792.0,792.0,682.76,792.0,,,1.0,,,,,,,,,,,,,,,,,R100,16401,0,,,,,0,0,,0,,,,,,,DE,A,,,R100,R1,,,,2,,,0,,,,,109.24,,,,,,,,,,,,,,,,,792.0,,0,,1999-10-28,,,,,,,,,,,,,,,,,,,,,,0,,,,,,,,,,,,,,,,,,,,0,0,,0,0,,,,,,,,,,,,,0,,,0,0,,,,,,I,False,2021-04-06 06:55:14.887400+00:00
800,90016456,6,0,5.0,ST,1.0,1.0,ST,,5.0,5.0,,,,,,,1999-10-04,1999-10-04,0.51129,853.45,,0,I000001BLd,6,2,,0,,R100016,Tuner X300,,,R1134,DLN,,,,,R1,1,R110,DE,,,,1.0,,,,,,,,,,X,,,,,,,,,,,R1,,D020740,1999-10-28,08:36:15,,,1.0,1116.25,990.0,990.0,853.45,990.0,,,1.0,,,,,,,,,,,,,,,,,R100,16455,0,,,,,0,0,,0,,,,,,,DE,A,,,R100,R1,,,,2,,,0,,,,,136.55,,,,,,,,,,,,,,,,,990.0,,0,,1999-10-04,,,,,,,,,,,,,,,,,,,,,,0,,,,,,,,,,,,,,,,,,,,0,0,,0,0,,,,,,,,,,,,,0,,,0,0,,,,,,L,False,2021-05-19 21:30:06.660278+00:00
800,90016456,6,0,5.0,ST,1.0,1.0,ST,,5.0,5.0,,,,,,,1999-10-04,1999-10-04,0.51129,853.45,,0,I000001BLd,6,2,,0,,R100016,Tuner X300,,,R1134,DLN,,,,,R1,1,R110,DE,,,,1.0,,,,,,,,,,X,,,,,,,,,,,R1,,D020740,1999-10-28,08:36:15,,,1.0,1116.25,990.0,990.0,853.45,990.0,,,1.0,,,,,,,,,,,,,,,,,R100,16455,0,,,,,0,0,,0,,,,,,,DE,A,,,R100,R1,,,,2,,,0,,,,,136.55,,,,,,,,,,,,,,,,,990.0,,0,,1999-10-04,,,,,,,,,,,,,,,,,,,,,,0,,,,,,,,,,,,,,,,,,,,0,0,,0,0,,,,,,,,,,,,,0,,,0,0,,,,,,I,False,2021-04-06 06:55:14.887400+00:00
800,90016813,6,0,4.0,ST,1.0,1.0,ST,,4.0,4.0,,,,,,,1999-11-09,1999-11-09,0.51129,682.76,,0,I000001Bph,6,2,,0,,R100016,Tuner X300,,,R1134,DLN,,,,,R1,1,R110,DE,,,,1.0,,,,,,,,,,X,,,,,,,,,,,R1,,HAMED,1999-11-09,05:14:32,,,1.0,893.0,792.0,792.0,682.76,792.0,,,1.0,,,,,,,,,,,,,,,,,R100,16978,0,,,,,0,0,,0,,,,,,,DE,A,,,R100,R1,,,,2,,,0,,,,,109.24,,,,,,,,,,,,,,,,,792.0,,0,,1999-11-09,,,,,,,,,,,,,,,,,,,,,,0,,,,,,,,,,,,,,,,,,,,0,0,,0,0,,,,,,,,,,,,,0,,,0,0,,,,,,L,False,2021-05-19 21:30:06.660278+00:00
800,90016813,6,0,4.0,ST,1.0,1.0,ST,,4.0,4.0,,,,,,,1999-11-09,1999-11-09,0.51129,682.76,,0,I000001Bph,6,2,,0,,R100016,Tuner X300,,,R1134,DLN,,,,,R1,1,R110,DE,,,,1.0,,,,,,,,,,X,,,,,,,,,,,R1,,HAMED,1999-11-09,05:14:32,,,1.0,893.0,792.0,792.0,682.76,792.0,,,1.0,,,,,,,,,,,,,,,,,R100,16978,0,,,,,0,0,,0,,,,,,,DE,A,,,R100,R1,,,,2,,,0,,,,,109.24,,,,,,,,,,,,,,,,,792.0,,0,,1999-11-09,,,,,,,,,,,,,,,,,,,,,,0,,,,,,,,,,,,,,,,,,,,0,0,,0,0,,,,,,,,,,,,,0,,,0,0,,,,,,I,False,2021-04-06 06:55:14.887400+00:00
800,90016910,6,0,4.0,ST,1.0,1.0,ST,,4.0,4.0,,,,,,,1999-11-11,1999-11-11,0.51129,682.76,,0,I000001BrG,6,2,,0,,R100016,Tuner X300,,,R1134,DLN,,,,,R1,1,R110,DE,,,,1.0,,,,,,,,,,X,,,,,,,,,,,R1,,HAMED,1999-11-11,05:19:36,,,1.0,893.0,792.0,792.0,682.76,792.0,,,1.0,,,,,,,,,,,,,,,,,R100,17132,0,,,,,0,0,,0,,,,,,,DE,A,,,R100,R1,,,,2,,,0,,,,,109.24,,,,,,,,,,,,,,,,,792.0,,0,,1999-11-11,,,,,,,,,,,,,,,,,,,,,,0,,,,,,,,,,,,,,,,,,,,0,0,,0,0,,,,,,,,,,,,,0,,,0,0,,,,,,L,False,2021-05-19 21:30:06.660278+00:00
800,90016910,6,0,4.0,ST,1.0,1.0,ST,,4.0,4.0,,,,,,,1999-11-11,1999-11-11,0.51129,682.76,,0,I000001BrG,6,2,,0,,R100016,Tuner X300,,,R1134,DLN,,,,,R1,1,R110,DE,,,,1.0,,,,,,,,,,X,,,,,,,,,,,R1,,HAMED,1999-11-11,05:19:36,,,1.0,893.0,792.0,792.0,682.76,792.0,,,1.0,,,,,,,,,,,,,,,,,R100,17132,0,,,,,0,0,,0,,,,,,,DE,A,,,R100,R1,,,,2,,,0,,,,,109.24,,,,,,,,,,,,,,,,,792.0,,0,,1999-11-11,,,,,,,,,,,,,,,,,,,,,,0,,,,,,,,,,,,,,,,,,,,0,0,,0,0,,,,,,,,,,,,,0,,,0,0,,,,,,I,False,2021-04-06 06:55:14.887400+00:00
800,90016992,6,0,5.0,ST,1.0,1.0,ST,,5.0,5.0,,,,,,,1999-11-15,1999-11-15,0.51129,853.45,,0,I000001C57,6,2,,0,,R100016,Tuner X300,,,R1134,DLN,,,,,R1,1,R110,DE,,,,1.0,,,,,,,,,,X,,,,,,,,,,,R1,,HAMED,1999-11-15,05:08:48,,,1.0,1116.25,990.0,990.0,853.45,990.0,,,1.0,,,,,,,,,,,,,,,,,R100,17334,0,,,,,0,0,,0,,,,,,,DE,A,,,R100,R1,,,,2,,,0,,,,,136.55,,,,,,,,,,,,,,,,,990.0,,0,,1999-11-15,,,,,,,,,,,,,,,,,,,,,,0,,,,,,,,,,,,,,,,,,,,0,0,,0,0,,,,,,,,,,,,,0,,,0,0,,,,,,I,False,2021-04-06 06:55:14.887400+00:00
800,90016992,6,0,5.0,ST,1.0,1.0,ST,,5.0,5.0,,,,,,,1999-11-15,1999-11-15,0.51129,853.45,,0,I000001C57,6,2,,0,,R100016,Tuner X300,,,R1134,DLN,,,,,R1,1,R110,DE,,,,1.0,,,,,,,,,,X,,,,,,,,,,,R1,,HAMED,1999-11-15,05:08:48,,,1.0,1116.25,990.0,990.0,853.45,990.0,,,1.0,,,,,,,,,,,,,,,,,R100,17334,0,,,,,0,0,,0,,,,,,,DE,A,,,R100,R1,,,,2,,,0,,,,,136.55,,,,,,,,,,,,,,,,,990.0,,0,,1999-11-15,,,,,,,,,,,,,,,,,,,,,,0,,,,,,,,,,,,,,,,,,,,0,0,,0,0,,,,,,,,,,,,,0,,,0,0,,,,,,L,False,2021-05-19 21:30:06.660278+00:00
800,90017229,6,0,7.0,ST,1.0,1.0,ST,,7.0,7.0,,,,,,,1999-11-25,1999-11-25,0.51129,1194.83,,0,I000001Cch,6,2,,0,,R100016,Tuner X300,,,R1134,DLN,,,,,R1,1,R110,DE,,,,1.0,,,,,,,,,,X,,,,,,,,,,,R1,,HAMED,1999-11-25,05:07:56,,,1.0,1562.75,1386.0,1386.0,1194.83,1386.0,,,1.0,,,,,,,,,,,,,,,,,R100,17747,0,,,,,0,0,,0,,,,,,,DE,A,,,R100,R1,,,,2,,,0,,,,,191.17,,,,,,,,,,,,,,,,,1386.0,,0,,1999-11-25,,,,,,,,,,,,,,,,,,,,,,0,,,,,,,,,,,,,,,,,,,,0,0,,0,0,,,,,,,,,,,,,0,,,0,0,,,,,,I,False,2021-04-06 06:55:14.887400+00:00
800,90017229,6,0,7.0,ST,1.0,1.0,ST,,7.0,7.0,,,,,,,1999-11-25,1999-11-25,0.51129,1194.83,,0,I000001Cch,6,2,,0,,R100016,Tuner X300,,,R1134,DLN,,,,,R1,1,R110,DE,,,,1.0,,,,,,,,,,X,,,,,,,,,,,R1,,HAMED,1999-11-25,05:07:56,,,1.0,1562.75,1386.0,1386.0,1194.83,1386.0,,,1.0,,,,,,,,,,,,,,,,,R100,17747,0,,,,,0,0,,0,,,,,,,DE,A,,,R100,R1,,,,2,,,0,,,,,191.17,,,,,,,,,,,,,,,,,1386.0,,0,,1999-11-25,,,,,,,,,,,,,,,,,,,,,,0,,,,,,,,,,,,,,,,,,,,0,0,,0,0,,,,,,,,,,,,,0,,,0,0,,,,,,L,False,2021-05-19 21:30:06.660278+00:00
800,90017307,6,0,7.0,ST,1.0,1.0,ST,,7.0,7.0,,,,,,,1999-11-29,1999-11-29,0.51129,1194.83,,0,I000001CrV,6,2,,0,,R100016,Tuner X300,,,R1134,DLN,,,,,R1,1,R110,DE,,,,1.0,,,,,,,,,,X,,,,,,,,,,,R1,,HAMED,1999-11-29,05:05:33,,,1.0,1562.75,1386.0,1386.0,1194.83,1386.0,,,1.0,,,,,,,,,,,,,,,,,R100,17934,0,,,,,0,0,,0,,,,,,,DE,A,,,R100,R1,,,,2,,,0,,,,,191.17,,,,,,,,,,,,,,,,,1386.0,,0,,1999-11-29,,,,,,,,,,,,,,,,,,,,,,0,,,,,,,,,,,,,,,,,,,,0,0,,0,0,,,,,,,,,,,,,0,,,0,0,,,,,,I,False,2021-04-06 06:55:14.887400+00:00
800,90017307,6,0,7.0,ST,1.0,1.0,ST,,7.0,7.0,,,,,,,1999-11-29,1999-11-29,0.51129,1194.83,,0,I000001CrV,6,2,,0,,R100016,Tuner X300,,,R1134,DLN,,,,,R1,1,R110,DE,,,,1.0,,,,,,,,,,X,,,,,,,,,,,R1,,HAMED,1999-11-29,05:05:33,,,1.0,1562.75,1386.0,1386.0,1194.83,1386.0,,,1.0,,,,,,,,,,,,,,,,,R100,17934,0,,,,,0,0,,0,,,,,,,DE,A,,,R100,R1,,,,2,,,0,,,,,191.17,,,,,,,,,,,,,,,,,1386.0,,0,,1999-11-29,,,,,,,,,,,,,,,,,,,,,,0,,,,,,,,,,,,,,,,,,,,0,0,,0,0,,,,,,,,,,,,,0,,,0,0,,,,,,L,False,2021-05-19 21:30:06.660278+00:00
800,90017560,6,0,11.0,ST,1.0,1.0,ST,,11.0,11.0,,,,,,,1999-12-08,1999-12-08,0.51129,1877.59,,0,I000001Deb,6,2,,0,,R100016,Tuner X300,,,R1134,DLN,,,,,R1,1,R110,DE,,,,1.0,,,,,,,,,,X,,,,,,,,,,,R1,,HAMED,1999-12-08,05:10:04,,,1.0,2455.75,2178.0,2178.0,1877.59,2178.0,,,1.0,,,,,,,,,,,,,,,,,R100,18478,0,,,,,0,0,,0,,,,,,,DE,A,,,R100,R1,,,,2,,,0,,,,,300.41,,,,,,,,,,,,,,,,,2178.0,,0,,1999-12-08,,,,,,,,,,,,,,,,,,,,,,0,,,,,,,,,,,,,,,,,,,,0,0,,0,0,,,,,,,,,,,,,0,,,0,0,,,,,,L,False,2021-05-19 21:30:22.971523+00:00
800,90017560,6,0,11.0,ST,1.0,1.0,ST,,11.0,11.0,,,,,,,1999-12-08,1999-12-08,0.51129,1877.59,,0,I000001Deb,6,2,,0,,R100016,Tuner X300,,,R1134,DLN,,,,,R1,1,R110,DE,,,,1.0,,,,,,,,,,X,,,,,,,,,,,R1,,HAMED,1999-12-08,05:10:04,,,1.0,2455.75,2178.0,2178.0,1877.59,2178.0,,,1.0,,,,,,,,,,,,,,,,,R100,18478,0,,,,,0,0,,0,,,,,,,DE,A,,,R100,R1,,,,2,,,0,,,,,300.41,,,,,,,,,,,,,,,,,2178.0,,0,,1999-12-08,,,,,,,,,,,,,,,,,,,,,,0,,,,,,,,,,,,,,,,,,,,0,0,,0,0,,,,,,,,,,,,,0,,,0,0,,,,,,I,False,2021-04-06 06:55:20.086219+00:00
800,90017591,6,0,11.0,ST,1.0,1.0,ST,,11.0,11.0,,,,,,,1999-12-10,1999-12-10,0.51129,1877.59,,0,I000001EA9,6,2,,0,,R100016,Tuner X300,,,R1134,DLN,,,,,R1,1,R110,DE,,,,1.0,,,,,,,,,,X,,,,,,,,,,,R1,,HAMED,1999-12-10,05:07:58,,,1.0,2455.75,2178.0,2178.0,1877.59,2178.0,,,1.0,,,,,,,,,,,,,,,,,R100,18534,0,,,,,0,0,,0,,,,,,,DE,A,,,R100,R1,,,,2,,,0,,,,,300.41,,,,,,,,,,,,,,,,,2178.0,,0,,1999-12-10,,,,,,,,,,,,,,,,,,,,,,0,,,,,,,,,,,,,,,,,,,,0,0,,0,0,,,,,,,,,,,,,0,,,0,0,,,,,,L,False,2021-05-19 21:30:22.971523+00:00
800,90017591,6,0,11.0,ST,1.0,1.0,ST,,11.0,11.0,,,,,,,1999-12-10,1999-12-10,0.51129,1877.59,,0,I000001EA9,6,2,,0,,R100016,Tuner X300,,,R1134,DLN,,,,,R1,1,R110,DE,,,,1.0,,,,,,,,,,X,,,,,,,,,,,R1,,HAMED,1999-12-10,05:07:58,,,1.0,2455.75,2178.0,2178.0,1877.59,2178.0,,,1.0,,,,,,,,,,,,,,,,,R100,18534,0,,,,,0,0,,0,,,,,,,DE,A,,,R100,R1,,,,2,,,0,,,,,300.41,,,,,,,,,,,,,,,,,2178.0,,0,,1999-12-10,,,,,,,,,,,,,,,,,,,,,,0,,,,,,,,,,,,,,,,,,,,0,0,,0,0,,,,,,,,,,,,,0,,,0,0,,,,,,I,False,2021-04-06 06:55:20.086219+00:00
800,90017693,6,0,5.0,ST,1.0,1.0,ST,,5.0,5.0,,,,,,,1999-12-14,1999-12-14,0.51129,853.45,,0,I000001ER4,6,2,,0,,R100016,Tuner X300,,,R1134,DLN,,,,,R1,1,R110,DE,,,,1.0,,,,,,,,,,X,,,,,,,,,,,R1,,HAMED,1999-12-14,05:27:25,,,1.0,1116.25,990.0,990.0,853.45,990.0,,,1.0,,,,,,,,,,,,,,,,,R100,18714,0,,,,,0,0,,0,,,,,,,DE,A,,,R100,R1,,,,2,,,0,,,,,136.55,,,,,,,,,,,,,,,,,990.0,,0,,1999-12-14,,,,,,,,,,,,,,,,,,,,,,0,,,,,,,,,,,,,,,,,,,,0,0,,0,0,,,,,,,,,,,,,0,,,0,0,,,,,,L,False,2021-05-19 21:30:06.660278+00:00
800,90017693,6,0,5.0,ST,1.0,1.0,ST,,5.0,5.0,,,,,,,1999-12-14,1999-12-14,0.51129,853.45,,0,I000001ER4,6,2,,0,,R100016,Tuner X300,,,R1134,DLN,,,,,R1,1,R110,DE,,,,1.0,,,,,,,,,,X,,,,,,,,,,,R1,,HAMED,1999-12-14,05:27:25,,,1.0,1116.25,990.0,990.0,853.45,990.0,,,1.0,,,,,,,,,,,,,,,,,R100,18714,0,,,,,0,0,,0,,,,,,,DE,A,,,R100,R1,,,,2,,,0,,,,,136.55,,,,,,,,,,,,,,,,,990.0,,0,,1999-12-14,,,,,,,,,,,,,,,,,,,,,,0,,,,,,,,,,,,,,,,,,,,0,0,,0,0,,,,,,,,,,,,,0,,,0,0,,,,,,I,False,2021-04-06 06:55:14.887400+00:00
800,90017696,6,0,7.0,ST,1.0,1.0,ST,,7.0,7.0,,,,,,,1999-11-16,1999-11-16,0.51129,1194.83,,0,I000001Efx,6,2,,0,,R100016,Tuner X300,,,R1134,DLN,,,,,R1,1,R110,DE,,,,1.0,,,,,,,,,,X,,,,,,,,,,,R1,,D020740,1999-12-14,16:45:43,,,1.0,1562.75,1386.0,1386.0,1194.83,1386.0,,,1.0,,,,,,,,,,,,,,,,,R100,18806,0,,,,,0,0,,0,,,,,,,DE,A,,,R100,R1,,,,2,,,0,,,,,191.17,,,,,,,,,,,,,,,,,1386.0,,0,,1999-11-16,,,,,,,,,,,,,,,,,,,,,,0,,,,,,,,,,,,,,,,,,,,0,0,,0,0,,,,,,,,,,,,,0,,,0,0,,,,,,I,False,2021-04-06 06:55:14.887400+00:00
800,90017696,6,0,7.0,ST,1.0,1.0,ST,,7.0,7.0,,,,,,,1999-11-16,1999-11-16,0.51129,1194.83,,0,I000001Efx,6,2,,0,,R100016,Tuner X300,,,R1134,DLN,,,,,R1,1,R110,DE,,,,1.0,,,,,,,,,,X,,,,,,,,,,,R1,,D020740,1999-12-14,16:45:43,,,1.0,1562.75,1386.0,1386.0,1194.83,1386.0,,,1.0,,,,,,,,,,,,,,,,,R100,18806,0,,,,,0,0,,0,,,,,,,DE,A,,,R100,R1,,,,2,,,0,,,,,191.17,,,,,,,,,,,,,,,,,1386.0,,0,,1999-11-16,,,,,,,,,,,,,,,,,,,,,,0,,,,,,,,,,,,,,,,,,,,0,0,,0,0,,,,,,,,,,,,,0,,,0,0,,,,,,L,False,2021-05-19 21:30:06.660278+00:00
800,90017792,6,0,6.0,ST,1.0,1.0,ST,,6.0,6.0,,,,,,,1999-12-16,1999-12-16,0.51129,1024.14,,0,I000001EwX,6,2,,0,,R100016,Tuner X300,,,R1134,DLN,,,,,R1,1,R110,DE,,,,1.0,,,,,,,,,,X,,,,,,,,,,,R1,,HAMED,1999-12-16,08:26:29,,,1.0,1339.5,1188.0,1188.0,1024.14,1188.0,,,1.0,,,,,,,,,,,,,,,,,R100,19034,0,,,,,0,0,,0,,,,,,,DE,A,,,R100,R1,,,,2,,,0,,,,,163.86,,,,,,,,,,,,,,,,,1188.0,,0,,1999-12-16,,,,,,,,,,,,,,,,,,,,,,0,,,,,,,,,,,,,,,,,,,,0,0,,0,0,,,,,,,,,,,,,0,,,0,0,,,,,,L,False,2021-05-19 21:29:25.722817+00:00
800,90017792,6,0,6.0,ST,1.0,1.0,ST,,6.0,6.0,,,,,,,1999-12-16,1999-12-16,0.51129,1024.14,,0,I000001EwX,6,2,,0,,R100016,Tuner X300,,,R1134,DLN,,,,,R1,1,R110,DE,,,,1.0,,,,,,,,,,X,,,,,,,,,,,R1,,HAMED,1999-12-16,08:26:29,,,1.0,1339.5,1188.0,1188.0,1024.14,1188.0,,,1.0,,,,,,,,,,,,,,,,,R100,19034,0,,,,,0,0,,0,,,,,,,DE,A,,,R100,R1,,,,2,,,0,,,,,163.86,,,,,,,,,,,,,,,,,1188.0,,0,,1999-12-16,,,,,,,,,,,,,,,,,,,,,,0,,,,,,,,,,,,,,,,,,,,0,0,,0,0,,,,,,,,,,,,,0,,,0,0,,,,,,I,False,2021-04-06 06:55:04.491202+00:00
800,90017870,6,0,6.0,ST,1.0,1.0,ST,,6.0,6.0,,,,,,,1999-12-20,1999-12-20,0.51129,1024.14,,0,I000001FCf,6,2,,0,,R100016,Tuner X300,,,R1134,DLN,,,,,R1,1,R110,DE,,,,1.0,,,,,,,,,,X,,,,,,,,,,,R1,,HAMED,1999-12-20,05:06:51,,,1.0,1339.5,1188.0,1188.0,1024.14,1188.0,,,1.0,,,,,,,,,,,,,,,,,R100,19234,0,,,,,0,0,,0,,,,,,,DE,A,,,R100,R1,,,,2,,,0,,,,,163.86,,,,,,,,,,,,,,,,,1188.0,,0,,1999-12-20,,,,,,,,,,,,,,,,,,,,,,0,,,,,,,,,,,,,,,,,,,,0,0,,0,0,,,,,,,,,,,,,0,,,0,0,,,,,,L,False,2021-05-19 21:29:25.722817+00:00
800,90017870,6,0,6.0,ST,1.0,1.0,ST,,6.0,6.0,,,,,,,1999-12-20,1999-12-20,0.51129,1024.14,,0,I000001FCf,6,2,,0,,R100016,Tuner X300,,,R1134,DLN,,,,,R1,1,R110,DE,,,,1.0,,,,,,,,,,X,,,,,,,,,,,R1,,HAMED,1999-12-20,05:06:51,,,1.0,1339.5,1188.0,1188.0,1024.14,1188.0,,,1.0,,,,,,,,,,,,,,,,,R100,19234,0,,,,,0,0,,0,,,,,,,DE,A,,,R100,R1,,,,2,,,0,,,,,163.86,,,,,,,,,,,,,,,,,1188.0,,0,,1999-12-20,,,,,,,,,,,,,,,,,,,,,,0,,,,,,,,,,,,,,,,,,,,0,0,,0,0,,,,,,,,,,,,,0,,,0,0,,,,,,I,False,2021-04-06 06:55:04.491202+00:00
800,90017952,6,0,6.0,ST,1.0,1.0,ST,,6.0,6.0,,,,,,,1999-12-22,1999-12-22,0.51129,1024.14,,0,I000001FTY,6,2,,0,,R100016,Tuner X300,,,R1134,DLN,,,,,R1,1,R110,DE,,,,1.0,,,,,,,,,,X,,,,,,,,,,,R1,,HAMED,1999-12-22,05:12:34,,,1.0,1339.5,1188.0,1188.0,1024.14,1188.0,,,1.0,,,,,,,,,,,,,,,,,R100,19405,0,,,,,0,0,,0,,,,,,,DE,A,,,R100,R1,,,,2,,,0,,,,,163.86,,,,,,,,,,,,,,,,,1188.0,,0,,1999-12-22,,,,,,,,,,,,,,,,,,,,,,0,,,,,,,,,,,,,,,,,,,,0,0,,0,0,,,,,,,,,,,,,0,,,0,0,,,,,,L,False,2021-05-19 21:29:25.722817+00:00
800,90017952,6,0,6.0,ST,1.0,1.0,ST,,6.0,6.0,,,,,,,1999-12-22,1999-12-22,0.51129,1024.14,,0,I000001FTY,6,2,,0,,R100016,Tuner X300,,,R1134,DLN,,,,,R1,1,R110,DE,,,,1.0,,,,,,,,,,X,,,,,,,,,,,R1,,HAMED,1999-12-22,05:12:34,,,1.0,1339.5,1188.0,1188.0,1024.14,1188.0,,,1.0,,,,,,,,,,,,,,,,,R100,19405,0,,,,,0,0,,0,,,,,,,DE,A,,,R100,R1,,,,2,,,0,,,,,163.86,,,,,,,,,,,,,,,,,1188.0,,0,,1999-12-22,,,,,,,,,,,,,,,,,,,,,,0,,,,,,,,,,,,,,,,,,,,0,0,,0,0,,,,,,,,,,,,,0,,,0,0,,,,,,I,False,2021-04-06 06:55:04.491202+00:00
800,90018027,6,0,6.0,ST,1.0,1.0,ST,,6.0,6.0,,,,,,,1999-12-24,1999-12-24,0.51129,1024.14,,0,I000001Fjg,6,2,,0,,R100016,Tuner X300,,,R1134,DLN,,,,,R1,1,R110,DE,,,,1.0,,,,,,,,,,X,,,,,,,,,,,R1,,HAMED,1999-12-24,05:33:01,,,1.0,1339.5,1188.0,1188.0,1024.14,1188.0,,,1.0,,,,,,,,,,,,,,,,,R100,19605,0,,,,,0,0,,0,,,,,,,DE,A,,,R100,R1,,,,2,,,0,,,,,163.86,,,,,,,,,,,,,,,,,1188.0,,0,,1999-12-24,,,,,,,,,,,,,,,,,,,,,,0,,,,,,,,,,,,,,,,,,,,0,0,,0,0,,,,,,,,,,,,,0,,,0,0,,,,,,L,False,2021-05-19 21:29:25.722817+00:00
800,90018027,6,0,6.0,ST,1.0,1.0,ST,,6.0,6.0,,,,,,,1999-12-24,1999-12-24,0.51129,1024.14,,0,I000001Fjg,6,2,,0,,R100016,Tuner X300,,,R1134,DLN,,,,,R1,1,R110,DE,,,,1.0,,,,,,,,,,X,,,,,,,,,,,R1,,HAMED,1999-12-24,05:33:01,,,1.0,1339.5,1188.0,1188.0,1024.14,1188.0,,,1.0,,,,,,,,,,,,,,,,,R100,19605,0,,,,,0,0,,0,,,,,,,DE,A,,,R100,R1,,,,2,,,0,,,,,163.86,,,,,,,,,,,,,,,,,1188.0,,0,,1999-12-24,,,,,,,,,,,,,,,,,,,,,,0,,,,,,,,,,,,,,,,,,,,0,0,,0,0,,,,,,,,,,,,,0,,,0,0,,,,,,I,False,2021-04-06 06:55:04.491202+00:00
800,90018091,6,0,6.0,ST,1.0,1.0,ST,,6.0,6.0,,,,,,,1999-12-28,1999-12-28,0.51129,1024.14,,0,I000001Fzg,6,2,,0,,R100016,Tuner X300,,,R1134,DLN,,,,,R1,1,R110,DE,,,,1.0,,,,,,,,,,X,,,,,,,,,,,R1,,HAMED,1999-12-28,05:12:56,,,1.0,1339.5,1188.0,1188.0,1024.14,1188.0,,,1.0,,,,,,,,,,,,,,,,,R100,19797,0,,,,,0,0,,0,,,,,,,DE,A,,,R100,R1,,,,2,,,0,,,,,163.86,,,,,,,,,,,,,,,,,1188.0,,0,,1999-12-28,,,,,,,,,,,,,,,,,,,,,,0,,,,,,,,,,,,,,,,,,,,0,0,,0,0,,,,,,,,,,,,,0,,,0,0,,,,,,I,False,2021-04-06 06:55:04.491202+00:00
800,90018091,6,0,6.0,ST,1.0,1.0,ST,,6.0,6.0,,,,,,,1999-12-28,1999-12-28,0.51129,1024.14,,0,I000001Fzg,6,2,,0,,R100016,Tuner X300,,,R1134,DLN,,,,,R1,1,R110,DE,,,,1.0,,,,,,,,,,X,,,,,,,,,,,R1,,HAMED,1999-12-28,05:12:56,,,1.0,1339.5,1188.0,1188.0,1024.14,1188.0,,,1.0,,,,,,,,,,,,,,,,,R100,19797,0,,,,,0,0,,0,,,,,,,DE,A,,,R100,R1,,,,2,,,0,,,,,163.86,,,,,,,,,,,,,,,,,1188.0,,0,,1999-12-28,,,,,,,,,,,,,,,,,,,,,,0,,,,,,,,,,,,,,,,,,,,0,0,,0,0,,,,,,,,,,,,,0,,,0,0,,,,,,L,False,2021-05-19 21:29:25.722817+00:00
800,90018245,6,0,6.0,ST,1.0,1.0,ST,,6.0,6.0,,,,,,,2000-01-12,2000-01-12,0.51129,1024.14,,0,I000001H2o,6,2,,0,,R100016,Tuner X300,,,R1134,DLN,,,,,R1,1,R110,DE,,,,1.0,,,,,,,,,,X,,,,,,,,,,,R1,,HAMED,2000-01-12,05:17:30,,,1.0,1339.5,1188.0,1188.0,1024.14,1188.0,,,1.0,,,,,,,,,,,,,,,,,R100,20206,0,,,,,0,0,,0,,,,,,,DE,A,,,R100,R1,,,,2,,,0,,,,,163.86,,,,,,,,,,,,,,,,,1188.0,,0,,2000-01-12,,,,,,,,,,,,,,,,,,,,,,0,,,,,,,,,,,,,,,,,,,,0,0,,0,0,,,,,,,,,,,,,0,,,0,0,,,,,,L,False,2021-05-19 21:29:25.722817+00:00
800,90018245,6,0,6.0,ST,1.0,1.0,ST,,6.0,6.0,,,,,,,2000-01-12,2000-01-12,0.51129,1024.14,,0,I000001H2o,6,2,,0,,R100016,Tuner X300,,,R1134,DLN,,,,,R1,1,R110,DE,,,,1.0,,,,,,,,,,X,,,,,,,,,,,R1,,HAMED,2000-01-12,05:17:30,,,1.0,1339.5,1188.0,1188.0,1024.14,1188.0,,,1.0,,,,,,,,,,,,,,,,,R100,20206,0,,,,,0,0,,0,,,,,,,DE,A,,,R100,R1,,,,2,,,0,,,,,163.86,,,,,,,,,,,,,,,,,1188.0,,0,,2000-01-12,,,,,,,,,,,,,,,,,,,,,,0,,,,,,,,,,,,,,,,,,,,0,0,,0,0,,,,,,,,,,,,,0,,,0,0,,,,,,I,False,2021-04-06 06:55:04.491202+00:00
800,90018276,6,0,6.0,ST,1.0,1.0,ST,,6.0,6.0,,,,,,,2000-01-14,2000-01-14,0.51129,1024.14,,0,I000001HHn,6,2,,0,,R100016,Tuner X300,,,R1134,DLN,,,,,R1,1,R110,DE,,,,1.0,,,,,,,,,,X,,,,,,,,,,,R1,,HAMED,2000-01-14,05:09:03,,,1.0,1339.5,1188.0,1188.0,1024.14,1188.0,,,1.0,,,,,,,,,,,,,,,,,R100,20334,0,,,,,0,0,,0,,,,,,,DE,A,,,R100,R1,,,,2,,,0,,,,,163.86,,,,,,,,,,,,,,,,,1188.0,,0,,2000-01-14,,,,,,,,,,,,,,,,,,,,,,0,,,,,,,,,,,,,,,,,,,,0,0,,0,0,,,,,,,,,,,,,0,,,0,0,,,,,,L,False,2021-05-19 21:29:25.722817+00:00
800,90018276,6,0,6.0,ST,1.0,1.0,ST,,6.0,6.0,,,,,,,2000-01-14,2000-01-14,0.51129,1024.14,,0,I000001HHn,6,2,,0,,R100016,Tuner X300,,,R1134,DLN,,,,,R1,1,R110,DE,,,,1.0,,,,,,,,,,X,,,,,,,,,,,R1,,HAMED,2000-01-14,05:09:03,,,1.0,1339.5,1188.0,1188.0,1024.14,1188.0,,,1.0,,,,,,,,,,,,,,,,,R100,20334,0,,,,,0,0,,0,,,,,,,DE,A,,,R100,R1,,,,2,,,0,,,,,163.86,,,,,,,,,,,,,,,,,1188.0,,0,,2000-01-14,,,,,,,,,,,,,,,,,,,,,,0,,,,,,,,,,,,,,,,,,,,0,0,,0,0,,,,,,,,,,,,,0,,,0,0,,,,,,I,False,2021-04-06 06:55:04.491202+00:00
800,90018358,6,0,6.0,ST,1.0,1.0,ST,,6.0,6.0,,,,,,,2000-01-18,2000-01-18,0.51129,1024.14,,0,I000001Hnx,6,2,,0,,R100016,Tuner X300,,,R1134,DLN,,,,,R1,1,R110,DE,,,,1.0,,,,,,,,,,X,,,,,,,,,,,R1,,HAMED,2000-01-18,16:16:52,,,1.0,1339.5,1188.0,1188.0,1024.14,1188.0,,,1.0,,,,,,,,,,,,,,,,,R100,20534,0,,,,,0,0,,0,,,,,,,DE,A,,,R100,R1,,,,2,,,0,,,,,163.86,,,,,,,,,,,,,,,,,1188.0,,0,,2000-01-18,,,,,,,,,,,,,,,,,,,,,,0,,,,,,,,,,,,,,,,,,,,0,0,,0,0,,,,,,,,,,,,,0,,,0,0,,,,,,I,False,2021-04-06 06:55:04.491202+00:00
800,90018358,6,0,6.0,ST,1.0,1.0,ST,,6.0,6.0,,,,,,,2000-01-18,2000-01-18,0.51129,1024.14,,0,I000001Hnx,6,2,,0,,R100016,Tuner X300,,,R1134,DLN,,,,,R1,1,R110,DE,,,,1.0,,,,,,,,,,X,,,,,,,,,,,R1,,HAMED,2000-01-18,16:16:52,,,1.0,1339.5,1188.0,1188.0,1024.14,1188.0,,,1.0,,,,,,,,,,,,,,,,,R100,20534,0,,,,,0,0,,0,,,,,,,DE,A,,,R100,R1,,,,2,,,0,,,,,163.86,,,,,,,,,,,,,,,,,1188.0,,0,,2000-01-18,,,,,,,,,,,,,,,,,,,,,,0,,,,,,,,,,,,,,,,,,,,0,0,,0,0,,,,,,,,,,,,,0,,,0,0,,,,,,L,False,2021-05-19 21:29:25.722817+00:00
800,90019009,6,0,15.0,ST,1.0,1.0,ST,,15.0,15.0,,,,,,,2000-02-10,2000-02-10,0.51129,2560.34,,0,I000001PPe,6,2,,0,,R100016,Tuner X300,,,R1134,DLN,,,,,R1,3,R110,DE,,,,1.0,,,,,,,,,,X,,,,,,,,,,,R1,,D020740,2000-03-31,17:30:55,,,1.0,3348.75,2970.0,2970.0,2560.34,2970.0,,,1.0,,,,,,,,,,,,,,,,,R100,21989,0,,,,,0,0,,0,,,,,,,DE,A,,,R100,R1,,,,2,,,0,,,,,409.66,,,,,,,,,,,,,,,,,2970.0,,0,,2000-02-10,,,,,,,,,,,,,,,,,,,,,,0,,,,,,,,,,,,,,,,,,,,0,0,,0,0,,,,,,,,,,,,,0,,,0,0,,,,,,I,False,2021-04-06 06:55:04.491202+00:00
800,90019009,6,0,15.0,ST,1.0,1.0,ST,,15.0,15.0,,,,,,,2000-02-10,2000-02-10,0.51129,2560.34,,0,I000001PPe,6,2,,0,,R100016,Tuner X300,,,R1134,DLN,,,,,R1,3,R110,DE,,,,1.0,,,,,,,,,,X,,,,,,,,,,,R1,,D020740,2000-03-31,17:30:55,,,1.0,3348.75,2970.0,2970.0,2560.34,2970.0,,,1.0,,,,,,,,,,,,,,,,,R100,21989,0,,,,,0,0,,0,,,,,,,DE,A,,,R100,R1,,,,2,,,0,,,,,409.66,,,,,,,,,,,,,,,,,2970.0,,0,,2000-02-10,,,,,,,,,,,,,,,,,,,,,,0,,,,,,,,,,,,,,,,,,,,0,0,,0,0,,,,,,,,,,,,,0,,,0,0,,,,,,L,False,2021-05-19 21:29:25.722817+00:00
800,90019018,6,0,15.0,ST,1.0,1.0,ST,,15.0,15.0,,,,,,,2000-02-20,2000-02-20,0.51129,2560.34,,0,I000001PPn,6,2,,0,,R100016,Tuner X300,,,R1134,DLN,,,,,R1,3,R110,DE,,,,1.0,,,,,,,,,,X,,,,,,,,,,,R1,,D020740,2000-03-31,17:34:49,,,1.0,3348.75,2970.0,2970.0,2560.34,2970.0,,,1.0,,,,,,,,,,,,,,,,,R100,22058,0,,,,,0,0,,0,,,,,,,DE,A,,,R100,R1,,,,2,,,0,,,,,409.66,,,,,,,,,,,,,,,,,2970.0,,0,,2000-02-20,,,,,,,,,,,,,,,,,,,,,,0,,,,,,,,,,,,,,,,,,,,0,0,,0,0,,,,,,,,,,,,,0,,,0,0,,,,,,I,False,2021-04-06 06:55:04.491202+00:00
800,90019018,6,0,15.0,ST,1.0,1.0,ST,,15.0,15.0,,,,,,,2000-02-20,2000-02-20,0.51129,2560.34,,0,I000001PPn,6,2,,0,,R100016,Tuner X300,,,R1134,DLN,,,,,R1,3,R110,DE,,,,1.0,,,,,,,,,,X,,,,,,,,,,,R1,,D020740,2000-03-31,17:34:49,,,1.0,3348.75,2970.0,2970.0,2560.34,2970.0,,,1.0,,,,,,,,,,,,,,,,,R100,22058,0,,,,,0,0,,0,,,,,,,DE,A,,,R100,R1,,,,2,,,0,,,,,409.66,,,,,,,,,,,,,,,,,2970.0,,0,,2000-02-20,,,,,,,,,,,,,,,,,,,,,,0,,,,,,,,,,,,,,,,,,,,0,0,,0,0,,,,,,,,,,,,,0,,,0,0,,,,,,L,False,2021-05-19 21:29:25.722817+00:00
800,90019024,6,0,15.0,ST,1.0,1.0,ST,,15.0,15.0,,,,,,,2000-02-23,2000-02-23,0.51129,2560.34,,0,I000001PPt,6,2,,0,,R100016,Tuner X300,,,R1134,DLN,,,,,R1,3,R110,DE,,,,1.0,,,,,,,,,,X,,,,,,,,,,,R1,,D020740,2000-03-31,17:37:42,,,1.0,3348.75,2970.0,2970.0,2560.34,2970.0,,,1.0,,,,,,,,,,,,,,,,,R100,22103,0,,,,,0,0,,0,,,,,,,DE,A,,,R100,R1,,,,2,,,0,,,,,409.66,,,,,,,,,,,,,,,,,2970.0,,0,,2000-02-23,,,,,,,,,,,,,,,,,,,,,,0,,,,,,,,,,,,,,,,,,,,0,0,,0,0,,,,,,,,,,,,,0,,,0,0,,,,,,I,False,2021-04-06 06:55:04.491202+00:00
800,90019024,6,0,15.0,ST,1.0,1.0,ST,,15.0,15.0,,,,,,,2000-02-23,2000-02-23,0.51129,2560.34,,0,I000001PPt,6,2,,0,,R100016,Tuner X300,,,R1134,DLN,,,,,R1,3,R110,DE,,,,1.0,,,,,,,,,,X,,,,,,,,,,,R1,,D020740,2000-03-31,17:37:42,,,1.0,3348.75,2970.0,2970.0,2560.34,2970.0,,,1.0,,,,,,,,,,,,,,,,,R100,22103,0,,,,,0,0,,0,,,,,,,DE,A,,,R100,R1,,,,2,,,0,,,,,409.66,,,,,,,,,,,,,,,,,2970.0,,0,,2000-02-23,,,,,,,,,,,,,,,,,,,,,,0,,,,,,,,,,,,,,,,,,,,0,0,,0,0,,,,,,,,,,,,,0,,,0,0,,,,,,L,False,2021-05-19 21:29:25.722817+00:00
800,90019027,6,0,15.0,ST,1.0,1.0,ST,,15.0,15.0,,,,,,,2000-02-23,2000-02-23,0.51129,2560.34,,0,I000001PPw,6,2,,0,,R100016,Tuner X300,,,R1134,DLN,,,,,R1,3,R110,DE,,,,1.0,,,,,,,,,,X,,,,,,,,,,,R1,,D020740,2000-03-31,17:38:51,,,1.0,3348.75,2970.0,2970.0,2560.34,2970.0,,,1.0,,,,,,,,,,,,,,,,,R100,22124,0,,,,,0,0,,0,,,,,,,DE,A,,,R100,R1,,,,2,,,0,,,,,409.66,,,,,,,,,,,,,,,,,2970.0,,0,,2000-02-23,,,,,,,,,,,,,,,,,,,,,,0,,,,,,,,,,,,,,,,,,,,0,0,,0,0,,,,,,,,,,,,,0,,,0,0,,,,,,L,False,2021-05-19 21:29:25.722817+00:00
800,90019027,6,0,15.0,ST,1.0,1.0,ST,,15.0,15.0,,,,,,,2000-02-23,2000-02-23,0.51129,2560.34,,0,I000001PPw,6,2,,0,,R100016,Tuner X300,,,R1134,DLN,,,,,R1,3,R110,DE,,,,1.0,,,,,,,,,,X,,,,,,,,,,,R1,,D020740,2000-03-31,17:38:51,,,1.0,3348.75,2970.0,2970.0,2560.34,2970.0,,,1.0,,,,,,,,,,,,,,,,,R100,22124,0,,,,,0,0,,0,,,,,,,DE,A,,,R100,R1,,,,2,,,0,,,,,409.66,,,,,,,,,,,,,,,,,2970.0,,0,,2000-02-23,,,,,,,,,,,,,,,,,,,,,,0,,,,,,,,,,,,,,,,,,,,0,0,,0,0,,,,,,,,,,,,,0,,,0,0,,,,,,I,False,2021-04-06 06:55:04.491202+00:00
800,90019073,6,0,5.0,ST,1.0,1.0,ST,,5.0,5.0,,,,,,,2000-04-10,2000-04-10,0.51129,853.45,,0,I000001Q85,6,2,,0,,R100016,Tuner X300,,,R1134,DLN,,,,,R1,1,R110,DE,,,,1.0,,,,,,,,,,X,,,,,,,,,,,R1,,HAMED,2000-04-10,05:09:52,,,1.0,1116.25,990.0,990.0,853.45,990.0,,,1.0,,,,,,,,,,,,,,,,,R100,22534,0,,,,,0,0,,0,,,,,,,DE,A,,,R100,R1,,,,2,,,0,,,,,136.55,,,,,,,,,,,,,,,,,990.0,,0,,2000-04-10,,,,,,,,,,,,,,,,,,,,,,0,,,,,,,,,,,,,,,,,,,,0,0,,0,0,,,,,,,,,,,,,0,,,0,0,,,,,,I,False,2021-04-06 06:55:20.086219+00:00
800,90019073,6,0,5.0,ST,1.0,1.0,ST,,5.0,5.0,,,,,,,2000-04-10,2000-04-10,0.51129,853.45,,0,I000001Q85,6,2,,0,,R100016,Tuner X300,,,R1134,DLN,,,,,R1,1,R110,DE,,,,1.0,,,,,,,,,,X,,,,,,,,,,,R1,,HAMED,2000-04-10,05:09:52,,,1.0,1116.25,990.0,990.0,853.45,990.0,,,1.0,,,,,,,,,,,,,,,,,R100,22534,0,,,,,0,0,,0,,,,,,,DE,A,,,R100,R1,,,,2,,,0,,,,,136.55,,,,,,,,,,,,,,,,,990.0,,0,,2000-04-10,,,,,,,,,,,,,,,,,,,,,,0,,,,,,,,,,,,,,,,,,,,0,0,,0,0,,,,,,,,,,,,,0,,,0,0,,,,,,L,False,2021-05-19 21:30:22.971523+00:00
800,90019079,6,0,5.0,ST,1.0,1.0,ST,,5.0,5.0,,,,,,,2000-04-12,2000-04-12,0.51129,853.45,,0,I000001Q9K,6,2,,0,,R100016,Tuner X300,,,R1134,DLN,,,,,R1,1,R110,DE,,,,1.0,,,,,,,,,,X,,,,,,,,,,,R1,,HAMED,2000-04-12,05:09:37,,,1.0,1116.25,990.0,990.0,853.45,990.0,,,1.0,,,,,,,,,,,,,,,,,R100,22659,0,,,,,0,0,,0,,,,,,,DE,A,,,R100,R1,,,,2,,,0,,,,,136.55,,,,,,,,,,,,,,,,,990.0,,0,,2000-04-12,,,,,,,,,,,,,,,,,,,,,,0,,,,,,,,,,,,,,,,,,,,0,0,,0,0,,,,,,,,,,,,,0,,,0,0,,,,,,I,False,2021-04-06 06:55:20.086219+00:00
800,90019079,6,0,5.0,ST,1.0,1.0,ST,,5.0,5.0,,,,,,,2000-04-12,2000-04-12,0.51129,853.45,,0,I000001Q9K,6,2,,0,,R100016,Tuner X300,,,R1134,DLN,,,,,R1,1,R110,DE,,,,1.0,,,,,,,,,,X,,,,,,,,,,,R1,,HAMED,2000-04-12,05:09:37,,,1.0,1116.25,990.0,990.0,853.45,990.0,,,1.0,,,,,,,,,,,,,,,,,R100,22659,0,,,,,0,0,,0,,,,,,,DE,A,,,R100,R1,,,,2,,,0,,,,,136.55,,,,,,,,,,,,,,,,,990.0,,0,,2000-04-12,,,,,,,,,,,,,,,,,,,,,,0,,,,,,,,,,,,,,,,,,,,0,0,,0,0,,,,,,,,,,,,,0,,,0,0,,,,,,L,False,2021-05-19 21:30:22.971523+00:00
800,90019250,6,0,5.0,ST,1.0,1.0,ST,,5.0,5.0,,,,,,,2000-04-26,2000-04-26,0.51129,853.45,,0,I000001RRV,6,2,,0,,R100016,Tuner X300,,,R1134,DLN,,,,,R1,1,R110,DE,,,,1.0,,,,,,,,,,X,,,,,,,,,,,R1,,HAMED,2000-04-26,05:09:30,,,1.0,1116.25,990.0,990.0,853.45,990.0,,,1.0,,,,,,,,,,,,,,,,,R100,23178,0,,,,,0,0,,0,,,,,,,DE,A,,,R100,R1,,,,2,,,0,,,,,136.55,,,,,,,,,,,,,,,,,990.0,,0,,2000-04-26,,,,,,,,,,,,,,,,,,,,,,0,,,,,,,,,,,,,,,,,,,,0,0,,0,0,,,,,,,,,,,,,0,,,0,0,,,,,,L,False,2021-05-19 21:30:22.971523+00:00
800,90019250,6,0,5.0,ST,1.0,1.0,ST,,5.0,5.0,,,,,,,2000-04-26,2000-04-26,0.51129,853.45,,0,I000001RRV,6,2,,0,,R100016,Tuner X300,,,R1134,DLN,,,,,R1,1,R110,DE,,,,1.0,,,,,,,,,,X,,,,,,,,,,,R1,,HAMED,2000-04-26,05:09:30,,,1.0,1116.25,990.0,990.0,853.45,990.0,,,1.0,,,,,,,,,,,,,,,,,R100,23178,0,,,,,0,0,,0,,,,,,,DE,A,,,R100,R1,,,,2,,,0,,,,,136.55,,,,,,,,,,,,,,,,,990.0,,0,,2000-04-26,,,,,,,,,,,,,,,,,,,,,,0,,,,,,,,,,,,,,,,,,,,0,0,,0,0,,,,,,,,,,,,,0,,,0,0,,,,,,I,False,2021-04-06 06:55:20.086219+00:00
800,90019327,6,0,7.0,ST,1.0,1.0,ST,,7.0,7.0,,,,,,,2000-04-28,2000-04-28,0.51129,1194.83,,0,I000001Rhb,6,2,,0,,R100016,Tuner X300,,,R1134,DLN,,,,,R1,1,R110,DE,,,,1.0,,,,,,,,,,X,,,,,,,,,,,R1,,HAMED,2000-04-28,05:05:43,,,1.0,1562.75,1386.0,1386.0,1194.83,1386.0,,,1.0,,,,,,,,,,,,,,,,,R100,23304,0,,,,,0,0,,0,,,,,,,DE,A,,,R100,R1,,,,2,,,0,,,,,191.17,,,,,,,,,,,,,,,,,1386.0,,0,,2000-04-28,,,,,,,,,,,,,,,,,,,,,,0,,,,,,,,,,,,,,,,,,,,0,0,,0,0,,,,,,,,,,,,,0,,,0,0,,,,,,L,False,2021-05-19 21:30:22.971523+00:00
800,90019327,6,0,7.0,ST,1.0,1.0,ST,,7.0,7.0,,,,,,,2000-04-28,2000-04-28,0.51129,1194.83,,0,I000001Rhb,6,2,,0,,R100016,Tuner X300,,,R1134,DLN,,,,,R1,1,R110,DE,,,,1.0,,,,,,,,,,X,,,,,,,,,,,R1,,HAMED,2000-04-28,05:05:43,,,1.0,1562.75,1386.0,1386.0,1194.83,1386.0,,,1.0,,,,,,,,,,,,,,,,,R100,23304,0,,,,,0,0,,0,,,,,,,DE,A,,,R100,R1,,,,2,,,0,,,,,191.17,,,,,,,,,,,,,,,,,1386.0,,0,,2000-04-28,,,,,,,,,,,,,,,,,,,,,,0,,,,,,,,,,,,,,,,,,,,0,0,,0,0,,,,,,,,,,,,,0,,,0,0,,,,,,I,False,2021-04-06 06:55:20.086219+00:00
800,90019548,6,0,5.0,ST,1.0,1.0,ST,,5.0,5.0,,,,,,,2000-05-09,2000-05-09,0.51129,853.45,,0,I000001SDp,6,2,,0,,R100016,Tuner X300,,,R1134,DLN,,,,,R1,1,R110,DE,,,,1.0,,,,,,,,,,X,,,,,,,,,,,R1,,HAMED,2000-05-09,05:11:48,,,1.0,1116.25,990.0,990.0,853.45,990.0,,,1.0,,,,,,,,,,,,,,,,,R100,23678,0,,,,,0,0,,0,,,,,,,DE,A,,,R100,R1,,,,2,,,0,,,,,136.55,,,,,,,,,,,,,,,,,990.0,,0,,2000-05-09,,,,,,,,,,,,,,,,,,,,,,0,,,,,,,,,,,,,,,,,,,,0,0,,0,0,,,,,,,,,,,,,0,,,0,0,,,,,,L,False,2021-05-19 21:30:22.971523+00:00
800,90019548,6,0,5.0,ST,1.0,1.0,ST,,5.0,5.0,,,,,,,2000-05-09,2000-05-09,0.51129,853.45,,0,I000001SDp,6,2,,0,,R100016,Tuner X300,,,R1134,DLN,,,,,R1,1,R110,DE,,,,1.0,,,,,,,,,,X,,,,,,,,,,,R1,,HAMED,2000-05-09,05:11:48,,,1.0,1116.25,990.0,990.0,853.45,990.0,,,1.0,,,,,,,,,,,,,,,,,R100,23678,0,,,,,0,0,,0,,,,,,,DE,A,,,R100,R1,,,,2,,,0,,,,,136.55,,,,,,,,,,,,,,,,,990.0,,0,,2000-05-09,,,,,,,,,,,,,,,,,,,,,,0,,,,,,,,,,,,,,,,,,,,0,0,,0,0,,,,,,,,,,,,,0,,,0,0,,,,,,I,False,2021-04-06 06:55:20.086219+00:00
800,90019626,6,0,7.0,ST,1.0,1.0,ST,,7.0,7.0,,,,,,,2000-05-11,2000-05-11,0.51129,1194.83,,0,I000001SF5,6,2,,0,,R100016,Tuner X300,,,R1134,DLN,,,,,R1,1,R110,DE,,,,1.0,,,,,,,,,,X,,,,,,,,,,,R1,,HAMED,2000-05-11,05:08:58,,,1.0,1562.75,1386.0,1386.0,1194.83,1386.0,,,1.0,,,,,,,,,,,,,,,,,R100,23804,0,,,,,0,0,,0,,,,,,,DE,A,,,R100,R1,,,,2,,,0,,,,,191.17,,,,,,,,,,,,,,,,,1386.0,,0,,2000-05-11,,,,,,,,,,,,,,,,,,,,,,0,,,,,,,,,,,,,,,,,,,,0,0,,0,0,,,,,,,,,,,,,0,,,0,0,,,,,,L,False,2021-05-19 21:30:22.971523+00:00
800,90019626,6,0,7.0,ST,1.0,1.0,ST,,7.0,7.0,,,,,,,2000-05-11,2000-05-11,0.51129,1194.83,,0,I000001SF5,6,2,,0,,R100016,Tuner X300,,,R1134,DLN,,,,,R1,1,R110,DE,,,,1.0,,,,,,,,,,X,,,,,,,,,,,R1,,HAMED,2000-05-11,05:08:58,,,1.0,1562.75,1386.0,1386.0,1194.83,1386.0,,,1.0,,,,,,,,,,,,,,,,,R100,23804,0,,,,,0,0,,0,,,,,,,DE,A,,,R100,R1,,,,2,,,0,,,,,191.17,,,,,,,,,,,,,,,,,1386.0,,0,,2000-05-11,,,,,,,,,,,,,,,,,,,,,,0,,,,,,,,,,,,,,,,,,,,0,0,,0,0,,,,,,,,,,,,,0,,,0,0,,,,,,I,False,2021-04-06 06:55:20.086219+00:00
800,90019657,6,0,7.0,ST,1.0,1.0,ST,,7.0,7.0,,,,,,,2000-05-15,2000-05-15,0.51129,1194.83,,0,I000001STF,6,2,,0,,R100016,Tuner X300,,,R1134,DLN,,,,,R1,1,R110,DE,,,,1.0,,,,,,,,,,X,,,,,,,,,,,R1,,HAMED,2000-05-15,05:13:23,,,1.0,1562.75,1386.0,1386.0,1194.83,1386.0,,,1.0,,,,,,,,,,,,,,,,,R100,23934,0,,,,,0,0,,0,,,,,,,DE,A,,,R100,R1,,,,2,,,0,,,,,191.17,,,,,,,,,,,,,,,,,1386.0,,0,,2000-05-15,,,,,,,,,,,,,,,,,,,,,,0,,,,,,,,,,,,,,,,,,,,0,0,,0,0,,,,,,,,,,,,,0,,,0,0,,,,,,I,False,2021-04-06 06:55:20.086219+00:00
800,90019657,6,0,7.0,ST,1.0,1.0,ST,,7.0,7.0,,,,,,,2000-05-15,2000-05-15,0.51129,1194.83,,0,I000001STF,6,2,,0,,R100016,Tuner X300,,,R1134,DLN,,,,,R1,1,R110,DE,,,,1.0,,,,,,,,,,X,,,,,,,,,,,R1,,HAMED,2000-05-15,05:13:23,,,1.0,1562.75,1386.0,1386.0,1194.83,1386.0,,,1.0,,,,,,,,,,,,,,,,,R100,23934,0,,,,,0,0,,0,,,,,,,DE,A,,,R100,R1,,,,2,,,0,,,,,191.17,,,,,,,,,,,,,,,,,1386.0,,0,,2000-05-15,,,,,,,,,,,,,,,,,,,,,,0,,,,,,,,,,,,,,,,,,,,0,0,,0,0,,,,,,,,,,,,,0,,,0,0,,,,,,L,False,2021-05-19 21:30:22.971523+00:00
800,90019688,6,0,7.0,ST,1.0,1.0,ST,,7.0,7.0,,,,,,,2000-05-17,2000-05-17,0.51129,1194.83,,0,I000001SjN,6,2,,0,,R100016,Tuner X300,,,R1134,DLN,,,,,R1,1,R110,DE,,,,1.0,,,,,,,,,,X,,,,,,,,,,,R1,,HAMED,2000-05-17,05:09:32,,,1.0,1562.75,1386.0,1386.0,1194.83,1386.0,,,1.0,,,,,,,,,,,,,,,,,R100,24034,0,,,,,0,0,,0,,,,,,,DE,A,,,R100,R1,,,,2,,,0,,,,,191.17,,,,,,,,,,,,,,,,,1386.0,,0,,2000-05-17,,,,,,,,,,,,,,,,,,,,,,0,,,,,,,,,,,,,,,,,,,,0,0,,0,0,,,,,,,,,,,,,0,,,0,0,,,,,,L,False,2021-05-19 21:30:22.971523+00:00
800,90019688,6,0,7.0,ST,1.0,1.0,ST,,7.0,7.0,,,,,,,2000-05-17,2000-05-17,0.51129,1194.83,,0,I000001SjN,6,2,,0,,R100016,Tuner X300,,,R1134,DLN,,,,,R1,1,R110,DE,,,,1.0,,,,,,,,,,X,,,,,,,,,,,R1,,HAMED,2000-05-17,05:09:32,,,1.0,1562.75,1386.0,1386.0,1194.83,1386.0,,,1.0,,,,,,,,,,,,,,,,,R100,24034,0,,,,,0,0,,0,,,,,,,DE,A,,,R100,R1,,,,2,,,0,,,,,191.17,,,,,,,,,,,,,,,,,1386.0,,0,,2000-05-17,,,,,,,,,,,,,,,,,,,,,,0,,,,,,,,,,,,,,,,,,,,0,0,,0,0,,,,,,,,,,,,,0,,,0,0,,,,,,I,False,2021-04-06 06:55:20.086219+00:00
800,90019766,6,0,7.0,ST,1.0,1.0,ST,,7.0,7.0,,,,,,,2000-05-19,2000-05-19,0.51129,1194.83,,0,I000001T0G,6,2,,0,,R100016,Tuner X300,,,R1134,DLN,,,,,R1,1,R110,DE,,,,1.0,,,,,,,,,,X,,,,,,,,,,,R1,,HAMED,2000-05-19,05:05:52,,,1.0,1562.75,1386.0,1386.0,1194.83,1386.0,,,1.0,,,,,,,,,,,,,,,,,R100,24205,0,,,,,0,0,,0,,,,,,,DE,A,,,R100,R1,,,,2,,,0,,,,,191.17,,,,,,,,,,,,,,,,,1386.0,,0,,2000-05-19,,,,,,,,,,,,,,,,,,,,,,0,,,,,,,,,,,,,,,,,,,,0,0,,0,0,,,,,,,,,,,,,0,,,0,0,,,,,,L,False,2021-05-19 21:30:22.971523+00:00
800,90019766,6,0,7.0,ST,1.0,1.0,ST,,7.0,7.0,,,,,,,2000-05-19,2000-05-19,0.51129,1194.83,,0,I000001T0G,6,2,,0,,R100016,Tuner X300,,,R1134,DLN,,,,,R1,1,R110,DE,,,,1.0,,,,,,,,,,X,,,,,,,,,,,R1,,HAMED,2000-05-19,05:05:52,,,1.0,1562.75,1386.0,1386.0,1194.83,1386.0,,,1.0,,,,,,,,,,,,,,,,,R100,24205,0,,,,,0,0,,0,,,,,,,DE,A,,,R100,R1,,,,2,,,0,,,,,191.17,,,,,,,,,,,,,,,,,1386.0,,0,,2000-05-19,,,,,,,,,,,,,,,,,,,,,,0,,,,,,,,,,,,,,,,,,,,0,0,,0,0,,,,,,,,,,,,,0,,,0,0,,,,,,I,False,2021-04-06 06:55:20.086219+00:00
800,90019844,6,0,7.0,ST,1.0,1.0,ST,,7.0,7.0,,,,,,,2000-04-19,2000-04-19,0.51129,1194.83,,0,I000001T1W,6,2,,0,,R100016,Tuner X300,,,R1134,DLN,,,,,R1,1,R110,DE,,,,1.0,,,,,,,,,,X,,,,,,,,,,,R1,,D020740,2000-05-19,12:56:58,,,1.0,1562.75,1386.0,1386.0,1194.83,1386.0,,,1.0,,,,,,,,,,,,,,,,,R100,24331,0,,,,,0,0,,0,,,,,,,DE,A,,,R100,R1,,,,2,,,0,,,,,191.17,,,,,,,,,,,,,,,,,1386.0,,0,,2000-04-19,,,,,,,,,,,,,,,,,,,,,,0,,,,,,,,,,,,,,,,,,,,0,0,,0,0,,,,,,,,,,,,,0,,,0,0,,,,,,I,False,2021-04-06 06:55:20.086219+00:00
800,90019844,6,0,7.0,ST,1.0,1.0,ST,,7.0,7.0,,,,,,,2000-04-19,2000-04-19,0.51129,1194.83,,0,I000001T1W,6,2,,0,,R100016,Tuner X300,,,R1134,DLN,,,,,R1,1,R110,DE,,,,1.0,,,,,,,,,,X,,,,,,,,,,,R1,,D020740,2000-05-19,12:56:58,,,1.0,1562.75,1386.0,1386.0,1194.83,1386.0,,,1.0,,,,,,,,,,,,,,,,,R100,24331,0,,,,,0,0,,0,,,,,,,DE,A,,,R100,R1,,,,2,,,0,,,,,191.17,,,,,,,,,,,,,,,,,1386.0,,0,,2000-04-19,,,,,,,,,,,,,,,,,,,,,,0,,,,,,,,,,,,,,,,,,,,0,0,,0,0,,,,,,,,,,,,,0,,,0,0,,,,,,L,False,2021-05-19 21:30:22.971523+00:00
800,90019901,6,0,7.0,ST,1.0,1.0,ST,,7.0,7.0,,,,,,,2000-04-27,2000-04-27,0.51129,1194.83,,0,I000001TFz,6,2,,0,,R100016,Tuner X300,,,R1134,DLN,,,,,R1,1,R110,DE,,,,1.0,,,,,,,,,,X,,,,,,,,,,,R1,,D020740,2000-05-22,13:45:31,,,1.0,1562.75,1386.0,1386.0,1194.83,1386.0,,,1.0,,,,,,,,,,,,,,,,,R100,24504,0,,,,,0,0,,0,,,,,,,DE,A,,,R100,R1,,,,2,,,0,,,,,191.17,,,,,,,,,,,,,,,,,1386.0,,0,,2000-04-27,,,,,,,,,,,,,,,,,,,,,,0,,,,,,,,,,,,,,,,,,,,0,0,,0,0,,,,,,,,,,,,,0,,,0,0,,,,,,L,False,2021-05-19 21:29:25.722817+00:00
800,90019901,6,0,7.0,ST,1.0,1.0,ST,,7.0,7.0,,,,,,,2000-04-27,2000-04-27,0.51129,1194.83,,0,I000001TFz,6,2,,0,,R100016,Tuner X300,,,R1134,DLN,,,,,R1,1,R110,DE,,,,1.0,,,,,,,,,,X,,,,,,,,,,,R1,,D020740,2000-05-22,13:45:31,,,1.0,1562.75,1386.0,1386.0,1194.83,1386.0,,,1.0,,,,,,,,,,,,,,,,,R100,24504,0,,,,,0,0,,0,,,,,,,DE,A,,,R100,R1,,,,2,,,0,,,,,191.17,,,,,,,,,,,,,,,,,1386.0,,0,,2000-04-27,,,,,,,,,,,,,,,,,,,,,,0,,,,,,,,,,,,,,,,,,,,0,0,,0,0,,,,,,,,,,,,,0,,,0,0,,,,,,I,False,2021-04-06 06:55:04.491202+00:00
800,90019907,6,0,9.0,ST,1.0,1.0,ST,,9.0,9.0,,,,,,,2000-04-12,2000-04-12,0.51129,1536.21,,0,I000001TG8,6,2,,0,,R100016,Tuner X300,,,R1134,DLN,,,,,R1,1,R110,DE,,,,1.0,,,,,,,,,,X,,,,,,,,,,,R1,,D020740,2000-05-22,13:50:21,,,1.0,2009.25,1782.0,1782.0,1536.21,1782.0,,,1.0,,,,,,,,,,,,,,,,,R100,24558,0,,,,,0,0,,0,,,,,,,DE,A,,,R100,R1,,,,2,,,0,,,,,245.79,,,,,,,,,,,,,,,,,1782.0,,0,,2000-04-12,,,,,,,,,,,,,,,,,,,,,,0,,,,,,,,,,,,,,,,,,,,0,0,,0,0,,,,,,,,,,,,,0,,,0,0,,,,,,L,False,2021-05-19 21:29:25.722817+00:00
800,90019907,6,0,9.0,ST,1.0,1.0,ST,,9.0,9.0,,,,,,,2000-04-12,2000-04-12,0.51129,1536.21,,0,I000001TG8,6,2,,0,,R100016,Tuner X300,,,R1134,DLN,,,,,R1,1,R110,DE,,,,1.0,,,,,,,,,,X,,,,,,,,,,,R1,,D020740,2000-05-22,13:50:21,,,1.0,2009.25,1782.0,1782.0,1536.21,1782.0,,,1.0,,,,,,,,,,,,,,,,,R100,24558,0,,,,,0,0,,0,,,,,,,DE,A,,,R100,R1,,,,2,,,0,,,,,245.79,,,,,,,,,,,,,,,,,1782.0,,0,,2000-04-12,,,,,,,,,,,,,,,,,,,,,,0,,,,,,,,,,,,,,,,,,,,0,0,,0,0,,,,,,,,,,,,,0,,,0,0,,,,,,I,False,2021-04-06 06:55:04.491202+00:00
800,90020010,6,0,7.0,ST,1.0,1.0,ST,,7.0,7.0,,,,,,,2000-05-23,2000-05-23,0.51129,1194.83,,0,I000001THn,6,2,,0,,R100016,Tuner X300,,,R1134,DLN,,,,,R1,1,R110,DE,,,,1.0,,,,,,,,,,X,,,,,,,,,,,R1,,HAMED,2000-05-23,05:07:31,,,1.0,1562.75,1386.0,1386.0,1194.83,1386.0,,,1.0,,,,,,,,,,,,,,,,,R100,24685,0,,,,,0,0,,0,,,,,,,DE,A,,,R100,R1,,,,2,,,0,,,,,191.17,,,,,,,,,,,,,,,,,1386.0,,0,,2000-05-23,,,,,,,,,,,,,,,,,,,,,,0,,,,,,,,,,,,,,,,,,,,0,0,,0,0,,,,,,,,,,,,,0,,,0,0,,,,,,I,False,2021-04-06 06:55:20.086219+00:00
800,90020010,6,0,7.0,ST,1.0,1.0,ST,,7.0,7.0,,,,,,,2000-05-23,2000-05-23,0.51129,1194.83,,0,I000001THn,6,2,,0,,R100016,Tuner X300,,,R1134,DLN,,,,,R1,1,R110,DE,,,,1.0,,,,,,,,,,X,,,,,,,,,,,R1,,HAMED,2000-05-23,05:07:31,,,1.0,1562.75,1386.0,1386.0,1194.83,1386.0,,,1.0,,,,,,,,,,,,,,,,,R100,24685,0,,,,,0,0,,0,,,,,,,DE,A,,,R100,R1,,,,2,,,0,,,,,191.17,,,,,,,,,,,,,,,,,1386.0,,0,,2000-05-23,,,,,,,,,,,,,,,,,,,,,,0,,,,,,,,,,,,,,,,,,,,0,0,,0,0,,,,,,,,,,,,,0,,,0,0,,,,,,L,False,2021-05-19 21:30:22.971523+00:00
800,90020117,6,0,9.0,ST,1.0,1.0,ST,,9.0,9.0,,,,,,,2000-05-25,2000-05-25,0.51129,1536.21,,0,I000001TJW,6,2,,0,,R100016,Tuner X300,,,R1134,DLN,,,,,R1,1,R110,DE,,,,1.0,,,,,,,,,,X,,,,,,,,,,,R1,,HAMED,2000-05-25,05:04:57,,,1.0,2009.25,1782.0,1782.0,1536.21,1782.0,,,1.0,,,,,,,,,,,,,,,,,R100,24911,0,,,,,0,0,,0,,,,,,,DE,A,,,R100,R1,,,,2,,,0,,,,,245.79,,,,,,,,,,,,,,,,,1782.0,,0,,2000-05-25,,,,,,,,,,,,,,,,,,,,,,0,,,,,,,,,,,,,,,,,,,,0,0,,0,0,,,,,,,,,,,,,0,,,0,0,,,,,,I,False,2021-04-06 06:55:20.086219+00:00
800,90020117,6,0,9.0,ST,1.0,1.0,ST,,9.0,9.0,,,,,,,2000-05-25,2000-05-25,0.51129,1536.21,,0,I000001TJW,6,2,,0,,R100016,Tuner X300,,,R1134,DLN,,,,,R1,1,R110,DE,,,,1.0,,,,,,,,,,X,,,,,,,,,,,R1,,HAMED,2000-05-25,05:04:57,,,1.0,2009.25,1782.0,1782.0,1536.21,1782.0,,,1.0,,,,,,,,,,,,,,,,,R100,24911,0,,,,,0,0,,0,,,,,,,DE,A,,,R100,R1,,,,2,,,0,,,,,245.79,,,,,,,,,,,,,,,,,1782.0,,0,,2000-05-25,,,,,,,,,,,,,,,,,,,,,,0,,,,,,,,,,,,,,,,,,,,0,0,,0,0,,,,,,,,,,,,,0,,,0,0,,,,,,L,False,2021-05-19 21:30:22.971523+00:00
800,90020194,6,0,9.0,ST,1.0,1.0,ST,,9.0,9.0,,,,,,,2000-05-29,2000-05-29,0.51129,1536.21,,0,I000001Tlt,6,2,,0,,R100016,Tuner X300,,,R1134,DLN,,,,,R1,1,R110,DE,,,,1.0,,,,,,,,,,X,,,,,,,,,,,R1,,HAMED,2000-05-29,05:06:07,,,1.0,2009.25,1782.0,1782.0,1536.21,1782.0,,,1.0,,,,,,,,,,,,,,,,,R100,25134,0,,,,,0,0,,0,,,,,,,DE,A,,,R100,R1,,,,2,,,0,,,,,245.79,,,,,,,,,,,,,,,,,1782.0,,0,,2000-05-29,,,,,,,,,,,,,,,,,,,,,,0,,,,,,,,,,,,,,,,,,,,0,0,,0,0,,,,,,,,,,,,,0,,,0,0,,,,,,L,False,2021-05-19 21:30:22.971523+00:00
800,90020194,6,0,9.0,ST,1.0,1.0,ST,,9.0,9.0,,,,,,,2000-05-29,2000-05-29,0.51129,1536.21,,0,I000001Tlt,6,2,,0,,R100016,Tuner X300,,,R1134,DLN,,,,,R1,1,R110,DE,,,,1.0,,,,,,,,,,X,,,,,,,,,,,R1,,HAMED,2000-05-29,05:06:07,,,1.0,2009.25,1782.0,1782.0,1536.21,1782.0,,,1.0,,,,,,,,,,,,,,,,,R100,25134,0,,,,,0,0,,0,,,,,,,DE,A,,,R100,R1,,,,2,,,0,,,,,245.79,,,,,,,,,,,,,,,,,1782.0,,0,,2000-05-29,,,,,,,,,,,,,,,,,,,,,,0,,,,,,,,,,,,,,,,,,,,0,0,,0,0,,,,,,,,,,,,,0,,,0,0,,,,,,I,False,2021-04-06 06:55:20.086219+00:00
800,90020493,6,0,4.0,ST,1.0,1.0,ST,,4.0,4.0,,,,,,,2000-06-09,2000-06-09,0.51129,682.76,,0,I000001U4P,6,2,,0,,R100016,Tuner X300,,,R1134,DLN,,,,,R1,1,R110,DE,,,,1.0,,,,,,,,,,X,,,,,,,,,,,R1,,HAMED,2000-06-09,05:12:47,,,1.0,893.0,792.0,792.0,682.76,792.0,,,1.0,,,,,,,,,,,,,,,,,R100,25504,0,,,,,0,0,,0,,,,,,,DE,A,,,R100,R1,,,,2,,,0,,,,,109.24,,,,,,,,,,,,,,,,,792.0,,0,,2000-06-09,,,,,,,,,,,,,,,,,,,,,,0,,,,,,,,,,,,,,,,,,,,0,0,,0,0,,,,,,,,,,,,,0,,,0,0,,,,,,L,False,2021-05-19 21:30:22.971523+00:00
800,90020493,6,0,4.0,ST,1.0,1.0,ST,,4.0,4.0,,,,,,,2000-06-09,2000-06-09,0.51129,682.76,,0,I000001U4P,6,2,,0,,R100016,Tuner X300,,,R1134,DLN,,,,,R1,1,R110,DE,,,,1.0,,,,,,,,,,X,,,,,,,,,,,R1,,HAMED,2000-06-09,05:12:47,,,1.0,893.0,792.0,792.0,682.76,792.0,,,1.0,,,,,,,,,,,,,,,,,R100,25504,0,,,,,0,0,,0,,,,,,,DE,A,,,R100,R1,,,,2,,,0,,,,,109.24,,,,,,,,,,,,,,,,,792.0,,0,,2000-06-09,,,,,,,,,,,,,,,,,,,,,,0,,,,,,,,,,,,,,,,,,,,0,0,,0,0,,,,,,,,,,,,,0,,,0,0,,,,,,I,False,2021-04-06 06:55:20.086219+00:00
800,90020571,6,0,4.0,ST,1.0,1.0,ST,,4.0,4.0,,,,,,,2000-06-14,2000-06-14,0.51129,682.76,,0,I000001UIu,6,2,,0,,R100016,Tuner X300,,,R1134,DLN,,,,,R1,1,R110,DE,,,,1.0,,,,,,,,,,X,,,,,,,,,,,R1,,HAMED,2000-06-14,05:09:16,,,1.0,893.0,792.0,792.0,682.76,792.0,,,1.0,,,,,,,,,,,,,,,,,R100,25705,0,,,,,0,0,,0,,,,,,,DE,A,,,R100,R1,,,,2,,,0,,,,,109.24,,,,,,,,,,,,,,,,,792.0,,0,,2000-06-14,,,,,,,,,,,,,,,,,,,,,,0,,,,,,,,,,,,,,,,,,,,0,0,,0,0,,,,,,,,,,,,,0,,,0,0,,,,,,I,False,2021-04-06 06:55:20.086219+00:00
800,90020571,6,0,4.0,ST,1.0,1.0,ST,,4.0,4.0,,,,,,,2000-06-14,2000-06-14,0.51129,682.76,,0,I000001UIu,6,2,,0,,R100016,Tuner X300,,,R1134,DLN,,,,,R1,1,R110,DE,,,,1.0,,,,,,,,,,X,,,,,,,,,,,R1,,HAMED,2000-06-14,05:09:16,,,1.0,893.0,792.0,792.0,682.76,792.0,,,1.0,,,,,,,,,,,,,,,,,R100,25705,0,,,,,0,0,,0,,,,,,,DE,A,,,R100,R1,,,,2,,,0,,,,,109.24,,,,,,,,,,,,,,,,,792.0,,0,,2000-06-14,,,,,,,,,,,,,,,,,,,,,,0,,,,,,,,,,,,,,,,,,,,0,0,,0,0,,,,,,,,,,,,,0,,,0,0,,,,,,L,False,2021-05-19 21:30:22.971523+00:00
800,90020655,6,0,4.0,ST,1.0,1.0,ST,,4.0,4.0,,,,,,,2000-06-16,2000-06-16,0.51129,682.76,,0,I000001UKA,6,2,,0,,R100016,Tuner X300,,,R1134,DLN,,,,,R1,1,R110,DE,,,,1.0,,,,,,,,,,X,,,,,,,,,,,R1,,HAMED,2000-06-16,05:11:12,,,1.0,893.0,792.0,792.0,682.76,792.0,,,1.0,,,,,,,,,,,,,,,,,R100,25831,0,,,,,0,0,,0,,,,,,,DE,A,,,R100,R1,,,,2,,,0,,,,,109.24,,,,,,,,,,,,,,,,,792.0,,0,,2000-06-16,,,,,,,,,,,,,,,,,,,,,,0,,,,,,,,,,,,,,,,,,,,0,0,,0,0,,,,,,,,,,,,,0,,,0,0,,,,,,L,False,2021-05-19 21:30:22.971523+00:00
800,90020655,6,0,4.0,ST,1.0,1.0,ST,,4.0,4.0,,,,,,,2000-06-16,2000-06-16,0.51129,682.76,,0,I000001UKA,6,2,,0,,R100016,Tuner X300,,,R1134,DLN,,,,,R1,1,R110,DE,,,,1.0,,,,,,,,,,X,,,,,,,,,,,R1,,HAMED,2000-06-16,05:11:12,,,1.0,893.0,792.0,792.0,682.76,792.0,,,1.0,,,,,,,,,,,,,,,,,R100,25831,0,,,,,0,0,,0,,,,,,,DE,A,,,R100,R1,,,,2,,,0,,,,,109.24,,,,,,,,,,,,,,,,,792.0,,0,,2000-06-16,,,,,,,,,,,,,,,,,,,,,,0,,,,,,,,,,,,,,,,,,,,0,0,,0,0,,,,,,,,,,,,,0,,,0,0,,,,,,I,False,2021-04-06 06:55:20.086219+00:00
800,90020753,6,0,4.0,ST,1.0,1.0,ST,,4.0,4.0,,,,,,,2000-06-20,2000-06-20,0.51129,682.76,,0,I000001UZC,6,2,,0,,R100016,Tuner X300,,,R1134,DLN,,,,,R1,1,R110,DE,,,,1.0,,,,,,,,,,X,,,,,,,,,,,R1,,HAMED,2000-06-20,05:06:47,,,1.0,893.0,792.0,792.0,682.76,792.0,,,1.0,,,,,,,,,,,,,,,,,R100,26005,0,,,,,0,0,,0,,,,,,,DE,A,,,R100,R1,,,,2,,,0,,,,,109.24,,,,,,,,,,,,,,,,,792.0,,0,,2000-06-20,,,,,,,,,,,,,,,,,,,,,,0,,,,,,,,,,,,,,,,,,,,0,0,,0,0,,,,,,,,,,,,,0,,,0,0,,,,,,I,False,2021-04-06 06:55:20.086219+00:00
800,90020753,6,0,4.0,ST,1.0,1.0,ST,,4.0,4.0,,,,,,,2000-06-20,2000-06-20,0.51129,682.76,,0,I000001UZC,6,2,,0,,R100016,Tuner X300,,,R1134,DLN,,,,,R1,1,R110,DE,,,,1.0,,,,,,,,,,X,,,,,,,,,,,R1,,HAMED,2000-06-20,05:06:47,,,1.0,893.0,792.0,792.0,682.76,792.0,,,1.0,,,,,,,,,,,,,,,,,R100,26005,0,,,,,0,0,,0,,,,,,,DE,A,,,R100,R1,,,,2,,,0,,,,,109.24,,,,,,,,,,,,,,,,,792.0,,0,,2000-06-20,,,,,,,,,,,,,,,,,,,,,,0,,,,,,,,,,,,,,,,,,,,0,0,,0,0,,,,,,,,,,,,,0,,,0,0,,,,,,L,False,2021-05-19 21:30:22.971523+00:00
800,90020810,6,0,6.0,ST,1.0,1.0,ST,,6.0,6.0,,,,,,,2000-06-26,2000-06-26,0.51129,1024.14,,0,I000001Upa,6,2,,0,,R100016,Tuner X300,,,R1134,DLN,,,,,R1,1,R110,DE,,,,1.0,,,,,,,,,,X,,,,,,,,,,,R1,,D020740,2000-06-26,10:21:10,,,1.0,1339.5,1188.0,1188.0,1024.14,1188.0,,,1.0,,,,,,,,,,,,,,,,,R100,26133,0,,,,,0,0,,0,,,,,,,DE,A,,,R100,R1,,,,2,,,0,,,,,163.86,,,,,,,,,,,,,,,,,1188.0,,0,,2000-06-26,,,,,,,,,,,,,,,,,,,,,,0,,,,,,,,,,,,,,,,,,,,0,0,,0,0,,,,,,,,,,,,,0,,,0,0,,,,,,L,False,2021-05-19 21:29:25.722817+00:00
800,90020810,6,0,6.0,ST,1.0,1.0,ST,,6.0,6.0,,,,,,,2000-06-26,2000-06-26,0.51129,1024.14,,0,I000001Upa,6,2,,0,,R100016,Tuner X300,,,R1134,DLN,,,,,R1,1,R110,DE,,,,1.0,,,,,,,,,,X,,,,,,,,,,,R1,,D020740,2000-06-26,10:21:10,,,1.0,1339.5,1188.0,1188.0,1024.14,1188.0,,,1.0,,,,,,,,,,,,,,,,,R100,26133,0,,,,,0,0,,0,,,,,,,DE,A,,,R100,R1,,,,2,,,0,,,,,163.86,,,,,,,,,,,,,,,,,1188.0,,0,,2000-06-26,,,,,,,,,,,,,,,,,,,,,,0,,,,,,,,,,,,,,,,,,,,0,0,,0,0,,,,,,,,,,,,,0,,,0,0,,,,,,I,False,2021-04-06 06:55:04.491202+00:00
800,90020885,6,0,6.0,ST,1.0,1.0,ST,,6.0,6.0,,,,,,,2000-06-27,2000-06-27,0.51129,1024.14,,0,I000001Usq,6,2,,0,,R100016,Tuner X300,,,R1134,DLN,,,,,R1,1,R110,DE,,,,1.0,,,,,,,,,,X,,,,,,,,,,,R1,,HAMED,2000-06-27,05:13:06,,,1.0,1339.5,1188.0,1188.0,1024.14,1188.0,,,1.0,,,,,,,,,,,,,,,,,R100,26232,0,,,,,0,0,,0,,,,,,,DE,A,,,R100,R1,,,,2,,,0,,,,,163.86,,,,,,,,,,,,,,,,,1188.0,,0,,2000-06-27,,,,,,,,,,,,,,,,,,,,,,0,,,,,,,,,,,,,,,,,,,,0,0,,0,0,,,,,,,,,,,,,0,,,0,0,,,,,,L,False,2021-05-19 21:29:25.722817+00:00
800,90020885,6,0,6.0,ST,1.0,1.0,ST,,6.0,6.0,,,,,,,2000-06-27,2000-06-27,0.51129,1024.14,,0,I000001Usq,6,2,,0,,R100016,Tuner X300,,,R1134,DLN,,,,,R1,1,R110,DE,,,,1.0,,,,,,,,,,X,,,,,,,,,,,R1,,HAMED,2000-06-27,05:13:06,,,1.0,1339.5,1188.0,1188.0,1024.14,1188.0,,,1.0,,,,,,,,,,,,,,,,,R100,26232,0,,,,,0,0,,0,,,,,,,DE,A,,,R100,R1,,,,2,,,0,,,,,163.86,,,,,,,,,,,,,,,,,1188.0,,0,,2000-06-27,,,,,,,,,,,,,,,,,,,,,,0,,,,,,,,,,,,,,,,,,,,0,0,,0,0,,,,,,,,,,,,,0,,,0,0,,,,,,I,False,2021-04-06 06:55:04.491202+00:00
800,90020964,6,0,11.0,ST,1.0,1.0,ST,,11.0,11.0,,,,,,,2000-06-29,2000-06-29,0.51129,1877.59,,0,I000001Uv4,6,2,,0,,R100016,Tuner X300,,,R1134,DLN,,,,,R1,1,R110,DE,,,,1.0,,,,,,,,,,X,,,,,,,,,,,R1,,HAMED,2000-06-29,05:09:45,,,1.0,2455.75,2178.0,2178.0,1877.59,2178.0,,,1.0,,,,,,,,,,,,,,,,,R100,26358,0,,,,,0,0,,0,,,,,,,DE,A,,,R100,R1,,,,2,,,0,,,,,300.41,,,,,,,,,,,,,,,,,2178.0,,0,,2000-06-29,,,,,,,,,,,,,,,,,,,,,,0,,,,,,,,,,,,,,,,,,,,0,0,,0,0,,,,,,,,,,,,,0,,,0,0,,,,,,I,False,2021-04-06 06:55:20.086219+00:00
800,90020964,6,0,11.0,ST,1.0,1.0,ST,,11.0,11.0,,,,,,,2000-06-29,2000-06-29,0.51129,1877.59,,0,I000001Uv4,6,2,,0,,R100016,Tuner X300,,,R1134,DLN,,,,,R1,1,R110,DE,,,,1.0,,,,,,,,,,X,,,,,,,,,,,R1,,HAMED,2000-06-29,05:09:45,,,1.0,2455.75,2178.0,2178.0,1877.59,2178.0,,,1.0,,,,,,,,,,,,,,,,,R100,26358,0,,,,,0,0,,0,,,,,,,DE,A,,,R100,R1,,,,2,,,0,,,,,300.41,,,,,,,,,,,,,,,,,2178.0,,0,,2000-06-29,,,,,,,,,,,,,,,,,,,,,,0,,,,,,,,,,,,,,,,,,,,0,0,,0,0,,,,,,,,,,,,,0,,,0,0,,,,,,L,False,2021-05-19 21:30:22.971523+00:00
800,90021029,6,0,6.0,ST,1.0,1.0,ST,,6.0,6.0,,,,,,,2000-06-20,2000-06-20,0.51129,1024.14,,0,I000001Vqb,6,2,,0,,R100016,Tuner X300,,,R1134,DLN,,,,,R1,1,R110,DE,,,,1.0,,,,,,,,,,X,,,,,,,,,,,R1,,D020740,2000-07-05,11:27:18,,,1.0,1339.5,1188.0,1188.0,1024.14,1188.0,,,1.0,,,,,,,,,,,,,,,,,R100,26733,0,,,,,0,0,,0,,,,,,,DE,A,,,R100,R1,,,,2,,,0,,,,,163.86,,,,,,,,,,,,,,,,,1188.0,,0,,2000-06-20,,,,,,,,,,,,,,,,,,,,,,0,,,,,,,,,,,,,,,,,,,,0,0,,0,0,,,,,,,,,,,,,0,,,0,0,,,,,,I,False,2021-04-06 06:55:04.491202+00:00
800,90021029,6,0,6.0,ST,1.0,1.0,ST,,6.0,6.0,,,,,,,2000-06-20,2000-06-20,0.51129,1024.14,,0,I000001Vqb,6,2,,0,,R100016,Tuner X300,,,R1134,DLN,,,,,R1,1,R110,DE,,,,1.0,,,,,,,,,,X,,,,,,,,,,,R1,,D020740,2000-07-05,11:27:18,,,1.0,1339.5,1188.0,1188.0,1024.14,1188.0,,,1.0,,,,,,,,,,,,,,,,,R100,26733,0,,,,,0,0,,0,,,,,,,DE,A,,,R100,R1,,,,2,,,0,,,,,163.86,,,,,,,,,,,,,,,,,1188.0,,0,,2000-06-20,,,,,,,,,,,,,,,,,,,,,,0,,,,,,,,,,,,,,,,,,,,0,0,,0,0,,,,,,,,,,,,,0,,,0,0,,,,,,L,False,2021-05-19 21:29:25.722817+00:00
800,90021228,6,0,6.0,ST,1.0,1.0,ST,,6.0,6.0,,,,,,,2000-07-20,2000-07-20,1.0,1024.14,,0,I000001WtV,6,2,,0,,R100016,Tuner X300,,,R1134,DLN,,,,,R1,1,R110,DE,,,,1.0,,,,,,,,,,X,,,,,,,,,,,R1,,HAMED,2000-07-20,15:54:31,,,1.0,1339.55,1188.0,1188.0,1024.14,1188.0,,,1.0,,,,,,,,,,,,,,,,,R100,27134,0,,,,,0,0,,0,,,,,,,DE,A,,,R100,R1,,,,2,,,0,,,,,163.86,,,,,,,,,,,,,,,,,1188.0,,0,,2000-07-20,,,,,,,,,,,,,,,,,,,,,,0,,,,,,,,,,,,,,,,,,,,0,0,,0,0,,,,,,,,,,,,,0,,,0,0,,,,,,L,False,2021-05-19 21:29:25.722817+00:00
800,90021228,6,0,6.0,ST,1.0,1.0,ST,,6.0,6.0,,,,,,,2000-07-20,2000-07-20,1.0,1024.14,,0,I000001WtV,6,2,,0,,R100016,Tuner X300,,,R1134,DLN,,,,,R1,1,R110,DE,,,,1.0,,,,,,,,,,X,,,,,,,,,,,R1,,HAMED,2000-07-20,15:54:31,,,1.0,1339.55,1188.0,1188.0,1024.14,1188.0,,,1.0,,,,,,,,,,,,,,,,,R100,27134,0,,,,,0,0,,0,,,,,,,DE,A,,,R100,R1,,,,2,,,0,,,,,163.86,,,,,,,,,,,,,,,,,1188.0,,0,,2000-07-20,,,,,,,,,,,,,,,,,,,,,,0,,,,,,,,,,,,,,,,,,,,0,0,,0,0,,,,,,,,,,,,,0,,,0,0,,,,,,I,False,2021-04-06 06:55:04.491202+00:00
800,90021306,6,0,9.0,ST,1.0,1.0,ST,,9.0,9.0,,,,,,,2000-07-24,2000-07-24,1.0,1536.21,,0,I000001X9Z,6,2,,0,,R100016,Tuner X300,,,R1134,DLN,,,,,R1,1,R110,DE,,,,1.0,,,,,,,,,,X,,,,,,,,,,,R1,,HAMED,2000-07-24,02:17:21,,,1.0,1941.38,1782.0,1782.0,1536.21,1782.0,,,1.0,,,,,,,,,,,,,,,,,R100,27334,0,,,,,0,0,,0,,,,,,,DE,A,,,R100,R1,,,,2,,,0,,,,,245.79,,,,,,,,,,,,,,,,,1782.0,,0,,2000-07-24,,,,,,,,,,,,,,,,,,,,,,0,,,,,,,,,,,,,,,,,,,,0,0,,0,0,,,,,,,,,,,,,0,,,0,0,,,,,,I,False,2021-04-06 06:55:20.086219+00:00
800,90021306,6,0,9.0,ST,1.0,1.0,ST,,9.0,9.0,,,,,,,2000-07-24,2000-07-24,1.0,1536.21,,0,I000001X9Z,6,2,,0,,R100016,Tuner X300,,,R1134,DLN,,,,,R1,1,R110,DE,,,,1.0,,,,,,,,,,X,,,,,,,,,,,R1,,HAMED,2000-07-24,02:17:21,,,1.0,1941.38,1782.0,1782.0,1536.21,1782.0,,,1.0,,,,,,,,,,,,,,,,,R100,27334,0,,,,,0,0,,0,,,,,,,DE,A,,,R100,R1,,,,2,,,0,,,,,245.79,,,,,,,,,,,,,,,,,1782.0,,0,,2000-07-24,,,,,,,,,,,,,,,,,,,,,,0,,,,,,,,,,,,,,,,,,,,0,0,,0,0,,,,,,,,,,,,,0,,,0,0,,,,,,L,False,2021-05-19 21:30:22.971523+00:00
800,90021390,6,0,9.0,ST,1.0,1.0,ST,,9.0,9.0,,,,,,,2000-07-26,2000-07-26,1.0,1536.21,,0,I000001XPh,6,2,,0,,R100016,Tuner X300,,,R1134,DLN,,,,,R1,1,R110,DE,,,,1.0,,,,,,,,,,X,,,,,,,,,,,R1,,HAMED,2000-07-26,02:15:32,,,1.0,1837.7,1782.0,1782.0,1536.21,1782.0,,,1.0,,,,,,,,,,,,,,,,,R100,27534,0,,,,,0,0,,0,,,,,,,DE,A,,,R100,R1,,,,2,,,0,,,,,245.79,,,,,,,,,,,,,,,,,1782.0,,0,,2000-07-26,,,,,,,,,,,,,,,,,,,,,,0,,,,,,,,,,,,,,,,,,,,0,0,,0,0,,,,,,,,,,,,,0,,,0,0,,,,,,L,False,2021-05-19 21:30:22.971523+00:00
800,90021390,6,0,9.0,ST,1.0,1.0,ST,,9.0,9.0,,,,,,,2000-07-26,2000-07-26,1.0,1536.21,,0,I000001XPh,6,2,,0,,R100016,Tuner X300,,,R1134,DLN,,,,,R1,1,R110,DE,,,,1.0,,,,,,,,,,X,,,,,,,,,,,R1,,HAMED,2000-07-26,02:15:32,,,1.0,1837.7,1782.0,1782.0,1536.21,1782.0,,,1.0,,,,,,,,,,,,,,,,,R100,27534,0,,,,,0,0,,0,,,,,,,DE,A,,,R100,R1,,,,2,,,0,,,,,245.79,,,,,,,,,,,,,,,,,1782.0,,0,,2000-07-26,,,,,,,,,,,,,,,,,,,,,,0,,,,,,,,,,,,,,,,,,,,0,0,,0,0,,,,,,,,,,,,,0,,,0,0,,,,,,I,False,2021-04-06 06:55:20.086219+00:00
800,90021524,6,0,9.0,ST,1.0,1.0,ST,,9.0,9.0,,,,,,,2000-07-28,2000-07-28,1.0,1536.21,,0,I000001Xga,6,2,,0,,R100016,Tuner X300,,,R1134,DLN,,,,,R1,1,R110,DE,,,,1.0,,,,,,,,,,X,,,,,,,,,,,R1,,HAMED,2000-07-28,02:03:32,,,1.0,1733.67,1782.0,1782.0,1536.21,1782.0,,,1.0,,,,,,,,,,,,,,,,,R100,27705,0,,,,,0,0,,0,,,,,,,DE,A,,,R100,R1,,,,2,,,0,,,,,245.79,,,,,,,,,,,,,,,,,1782.0,,0,,2000-07-28,,,,,,,,,,,,,,,,,,,,,,0,,,,,,,,,,,,,,,,,,,,0,0,,0,0,,,,,,,,,,,,,0,,,0,0,,,,,,L,False,2021-05-19 21:30:22.971523+00:00
800,90021524,6,0,9.0,ST,1.0,1.0,ST,,9.0,9.0,,,,,,,2000-07-28,2000-07-28,1.0,1536.21,,0,I000001Xga,6,2,,0,,R100016,Tuner X300,,,R1134,DLN,,,,,R1,1,R110,DE,,,,1.0,,,,,,,,,,X,,,,,,,,,,,R1,,HAMED,2000-07-28,02:03:32,,,1.0,1733.67,1782.0,1782.0,1536.21,1782.0,,,1.0,,,,,,,,,,,,,,,,,R100,27705,0,,,,,0,0,,0,,,,,,,DE,A,,,R100,R1,,,,2,,,0,,,,,245.79,,,,,,,,,,,,,,,,,1782.0,,0,,2000-07-28,,,,,,,,,,,,,,,,,,,,,,0,,,,,,,,,,,,,,,,,,,,0,0,,0,0,,,,,,,,,,,,,0,,,0,0,,,,,,I,False,2021-04-06 06:55:20.086219+00:00
800,90021605,6,0,9.0,ST,1.0,1.0,ST,,9.0,9.0,,,,,,,2000-07-24,2000-07-24,1.0,1536.21,,0,I000001YEI,6,2,,0,,R100016,Tuner X300,,,R1134,DLN,,,,,R1,1,R110,DE,,,,1.0,,,,,,,,,,X,,,,,,,,,,,R1,,D020740,2000-08-01,11:35:25,,,1.0,1629.46,1782.0,1782.0,1536.21,1782.0,,,1.0,,,,,,,,,,,,,,,,,R100,27956,0,,,,,0,0,,0,,,,,,,DE,A,,,R100,R1,,,,2,,,0,,,,,245.79,,,,,,,,,,,,,,,,,1782.0,,0,,2000-07-24,,,,,,,,,,,,,,,,,,,,,,0,,,,,,,,,,,,,,,,,,,,0,0,,0,0,,,,,,,,,,,,,0,,,0,0,,,,,,L,False,2021-05-19 21:30:22.971523+00:00
800,90021605,6,0,9.0,ST,1.0,1.0,ST,,9.0,9.0,,,,,,,2000-07-24,2000-07-24,1.0,1536.21,,0,I000001YEI,6,2,,0,,R100016,Tuner X300,,,R1134,DLN,,,,,R1,1,R110,DE,,,,1.0,,,,,,,,,,X,,,,,,,,,,,R1,,D020740,2000-08-01,11:35:25,,,1.0,1629.46,1782.0,1782.0,1536.21,1782.0,,,1.0,,,,,,,,,,,,,,,,,R100,27956,0,,,,,0,0,,0,,,,,,,DE,A,,,R100,R1,,,,2,,,0,,,,,245.79,,,,,,,,,,,,,,,,,1782.0,,0,,2000-07-24,,,,,,,,,,,,,,,,,,,,,,0,,,,,,,,,,,,,,,,,,,,0,0,,0,0,,,,,,,,,,,,,0,,,0,0,,,,,,I,False,2021-04-06 06:55:20.086219+00:00
800,90021733,6,0,9.0,ST,1.0,1.0,ST,,9.0,9.0,,,,,,,2000-08-08,2000-08-08,1.0,3250.87,,0,I000001YT4,6,2,,0,,R100016,Tuner X300,,,R1134,DLN,,,,,R1,1,R110,DE,,,,1.0,,,,,,,,,,X,,,,,,,,,,,R1,,HAMED,2000-08-08,02:13:51,,,1.0,1646.54,3771.0,3771.0,3250.87,3771.0,,,1.0,,,,,,,,,,,,,,,,,R100,28172,0,,,,,0,0,,0,,,,,,,DE,A,,,R100,R1,,,,2,,,0,,,,,520.13,,,,,,,,,,,,,,,,,3771.0,,0,,2000-08-08,,,,,,,,,,,,,,,,,,,,,,0,,,,,,,,,,,,,,,,,,,,0,0,,0,0,,,,,,,,,,,,,0,,,0,0,,,,,,I,False,2021-04-06 06:55:20.086219+00:00
800,90021733,6,0,9.0,ST,1.0,1.0,ST,,9.0,9.0,,,,,,,2000-08-08,2000-08-08,1.0,3250.87,,0,I000001YT4,6,2,,0,,R100016,Tuner X300,,,R1134,DLN,,,,,R1,1,R110,DE,,,,1.0,,,,,,,,,,X,,,,,,,,,,,R1,,HAMED,2000-08-08,02:13:51,,,1.0,1646.54,3771.0,3771.0,3250.87,3771.0,,,1.0,,,,,,,,,,,,,,,,,R100,28172,0,,,,,0,0,,0,,,,,,,DE,A,,,R100,R1,,,,2,,,0,,,,,520.13,,,,,,,,,,,,,,,,,3771.0,,0,,2000-08-08,,,,,,,,,,,,,,,,,,,,,,0,,,,,,,,,,,,,,,,,,,,0,0,,0,0,,,,,,,,,,,,,0,,,0,0,,,,,,L,False,2021-05-19 21:30:22.971523+00:00
800,90021805,6,0,9.0,ST,1.0,1.0,ST,,9.0,9.0,,,,,,,2000-08-10,2000-08-10,1.0,3250.87,,0,I000001YUK,6,2,,0,,R100016,Tuner X300,,,R1134,DLN,,,,,R1,1,R110,DE,,,,1.0,,,,,,,,,,X,,,,,,,,,,,R1,,HAMED,2000-08-10,02:09:43,,,1.0,1563.28,3771.0,3771.0,3250.87,3771.0,,,1.0,,,,,,,,,,,,,,,,,R100,28286,0,,,,,0,0,,0,,,,,,,DE,A,,,R100,R1,,,,2,,,0,,,,,520.13,,,,,,,,,,,,,,,,,3771.0,,0,,2000-08-10,,,,,,,,,,,,,,,,,,,,,,0,,,,,,,,,,,,,,,,,,,,0,0,,0,0,,,,,,,,,,,,,0,,,0,0,,,,,,I,False,2021-04-06 06:55:20.086219+00:00
800,90021805,6,0,9.0,ST,1.0,1.0,ST,,9.0,9.0,,,,,,,2000-08-10,2000-08-10,1.0,3250.87,,0,I000001YUK,6,2,,0,,R100016,Tuner X300,,,R1134,DLN,,,,,R1,1,R110,DE,,,,1.0,,,,,,,,,,X,,,,,,,,,,,R1,,HAMED,2000-08-10,02:09:43,,,1.0,1563.28,3771.0,3771.0,3250.87,3771.0,,,1.0,,,,,,,,,,,,,,,,,R100,28286,0,,,,,0,0,,0,,,,,,,DE,A,,,R100,R1,,,,2,,,0,,,,,520.13,,,,,,,,,,,,,,,,,3771.0,,0,,2000-08-10,,,,,,,,,,,,,,,,,,,,,,0,,,,,,,,,,,,,,,,,,,,0,0,,0,0,,,,,,,,,,,,,0,,,0,0,,,,,,L,False,2021-05-19 21:30:22.971523+00:00
800,90021881,6,0,9.0,ST,1.0,1.0,ST,,9.0,9.0,,,,,,,2000-08-14,2000-08-14,1.0,3250.87,,0,I000001YiL,6,2,,0,,R100016,Tuner X300,,,R1134,DLN,,,,,R1,1,R110,DE,,,,1.0,,,,,,,,,,X,,,,,,,,,,,R1,,HAMED,2000-08-14,02:30:36,,,1.0,1479.84,3771.0,3771.0,3250.87,3771.0,,,1.0,,,,,,,,,,,,,,,,,R100,28434,0,,,,,0,0,,0,,,,,,,DE,A,,,R100,R1,,,,2,,,0,,,,,520.13,,,,,,,,,,,,,,,,,3771.0,,0,,2000-08-14,,,,,,,,,,,,,,,,,,,,,,0,,,,,,,,,,,,,,,,,,,,0,0,,0,0,,,,,,,,,,,,,0,,,0,0,,,,,,I,False,2021-04-06 06:55:20.086219+00:00
800,90021881,6,0,9.0,ST,1.0,1.0,ST,,9.0,9.0,,,,,,,2000-08-14,2000-08-14,1.0,3250.87,,0,I000001YiL,6,2,,0,,R100016,Tuner X300,,,R1134,DLN,,,,,R1,1,R110,DE,,,,1.0,,,,,,,,,,X,,,,,,,,,,,R1,,HAMED,2000-08-14,02:30:36,,,1.0,1479.84,3771.0,3771.0,3250.87,3771.0,,,1.0,,,,,,,,,,,,,,,,,R100,28434,0,,,,,0,0,,0,,,,,,,DE,A,,,R100,R1,,,,2,,,0,,,,,520.13,,,,,,,,,,,,,,,,,3771.0,,0,,2000-08-14,,,,,,,,,,,,,,,,,,,,,,0,,,,,,,,,,,,,,,,,,,,0,0,,0,0,,,,,,,,,,,,,0,,,0,0,,,,,,L,False,2021-05-19 21:30:22.971523+00:00
800,90021973,6,0,9.0,ST,1.0,1.0,ST,,9.0,9.0,,,,,,,2000-08-16,2000-08-16,1.0,3250.87,,0,I000001Yk1,6,2,,0,,R100016,Tuner X300,,,R1134,DLN,,,,,R1,1,R110,DE,,,,1.0,,,,,,,,,,X,,,,,,,,,,,R1,,HAMED,2000-08-16,02:25:49,,,1.0,1396.05,3771.0,3771.0,3250.87,3771.0,,,1.0,,,,,,,,,,,,,,,,,R100,28548,0,,,,,0,0,,0,,,,,,,DE,A,,,R100,R1,,,,2,,,0,,,,,520.13,,,,,,,,,,,,,,,,,3771.0,,0,,2000-08-16,,,,,,,,,,,,,,,,,,,,,,0,,,,,,,,,,,,,,,,,,,,0,0,,0,0,,,,,,,,,,,,,0,,,0,0,,,,,,I,False,2021-04-06 06:55:20.086219+00:00
800,90021973,6,0,9.0,ST,1.0,1.0,ST,,9.0,9.0,,,,,,,2000-08-16,2000-08-16,1.0,3250.87,,0,I000001Yk1,6,2,,0,,R100016,Tuner X300,,,R1134,DLN,,,,,R1,1,R110,DE,,,,1.0,,,,,,,,,,X,,,,,,,,,,,R1,,HAMED,2000-08-16,02:25:49,,,1.0,1396.05,3771.0,3771.0,3250.87,3771.0,,,1.0,,,,,,,,,,,,,,,,,R100,28548,0,,,,,0,0,,0,,,,,,,DE,A,,,R100,R1,,,,2,,,0,,,,,520.13,,,,,,,,,,,,,,,,,3771.0,,0,,2000-08-16,,,,,,,,,,,,,,,,,,,,,,0,,,,,,,,,,,,,,,,,,,,0,0,,0,0,,,,,,,,,,,,,0,,,0,0,,,,,,L,False,2021-05-19 21:30:22.971523+00:00
800,90022045,6,0,9.0,ST,1.0,1.0,ST,,9.0,9.0,,,,,,,2000-08-18,2000-08-18,1.0,3250.87,,0,I000001Ylj,6,2,,0,,R100016,Tuner X300,,,R1134,DLN,,,,,R1,1,R110,DE,,,,1.0,,,,,,,,,,X,,,,,,,,,,,R1,,HAMED,2000-08-18,02:04:30,,,1.0,1312.09,3771.0,3771.0,3250.87,3771.0,,,1.0,,,,,,,,,,,,,,,,,R100,28662,0,,,,,0,0,,0,,,,,,,DE,A,,,R100,R1,,,,2,,,0,,,,,520.13,,,,,,,,,,,,,,,,,3771.0,,0,,2000-08-18,,,,,,,,,,,,,,,,,,,,,,0,,,,,,,,,,,,,,,,,,,,0,0,,0,0,,,,,,,,,,,,,0,,,0,0,,,,,,I,False,2021-04-06 06:55:20.086219+00:00
800,90022045,6,0,9.0,ST,1.0,1.0,ST,,9.0,9.0,,,,,,,2000-08-18,2000-08-18,1.0,3250.87,,0,I000001Ylj,6,2,,0,,R100016,Tuner X300,,,R1134,DLN,,,,,R1,1,R110,DE,,,,1.0,,,,,,,,,,X,,,,,,,,,,,R1,,HAMED,2000-08-18,02:04:30,,,1.0,1312.09,3771.0,3771.0,3250.87,3771.0,,,1.0,,,,,,,,,,,,,,,,,R100,28662,0,,,,,0,0,,0,,,,,,,DE,A,,,R100,R1,,,,2,,,0,,,,,520.13,,,,,,,,,,,,,,,,,3771.0,,0,,2000-08-18,,,,,,,,,,,,,,,,,,,,,,0,,,,,,,,,,,,,,,,,,,,0,0,,0,0,,,,,,,,,,,,,0,,,0,0,,,,,,L,False,2021-05-19 21:30:22.971523+00:00
800,90022121,6,0,9.0,ST,1.0,1.0,ST,,9.0,9.0,,,,,,,2000-08-22,2000-08-22,1.0,3250.87,,0,I000001YzN,6,2,,0,,R100016,Tuner X300,,,R1134,DLN,,,,,R1,1,R110,DE,,,,1.0,,,,,,,,,,X,,,,,,,,,,,R1,,HAMED,2000-08-22,02:17:49,,,1.0,1227.77,3771.0,3771.0,3250.87,3771.0,,,1.0,,,,,,,,,,,,,,,,,R100,28799,0,,,,,0,0,,0,,,,,,,DE,A,,,R100,R1,,,,2,,,0,,,,,520.13,,,,,,,,,,,,,,,,,3771.0,,0,,2000-08-22,,,,,,,,,,,,,,,,,,,,,,0,,,,,,,,,,,,,,,,,,,,0,0,,0,0,,,,,,,,,,,,,0,,,0,0,,,,,,I,False,2021-04-06 06:55:20.086219+00:00
800,90022121,6,0,9.0,ST,1.0,1.0,ST,,9.0,9.0,,,,,,,2000-08-22,2000-08-22,1.0,3250.87,,0,I000001YzN,6,2,,0,,R100016,Tuner X300,,,R1134,DLN,,,,,R1,1,R110,DE,,,,1.0,,,,,,,,,,X,,,,,,,,,,,R1,,HAMED,2000-08-22,02:17:49,,,1.0,1227.77,3771.0,3771.0,3250.87,3771.0,,,1.0,,,,,,,,,,,,,,,,,R100,28799,0,,,,,0,0,,0,,,,,,,DE,A,,,R100,R1,,,,2,,,0,,,,,520.13,,,,,,,,,,,,,,,,,3771.0,,0,,2000-08-22,,,,,,,,,,,,,,,,,,,,,,0,,,,,,,,,,,,,,,,,,,,0,0,,0,0,,,,,,,,,,,,,0,,,0,0,,,,,,L,False,2021-05-19 21:30:22.971523+00:00
800,90022197,6,0,9.0,ST,1.0,1.0,ST,,9.0,9.0,,,,,,,2000-08-24,2000-08-24,1.0,3250.87,,0,I000001Z0m,6,2,,0,,R100016,Tuner X300,,,R1134,DLN,,,,,R1,1,R110,DE,,,,1.0,,,,,,,,,,X,,,,,,,,,,,R1,,HAMED,2000-08-24,02:06:20,,,1.0,1143.28,3771.0,3771.0,3250.87,3771.0,,,1.0,,,,,,,,,,,,,,,,,R100,28924,0,,,,,0,0,,0,,,,,,,DE,A,,,R100,R1,,,,2,,,0,,,,,520.13,,,,,,,,,,,,,,,,,3771.0,,0,,2000-08-24,,,,,,,,,,,,,,,,,,,,,,0,,,,,,,,,,,,,,,,,,,,0,0,,0,0,,,,,,,,,,,,,0,,,0,0,,,,,,L,False,2021-05-19 21:30:22.971523+00:00
800,90022197,6,0,9.0,ST,1.0,1.0,ST,,9.0,9.0,,,,,,,2000-08-24,2000-08-24,1.0,3250.87,,0,I000001Z0m,6,2,,0,,R100016,Tuner X300,,,R1134,DLN,,,,,R1,1,R110,DE,,,,1.0,,,,,,,,,,X,,,,,,,,,,,R1,,HAMED,2000-08-24,02:06:20,,,1.0,1143.28,3771.0,3771.0,3250.87,3771.0,,,1.0,,,,,,,,,,,,,,,,,R100,28924,0,,,,,0,0,,0,,,,,,,DE,A,,,R100,R1,,,,2,,,0,,,,,520.13,,,,,,,,,,,,,,,,,3771.0,,0,,2000-08-24,,,,,,,,,,,,,,,,,,,,,,0,,,,,,,,,,,,,,,,,,,,0,0,,0,0,,,,,,,,,,,,,0,,,0,0,,,,,,I,False,2021-04-06 06:55:20.086219+00:00
